#include "elf.h"

static const unsigned char prog_help_elf[] = {
    0x7f, 0x45, 0x4c, 0x46, 0x01, 0x01, 0x01, 0x00, 0x00, 0x00, 0x00, 0x00,
    0x00, 0x00, 0x00, 0x00, 0x02, 0x00, 0x03, 0x00, 0x01, 0x00, 0x00, 0x00,
    0x00, 0x00, 0x00, 0x01, 0x34, 0x00, 0x00, 0x00, 0x14, 0x10, 0x00, 0x00,
    0x00, 0x00, 0x00, 0x00, 0x34, 0x00, 0x20, 0x00, 0x02, 0x00, 0x28, 0x00,
    0x0a, 0x00, 0x09, 0x00, 0x01, 0x00, 0x00, 0x00, 0x80, 0x00, 0x00, 0x00,
    0x00, 0x00, 0x00, 0x01, 0x00, 0x00, 0x00, 0x01, 0x64, 0x0b, 0x00, 0x00,
    0x64, 0x0b, 0x00, 0x00, 0x07, 0x00, 0x00, 0x00, 0x10, 0x00, 0x00, 0x00,
    0x51, 0xe5, 0x74, 0x64, 0x00, 0x00, 0x00, 0x00, 0x00, 0x00, 0x00, 0x00,
    0x00, 0x00, 0x00, 0x00, 0x00, 0x00, 0x00, 0x00, 0x00, 0x00, 0x00, 0x00,
    0x06, 0x00, 0x00, 0x00, 0x10, 0x00, 0x00, 0x00, 0x00, 0x00, 0x00, 0x00,
    0x00, 0x00, 0x00, 0x00, 0x00, 0x00, 0x00, 0x00, 0x57, 0x56, 0x53, 0x31,
    0xdb, 0x89, 0xde, 0x89, 0xdf, 0xe8, 0xc2, 0x04, 0x00, 0x00, 0xb8, 0x10,
    0x00, 0x00, 0x00, 0x89, 0xd9, 0x89, 0xda, 0xcd, 0x80, 0xeb, 0xfe, 0x2e,
    0x8d, 0x74, 0x26, 0x00, 0x31, 0xc0, 0x57, 0x89, 0xc1, 0x56, 0x89, 0xc2,
    0x89, 0xc6, 0x53, 0x89, 0xc7, 0x8b, 0x5c, 0x24, 0x10, 0xcd, 0x80, 0x5b,
    0x5e, 0x5f, 0xc3, 0x90, 0x2e, 0x8d, 0xb4, 0x26, 0x00, 0x00, 0x00, 0x00,
    0x31, 0xc9, 0x57, 0xb8, 0x01, 0x00, 0x00, 0x00, 0x56, 0x89, 0xca, 0x89,
    0xce, 0x89, 0xcf, 0x53, 0x8b, 0x5c, 0x24, 0x10, 0xcd, 0x80, 0x5b, 0x5e,
    0x5f, 0xc3, 0x8d, 0xb6, 0x00, 0x00, 0x00, 0x00, 0x31, 0xc9, 0x57, 0xb8,
    0x02, 0x00, 0x00, 0x00, 0x56, 0x89, 0xca, 0x89, 0xce, 0x89, 0xcf, 0x53,
    0x8b, 0x5c, 0x24, 0x10, 0xcd, 0x80, 0x5b, 0x5e, 0x5f, 0xc3, 0x8d, 0xb6,
    0x00, 0x00, 0x00, 0x00, 0x31, 0xc9, 0x57, 0xb8, 0x03, 0x00, 0x00, 0x00,
    0x56, 0x89, 0xca, 0x89, 0xce, 0x89, 0xcf, 0x53, 0x0f, 0xbe, 0x5c, 0x24,
    0x10, 0xcd, 0x80, 0x5b, 0x5e, 0x5f, 0xc3, 0x2e, 0x8d, 0x74, 0x26, 0x00,
    0x57, 0xb8, 0x04, 0x00, 0x00, 0x00, 0x56, 0x31, 0xf6, 0x53, 0x89, 0xf7,
    0x8b, 0x4c, 0x24, 0x14, 0x8b, 0x54, 0x24, 0x18, 0x8b, 0x5c, 0x24, 0x10,
    0xcd, 0x80, 0x5b, 0x5e, 0x5f, 0xc3, 0x66, 0x90, 0x57, 0xb8, 0x05, 0x00,
    0x00, 0x00, 0x56, 0x31, 0xf6, 0x53, 0x89, 0xf7, 0x8b, 0x4c, 0x24, 0x14,
    0x8b, 0x54, 0x24, 0x18, 0x8b, 0x5c, 0x24, 0x10, 0xcd, 0x80, 0x5b, 0x5e,
    0x5f, 0xc3, 0x66, 0x90, 0x31, 0xc9, 0x57, 0xb8, 0x06, 0x00, 0x00, 0x00,
    0x56, 0x89, 0xca, 0x89, 0xce, 0x89, 0xcf, 0x53, 0x8b, 0x5c, 0x24, 0x10,
    0xcd, 0x80, 0x5b, 0x5e, 0x5f, 0xc3, 0x8d, 0xb6, 0x00, 0x00, 0x00, 0x00,
    0x31, 0xc9, 0x57, 0xb8, 0x07, 0x00, 0x00, 0x00, 0x56, 0x89, 0xca, 0x89,
    0xce, 0x89, 0xcf, 0x53, 0x8b, 0x5c, 0x24, 0x10, 0xcd, 0x80, 0x5b, 0x5e,
    0x5f, 0xc3, 0x8d, 0xb6, 0x00, 0x00, 0x00, 0x00, 0x31, 0xc9, 0x57, 0xb8,
    0x08, 0x00, 0x00, 0x00, 0x56, 0x89, 0xca, 0x89, 0xce, 0x89, 0xcf, 0x53,
    0x8b, 0x5c, 0x24, 0x10, 0xcd, 0x80, 0x5b, 0x5e, 0x5f, 0xc3, 0x8d, 0xb6,
    0x00, 0x00, 0x00, 0x00, 0x57, 0xb8, 0x09, 0x00, 0x00, 0x00, 0x56, 0x31,
    0xf6, 0x53, 0x89, 0xf7, 0x8b, 0x4c, 0x24, 0x14, 0x8b, 0x54, 0x24, 0x18,
    0x8b, 0x5c, 0x24, 0x10, 0xcd, 0x80, 0x5b, 0x5e, 0x5f, 0xc3, 0x66, 0x90,
    0x57, 0xb8, 0x0a, 0x00, 0x00, 0x00, 0x56, 0x53, 0x31, 0xdb, 0x89, 0xd9,
    0x89, 0xda, 0x89, 0xde, 0x89, 0xdf, 0xcd, 0x80, 0x5b, 0x5e, 0x5f, 0xc3,
    0x2e, 0x8d, 0xb4, 0x26, 0x00, 0x00, 0x00, 0x00, 0x57, 0xb8, 0x0b, 0x00,
    0x00, 0x00, 0x56, 0x53, 0x31, 0xdb, 0x89, 0xd9, 0x89, 0xda, 0x89, 0xde,
    0x89, 0xdf, 0xcd, 0x80, 0x5b, 0x5e, 0x5f, 0xc3, 0x2e, 0x8d, 0xb4, 0x26,
    0x00, 0x00, 0x00, 0x00, 0x57, 0xb8, 0x0c, 0x00, 0x00, 0x00, 0x56, 0x53,
    0x31, 0xdb, 0x89, 0xd9, 0x89, 0xda, 0x89, 0xde, 0x89, 0xdf, 0xcd, 0x80,
    0x5b, 0x5e, 0x5f, 0xc3, 0x2e, 0x8d, 0xb4, 0x26, 0x00, 0x00, 0x00, 0x00,
    0x57, 0xb8, 0x0d, 0x00, 0x00, 0x00, 0x56, 0x53, 0x31, 0xdb, 0x89, 0xd9,
    0x89, 0xda, 0x89, 0xde, 0x89, 0xdf, 0xcd, 0x80, 0x5b, 0x5e, 0x5f, 0xc3,
    0x2e, 0x8d, 0xb4, 0x26, 0x00, 0x00, 0x00, 0x00, 0x57, 0xb8, 0x0e, 0x00,
    0x00, 0x00, 0x56, 0x53, 0x31, 0xdb, 0x89, 0xd9, 0x89, 0xda, 0x89, 0xde,
    0x89, 0xdf, 0xcd, 0x80, 0x5b, 0x5e, 0x5f, 0xc3, 0x2e, 0x8d, 0xb4, 0x26,
    0x00, 0x00, 0x00, 0x00, 0x31, 0xd2, 0x57, 0xb8, 0x0f, 0x00, 0x00, 0x00,
    0x56, 0x89, 0xd7, 0x89, 0xd6, 0x53, 0x8b, 0x4c, 0x24, 0x14, 0x8b, 0x5c,
    0x24, 0x10, 0xcd, 0x80, 0x5b, 0x5e, 0x5f, 0xc3, 0x8d, 0x74, 0x26, 0x00,
    0x57, 0xb8, 0x10, 0x00, 0x00, 0x00, 0x56, 0x53, 0x31, 0xdb, 0x89, 0xd9,
    0x89, 0xda, 0x89, 0xde, 0x89, 0xdf, 0xcd, 0x80, 0xeb, 0xfe, 0x66, 0x90,
    0x2e, 0x8d, 0xb4, 0x26, 0x00, 0x00, 0x00, 0x00, 0x55, 0xb8, 0x11, 0x00,
    0x00, 0x00, 0x57, 0x56, 0x53, 0x31, 0xdb, 0x89, 0xd9, 0x89, 0xda, 0x89,
    0xde, 0x89, 0xdf, 0xcd, 0x80, 0x85, 0xc0, 0x79, 0x20, 0xbd, 0x12, 0x00,
    0x00, 0x00, 0x66, 0x90, 0x31, 0xdb, 0x89, 0xe8, 0x89, 0xd9, 0x89, 0xda,
    0x89, 0xde, 0x89, 0xdf, 0xcd, 0x80, 0xb8, 0x11, 0x00, 0x00, 0x00, 0xcd,
    0x80, 0x85, 0xc0, 0x78, 0xe7, 0x5b, 0x5e, 0x5f, 0x5d, 0xc3, 0x66, 0x90,
    0x57, 0xb8, 0x12, 0x00, 0x00, 0x00, 0x56, 0x53, 0x31, 0xdb, 0x89, 0xd9,
    0x89, 0xda, 0x89, 0xde, 0x89, 0xdf, 0xcd, 0x80, 0x5b, 0x5e, 0x5f, 0xc3,
    0x2e, 0x8d, 0xb4, 0x26, 0x00, 0x00, 0x00, 0x00, 0x57, 0xb8, 0x13, 0x00,
    0x00, 0x00, 0x56, 0x53, 0x31, 0xdb, 0x89, 0xd9, 0x89, 0xda, 0x89, 0xde,
    0x89, 0xdf, 0xcd, 0x80, 0x5b, 0x5e, 0x5f, 0xc3, 0x2e, 0x8d, 0xb4, 0x26,
    0x00, 0x00, 0x00, 0x00, 0x31, 0xd2, 0x57, 0xb8, 0x14, 0x00, 0x00, 0x00,
    0x56, 0x89, 0xd7, 0x89, 0xd6, 0x53, 0x8b, 0x4c, 0x24, 0x14, 0x8b, 0x5c,
    0x24, 0x10, 0xcd, 0x80, 0x5b, 0x5e, 0x5f, 0xc3, 0x8d, 0x74, 0x26, 0x00,
    0x31, 0xc9, 0x57, 0xb8, 0x15, 0x00, 0x00, 0x00, 0x56, 0x89, 0xca, 0x89,
    0xce, 0x89, 0xcf, 0x53, 0x8b, 0x5c, 0x24, 0x10, 0xcd, 0x80, 0x5b, 0x5e,
    0x5f, 0xc3, 0x8d, 0xb6, 0x00, 0x00, 0x00, 0x00, 0x57, 0xb8, 0x16, 0x00,
    0x00, 0x00, 0x56, 0x53, 0x31, 0xdb, 0x89, 0xd9, 0x89, 0xda, 0x89, 0xde,
    0x89, 0xdf, 0xcd, 0x80, 0x5b, 0x5e, 0x5f, 0xc3, 0x2e, 0x8d, 0xb4, 0x26,
    0x00, 0x00, 0x00, 0x00, 0x57, 0xb8, 0x1d, 0x00, 0x00, 0x00, 0x56, 0x53,
    0x31, 0xdb, 0x89, 0xd9, 0x89, 0xda, 0x89, 0xde, 0x89, 0xdf, 0xcd, 0x80,
    0x5b, 0x5e, 0x5f, 0xc3, 0x2e, 0x8d, 0xb4, 0x26, 0x00, 0x00, 0x00, 0x00,
    0x57, 0xb8, 0x17, 0x00, 0x00, 0x00, 0x31, 0xff, 0x56, 0x53, 0x8b, 0x4c,
    0x24, 0x14, 0x8b, 0x54, 0x24, 0x18, 0x8b, 0x5c, 0x24, 0x10, 0x8b, 0x74,
    0x24, 0x1c, 0xcd, 0x80, 0x5b, 0x5e, 0x5f, 0xc3, 0x57, 0xb8, 0x18, 0x00,
    0x00, 0x00, 0x56, 0x53, 0x8b, 0x4c, 0x24, 0x14, 0x8b, 0x54, 0x24, 0x18,
    0x8b, 0x5c, 0x24, 0x10, 0x8b, 0x74, 0x24, 0x1c, 0x8b, 0x7c, 0x24, 0x20,
    0xcd, 0x80, 0x5b, 0x5e, 0x5f, 0xc3, 0x8d, 0xb6, 0x00, 0x00, 0x00, 0x00,
    0x2e, 0x8d, 0xb4, 0x26, 0x00, 0x00, 0x00, 0x00, 0x57, 0x31, 0xc9, 0x56,
    0x89, 0xca, 0x89, 0xce, 0x89, 0xcf, 0x53, 0x83, 0xec, 0x20, 0x8b, 0x44,
    0x24, 0x30, 0x8d, 0x5c, 0x24, 0x04, 0x89, 0x44, 0x24, 0x04, 0x8b, 0x44,
    0x24, 0x34, 0x89, 0x44, 0x24, 0x08, 0x8b, 0x44, 0x24, 0x38, 0x89, 0x44,
    0x24, 0x0c, 0x8b, 0x44, 0x24, 0x3c, 0x89, 0x44, 0x24, 0x10, 0x8b, 0x44,
    0x24, 0x40, 0x89, 0x44, 0x24, 0x14, 0x8b, 0x44, 0x24, 0x44, 0x89, 0x44,
    0x24, 0x18, 0x8b, 0x44, 0x24, 0x48, 0x89, 0x44, 0x24, 0x1c, 0xb8, 0x19,
    0x00, 0x00, 0x00, 0xcd, 0x80, 0x83, 0xc4, 0x20, 0x5b, 0x5e, 0x5f, 0xc3,
    0x2e, 0x8d, 0xb4, 0x26, 0x00, 0x00, 0x00, 0x00, 0x57, 0x31, 0xc9, 0x56,
    0x89, 0xca, 0x89, 0xce, 0x89, 0xcf, 0x53, 0x83, 0xec, 0x20, 0x8b, 0x44,
    0x24, 0x30, 0x8d, 0x5c, 0x24, 0x04, 0x89, 0x44, 0x24, 0x04, 0x8b, 0x44,
    0x24, 0x34, 0x89, 0x44, 0x24, 0x08, 0x8b, 0x44, 0x24, 0x38, 0x89, 0x44,
    0x24, 0x0c, 0x8b, 0x44, 0x24, 0x3c, 0x89, 0x44, 0x24, 0x10, 0x8b, 0x44,
    0x24, 0x40, 0x89, 0x44, 0x24, 0x14, 0x8b, 0x44, 0x24, 0x44, 0x89, 0x44,
    0x24, 0x18, 0x8b, 0x44, 0x24, 0x48, 0x89, 0x44, 0x24, 0x1c, 0xb8, 0x1a,
    0x00, 0x00, 0x00, 0xcd, 0x80, 0x83, 0xc4, 0x20, 0x5b, 0x5e, 0x5f, 0xc3,
    0x2e, 0x8d, 0xb4, 0x26, 0x00, 0x00, 0x00, 0x00, 0x31, 0xc9, 0x57, 0xb8,
    0x1b, 0x00, 0x00, 0x00, 0x56, 0x89, 0xca, 0x89, 0xce, 0x89, 0xcf, 0x53,
    0x8b, 0x5c, 0x24, 0x10, 0xcd, 0x80, 0x5b, 0x5e, 0x5f, 0xc3, 0x8d, 0xb6,
    0x00, 0x00, 0x00, 0x00, 0x57, 0xb8, 0x1c, 0x00, 0x00, 0x00, 0x56, 0x31,
    0xf6, 0x53, 0x89, 0xf7, 0x8b, 0x4c, 0x24, 0x14, 0x8b, 0x54, 0x24, 0x18,
    0x8b, 0x5c, 0x24, 0x10, 0xcd, 0x80, 0x5b, 0x5e, 0x5f, 0xc3, 0x66, 0x90,
    0x8b, 0x44, 0x24, 0x04, 0x8b, 0x15, 0x60, 0x0b, 0x00, 0x01, 0x83, 0xc0,
    0x0f, 0x83, 0xe0, 0xf0, 0x01, 0xd0, 0x3d, 0x00, 0x00, 0x80, 0x01, 0x77,
    0x0f, 0xa3, 0x60, 0x0b, 0x00, 0x01, 0x89, 0xd0, 0xc3, 0x8d, 0xb4, 0x26,
    0x00, 0x00, 0x00, 0x00, 0x31, 0xd2, 0x89, 0xd0, 0xc3, 0x8d, 0x76, 0x00,
    0xc3, 0x00, 0x00, 0x00, 0x00, 0x00, 0x00, 0x00, 0x00, 0x00, 0x00, 0x00,
    0x00, 0x00, 0x00, 0x00, 0x8d, 0x4c, 0x24, 0x04, 0x83, 0xe4, 0xf0, 0xff,
    0x71, 0xfc, 0x55, 0x89, 0xe5, 0x57, 0x56, 0x8d, 0x7d, 0xc8, 0x8d, 0x75,
    0xcc, 0x53, 0x31, 0xdb, 0x51, 0x83, 0xec, 0x34, 0x68, 0x48, 0x0b, 0x00,
    0x01, 0xe8, 0x2a, 0xfb, 0xff, 0xff, 0x83, 0xc4, 0x10, 0x8d, 0xb4, 0x26,
    0x00, 0x00, 0x00, 0x00, 0x83, 0xec, 0x04, 0x57, 0x56, 0x53, 0xe8, 0x35,
    0xfc, 0xff, 0xff, 0x83, 0xc4, 0x10, 0x85, 0xc0, 0x78, 0x4e, 0x83, 0xec,
    0x0c, 0x68, 0x5d, 0x0b, 0x00, 0x01, 0xe8, 0x01, 0xfb, 0xff, 0xff, 0x0f,
    0xb6, 0x55, 0xcc, 0x83, 0xc4, 0x10, 0x89, 0xf0, 0x84, 0xd2, 0x75, 0x0f,
    0xeb, 0x12, 0x66, 0x90, 0x0f, 0xb6, 0x50, 0x01, 0x83, 0xc0, 0x01, 0x84,
    0xd2, 0x74, 0x05, 0x80, 0xfa, 0x2f, 0x75, 0xf0, 0x80, 0xfa, 0x2f, 0x0f,
    0x94, 0xc2, 0x83, 0xec, 0x0c, 0x83, 0xc3, 0x01, 0x0f, 0xb6, 0xd2, 0x01,
    0xd0, 0x50, 0xe8, 0xc9, 0xfa, 0xff, 0xff, 0x83, 0xc4, 0x10, 0xeb, 0xa4,
    0x8d, 0x74, 0x26, 0x00, 0x8d, 0x65, 0xf0, 0x59, 0x5b, 0x5e, 0x5f, 0x5d,
    0x8d, 0x61, 0xfc, 0xc3, 0x14, 0x00, 0x00, 0x00, 0x00, 0x00, 0x00, 0x00,
    0x01, 0x7a, 0x52, 0x00, 0x01, 0x7c, 0x08, 0x01, 0x1b, 0x0c, 0x04, 0x04,
    0x88, 0x01, 0x00, 0x00, 0x1c, 0x00, 0x00, 0x00, 0x1c, 0x00, 0x00, 0x00,
    0x74, 0xfa, 0xff, 0xff, 0x1b, 0x00, 0x00, 0x00, 0x00, 0x41, 0x0e, 0x08,
    0x87, 0x02, 0x41, 0x0e, 0x0c, 0x86, 0x03, 0x41, 0x0e, 0x10, 0x83, 0x04,
    0x28, 0x00, 0x00, 0x00, 0x3c, 0x00, 0x00, 0x00, 0x74, 0xfa, 0xff, 0xff,
    0x17, 0x00, 0x00, 0x00, 0x00, 0x43, 0x0e, 0x08, 0x87, 0x02, 0x43, 0x0e,
    0x0c, 0x86, 0x03, 0x45, 0x0e, 0x10, 0x83, 0x04, 0x49, 0xc3, 0x0e, 0x0c,
    0x41, 0xc6, 0x0e, 0x08, 0x41, 0xc7, 0x0e, 0x04, 0x28, 0x00, 0x00, 0x00,
    0x68, 0x00, 0x00, 0x00, 0x68, 0xfa, 0xff, 0xff, 0x1a, 0x00, 0x00, 0x00,
    0x00, 0x43, 0x0e, 0x08, 0x87, 0x02, 0x46, 0x0e, 0x0c, 0x86, 0x03, 0x47,
    0x0e, 0x10, 0x83, 0x04, 0x47, 0xc3, 0x0e, 0x0c, 0x41, 0xc6, 0x0e, 0x08,
    0x41, 0xc7, 0x0e, 0x04, 0x28, 0x00, 0x00, 0x00, 0x94, 0x00, 0x00, 0x00,
    0x5c, 0xfa, 0xff, 0xff, 0x1a, 0x00, 0x00, 0x00, 0x00, 0x43, 0x0e, 0x08,
    0x87, 0x02, 0x46, 0x0e, 0x0c, 0x86, 0x03, 0x47, 0x0e, 0x10, 0x83, 0x04,
    0x47, 0xc3, 0x0e, 0x0c, 0x41, 0xc6, 0x0e, 0x08, 0x41, 0xc7, 0x0e, 0x04,
    0x28, 0x00, 0x00, 0x00, 0xc0, 0x00, 0x00, 0x00, 0x50, 0xfa, 0xff, 0xff,
    0x1b, 0x00, 0x00, 0x00, 0x00, 0x43, 0x0e, 0x08, 0x87, 0x02, 0x46, 0x0e,
    0x0c, 0x86, 0x03, 0x47, 0x0e, 0x10, 0x83, 0x04, 0x48, 0xc3, 0x0e, 0x0c,
    0x41, 0xc6, 0x0e, 0x08, 0x41, 0xc7, 0x0e, 0x04, 0x28, 0x00, 0x00, 0x00,
    0xec, 0x00, 0x00, 0x00, 0x44, 0xfa, 0xff, 0xff, 0x1e, 0x00, 0x00, 0x00,
    0x00, 0x41, 0x0e, 0x08, 0x87, 0x02, 0x46, 0x0e, 0x0c, 0x86, 0x03, 0x43,
    0x0e, 0x10, 0x83, 0x04, 0x51, 0xc3, 0x0e, 0x0c, 0x41, 0xc6, 0x0e, 0x08,
    0x41, 0xc7, 0x0e, 0x04, 0x28, 0x00, 0x00, 0x00, 0x18, 0x01, 0x00, 0x00,
    0x38, 0xfa, 0xff, 0xff, 0x1e, 0x00, 0x00, 0x00, 0x00, 0x41, 0x0e, 0x08,
    0x87, 0x02, 0x46, 0x0e, 0x0c, 0x86, 0x03, 0x43, 0x0e, 0x10, 0x83, 0x04,
    0x51, 0xc3, 0x0e, 0x0c, 0x41, 0xc6, 0x0e, 0x08, 0x41, 0xc7, 0x0e, 0x04,
    0x28, 0x00, 0x00, 0x00, 0x44, 0x01, 0x00, 0x00, 0x2c, 0xfa, 0xff, 0xff,
    0x1a, 0x00, 0x00, 0x00, 0x00, 0x43, 0x0e, 0x08, 0x87, 0x02, 0x46, 0x0e,
    0x0c, 0x86, 0x03, 0x47, 0x0e, 0x10, 0x83, 0x04, 0x47, 0xc3, 0x0e, 0x0c,
    0x41, 0xc6, 0x0e, 0x08, 0x41, 0xc7, 0x0e, 0x04, 0x28, 0x00, 0x00, 0x00,
    0x70, 0x01, 0x00, 0x00, 0x20, 0xfa, 0xff, 0xff, 0x1a, 0x00, 0x00, 0x00,
    0x00, 0x43, 0x0e, 0x08, 0x87, 0x02, 0x46, 0x0e, 0x0c, 0x86, 0x03, 0x47,
    0x0e, 0x10, 0x83, 0x04, 0x47, 0xc3, 0x0e, 0x0c, 0x41, 0xc6, 0x0e, 0x08,
    0x41, 0xc7, 0x0e, 0x04, 0x28, 0x00, 0x00, 0x00, 0x9c, 0x01, 0x00, 0x00,
    0x14, 0xfa, 0xff, 0xff, 0x1a, 0x00, 0x00, 0x00, 0x00, 0x43, 0x0e, 0x08,
    0x87, 0x02, 0x46, 0x0e, 0x0c, 0x86, 0x03, 0x47, 0x0e, 0x10, 0x83, 0x04,
    0x47, 0xc3, 0x0e, 0x0c, 0x41, 0xc6, 0x0e, 0x08, 0x41, 0xc7, 0x0e, 0x04,
    0x28, 0x00, 0x00, 0x00, 0xc8, 0x01, 0x00, 0x00, 0x08, 0xfa, 0xff, 0xff,
    0x1e, 0x00, 0x00, 0x00, 0x00, 0x41, 0x0e, 0x08, 0x87, 0x02, 0x46, 0x0e,
    0x0c, 0x86, 0x03, 0x43, 0x0e, 0x10, 0x83, 0x04, 0x51, 0xc3, 0x0e, 0x0c,
    0x41, 0xc6, 0x0e, 0x08, 0x41, 0xc7, 0x0e, 0x04, 0x28, 0x00, 0x00, 0x00,
    0xf4, 0x01, 0x00, 0x00, 0xfc, 0xf9, 0xff, 0xff, 0x18, 0x00, 0x00, 0x00,
    0x00, 0x41, 0x0e, 0x08, 0x87, 0x02, 0x46, 0x0e, 0x0c, 0x86, 0x03, 0x41,
    0x0e, 0x10, 0x83, 0x04, 0x4d, 0xc3, 0x0e, 0x0c, 0x41, 0xc6, 0x0e, 0x08,
    0x41, 0xc7, 0x0e, 0x04, 0x28, 0x00, 0x00, 0x00, 0x20, 0x02, 0x00, 0x00,
    0xf0, 0xf9, 0xff, 0xff, 0x18, 0x00, 0x00, 0x00, 0x00, 0x41, 0x0e, 0x08,
    0x87, 0x02, 0x46, 0x0e, 0x0c, 0x86, 0x03, 0x41, 0x0e, 0x10, 0x83, 0x04,
    0x4d, 0xc3, 0x0e, 0x0c, 0x41, 0xc6, 0x0e, 0x08, 0x41, 0xc7, 0x0e, 0x04,
    0x28, 0x00, 0x00, 0x00, 0x4c, 0x02, 0x00, 0x00, 0xe4, 0xf9, 0xff, 0xff,
    0x18, 0x00, 0x00, 0x00, 0x00, 0x41, 0x0e, 0x08, 0x87, 0x02, 0x46, 0x0e,
    0x0c, 0x86, 0x03, 0x41, 0x0e, 0x10, 0x83, 0x04, 0x4d, 0xc3, 0x0e, 0x0c,
    0x41, 0xc6, 0x0e, 0x08, 0x41, 0xc7, 0x0e, 0x04, 0x28, 0x00, 0x00, 0x00,
    0x78, 0x02, 0x00, 0x00, 0xd8, 0xf9, 0xff, 0xff, 0x18, 0x00, 0x00, 0x00,
    0x00, 0x41, 0x0e, 0x08, 0x87, 0x02, 0x46, 0x0e, 0x0c, 0x86, 0x03, 0x41,
    0x0e, 0x10, 0x83, 0x04, 0x4d, 0xc3, 0x0e, 0x0c, 0x41, 0xc6, 0x0e, 0x08,
    0x41, 0xc7, 0x0e, 0x04, 0x28, 0x00, 0x00, 0x00, 0xa4, 0x02, 0x00, 0x00,
    0xcc, 0xf9, 0xff, 0xff, 0x18, 0x00, 0x00, 0x00, 0x00, 0x41, 0x0e, 0x08,
    0x87, 0x02, 0x46, 0x0e, 0x0c, 0x86, 0x03, 0x41, 0x0e, 0x10, 0x83, 0x04,
    0x4d, 0xc3, 0x0e, 0x0c, 0x41, 0xc6, 0x0e, 0x08, 0x41, 0xc7, 0x0e, 0x04,
    0x28, 0x00, 0x00, 0x00, 0xd0, 0x02, 0x00, 0x00, 0xc0, 0xf9, 0xff, 0xff,
    0x1c, 0x00, 0x00, 0x00, 0x00, 0x43, 0x0e, 0x08, 0x87, 0x02, 0x46, 0x0e,
    0x0c, 0x86, 0x03, 0x45, 0x0e, 0x10, 0x83, 0x04, 0x4b, 0xc3, 0x0e, 0x0c,
    0x41, 0xc6, 0x0e, 0x08, 0x41, 0xc7, 0x0e, 0x04, 0x1c, 0x00, 0x00, 0x00,
    0xfc, 0x02, 0x00, 0x00, 0xb4, 0xf9, 0xff, 0xff, 0x16, 0x00, 0x00, 0x00,
    0x00, 0x41, 0x0e, 0x08, 0x87, 0x02, 0x46, 0x0e, 0x0c, 0x86, 0x03, 0x41,
    0x0e, 0x10, 0x83, 0x04, 0x34, 0x00, 0x00, 0x00, 0x1c, 0x03, 0x00, 0x00,
    0xb4, 0xf9, 0xff, 0xff, 0x3e, 0x00, 0x00, 0x00, 0x00, 0x41, 0x0e, 0x08,
    0x85, 0x02, 0x46, 0x0e, 0x0c, 0x87, 0x03, 0x41, 0x0e, 0x10, 0x86, 0x04,
    0x41, 0x0e, 0x14, 0x83, 0x05, 0x71, 0xc3, 0x0e, 0x10, 0x41, 0xc6, 0x0e,
    0x0c, 0x41, 0xc7, 0x0e, 0x08, 0x41, 0xc5, 0x0e, 0x04, 0x00, 0x00, 0x00,
    0x28, 0x00, 0x00, 0x00, 0x54, 0x03, 0x00, 0x00, 0xbc, 0xf9, 0xff, 0xff,
    0x18, 0x00, 0x00, 0x00, 0x00, 0x41, 0x0e, 0x08, 0x87, 0x02, 0x46, 0x0e,
    0x0c, 0x86, 0x03, 0x41, 0x0e, 0x10, 0x83, 0x04, 0x4d, 0xc3, 0x0e, 0x0c,
    0x41, 0xc6, 0x0e, 0x08, 0x41, 0xc7, 0x0e, 0x04, 0x28, 0x00, 0x00, 0x00,
    0x80, 0x03, 0x00, 0x00, 0xb0, 0xf9, 0xff, 0xff, 0x18, 0x00, 0x00, 0x00,
    0x00, 0x41, 0x0e, 0x08, 0x87, 0x02, 0x46, 0x0e, 0x0c, 0x86, 0x03, 0x41,
    0x0e, 0x10, 0x83, 0x04, 0x4d, 0xc3, 0x0e, 0x0c, 0x41, 0xc6, 0x0e, 0x08,
    0x41, 0xc7, 0x0e, 0x04, 0x28, 0x00, 0x00, 0x00, 0xac, 0x03, 0x00, 0x00,
    0xa4, 0xf9, 0xff, 0xff, 0x1c, 0x00, 0x00, 0x00, 0x00, 0x43, 0x0e, 0x08,
    0x87, 0x02, 0x46, 0x0e, 0x0c, 0x86, 0x03, 0x45, 0x0e, 0x10, 0x83, 0x04,
    0x4b, 0xc3, 0x0e, 0x0c, 0x41, 0xc6, 0x0e, 0x08, 0x41, 0xc7, 0x0e, 0x04,
    0x28, 0x00, 0x00, 0x00, 0xd8, 0x03, 0x00, 0x00, 0x98, 0xf9, 0xff, 0xff,
    0x1a, 0x00, 0x00, 0x00, 0x00, 0x43, 0x0e, 0x08, 0x87, 0x02, 0x46, 0x0e,
    0x0c, 0x86, 0x03, 0x47, 0x0e, 0x10, 0x83, 0x04, 0x47, 0xc3, 0x0e, 0x0c,
    0x41, 0xc6, 0x0e, 0x08, 0x41, 0xc7, 0x0e, 0x04, 0x28, 0x00, 0x00, 0x00,
    0x04, 0x04, 0x00, 0x00, 0x8c, 0xf9, 0xff, 0xff, 0x18, 0x00, 0x00, 0x00,
    0x00, 0x41, 0x0e, 0x08, 0x87, 0x02, 0x46, 0x0e, 0x0c, 0x86, 0x03, 0x41,
    0x0e, 0x10, 0x83, 0x04, 0x4d, 0xc3, 0x0e, 0x0c, 0x41, 0xc6, 0x0e, 0x08,
    0x41, 0xc7, 0x0e, 0x04, 0x28, 0x00, 0x00, 0x00, 0x30, 0x04, 0x00, 0x00,
    0x80, 0xf9, 0xff, 0xff, 0x18, 0x00, 0x00, 0x00, 0x00, 0x41, 0x0e, 0x08,
    0x87, 0x02, 0x46, 0x0e, 0x0c, 0x86, 0x03, 0x41, 0x0e, 0x10, 0x83, 0x04,
    0x4d, 0xc3, 0x0e, 0x0c, 0x41, 0xc6, 0x0e, 0x08, 0x41, 0xc7, 0x0e, 0x04,
    0x28, 0x00, 0x00, 0x00, 0x5c, 0x04, 0x00, 0x00, 0x74, 0xf9, 0xff, 0xff,
    0x20, 0x00, 0x00, 0x00, 0x00, 0x41, 0x0e, 0x08, 0x87, 0x02, 0x48, 0x0e,
    0x0c, 0x86, 0x03, 0x41, 0x0e, 0x10, 0x83, 0x04, 0x53, 0xc3, 0x0e, 0x0c,
    0x41, 0xc6, 0x0e, 0x08, 0x41, 0xc7, 0x0e, 0x04, 0x28, 0x00, 0x00, 0x00,
    0x88, 0x04, 0x00, 0x00, 0x68, 0xf9, 0xff, 0xff, 0x22, 0x00, 0x00, 0x00,
    0x00, 0x41, 0x0e, 0x08, 0x87, 0x02, 0x46, 0x0e, 0x0c, 0x86, 0x03, 0x41,
    0x0e, 0x10, 0x83, 0x04, 0x57, 0xc3, 0x0e, 0x0c, 0x41, 0xc6, 0x0e, 0x08,
    0x41, 0xc7, 0x0e, 0x04, 0x30, 0x00, 0x00, 0x00, 0xb4, 0x04, 0x00, 0x00,
    0x6c, 0xf9, 0xff, 0xff, 0x58, 0x00, 0x00, 0x00, 0x00, 0x41, 0x0e, 0x08,
    0x87, 0x02, 0x43, 0x0e, 0x0c, 0x86, 0x03, 0x47, 0x0e, 0x10, 0x83, 0x04,
    0x43, 0x0e, 0x30, 0x02, 0x46, 0x0e, 0x10, 0x41, 0xc3, 0x0e, 0x0c, 0x41,
    0xc6, 0x0e, 0x08, 0x41, 0xc7, 0x0e, 0x04, 0x00, 0x30, 0x00, 0x00, 0x00,
    0xe8, 0x04, 0x00, 0x00, 0x98, 0xf9, 0xff, 0xff, 0x58, 0x00, 0x00, 0x00,
    0x00, 0x41, 0x0e, 0x08, 0x87, 0x02, 0x43, 0x0e, 0x0c, 0x86, 0x03, 0x47,
    0x0e, 0x10, 0x83, 0x04, 0x43, 0x0e, 0x30, 0x02, 0x46, 0x0e, 0x10, 0x41,
    0xc3, 0x0e, 0x0c, 0x41, 0xc6, 0x0e, 0x08, 0x41, 0xc7, 0x0e, 0x04, 0x00,
    0x28, 0x00, 0x00, 0x00, 0x1c, 0x05, 0x00, 0x00, 0xc4, 0xf9, 0xff, 0xff,
    0x1a, 0x00, 0x00, 0x00, 0x00, 0x43, 0x0e, 0x08, 0x87, 0x02, 0x46, 0x0e,
    0x0c, 0x86, 0x03, 0x47, 0x0e, 0x10, 0x83, 0x04, 0x47, 0xc3, 0x0e, 0x0c,
    0x41, 0xc6, 0x0e, 0x08, 0x41, 0xc7, 0x0e, 0x04, 0x28, 0x00, 0x00, 0x00,
    0x48, 0x05, 0x00, 0x00, 0xb8, 0xf9, 0xff, 0xff, 0x1e, 0x00, 0x00, 0x00,
    0x00, 0x41, 0x0e, 0x08, 0x87, 0x02, 0x46, 0x0e, 0x0c, 0x86, 0x03, 0x43,
    0x0e, 0x10, 0x83, 0x04, 0x51, 0xc3, 0x0e, 0x0c, 0x41, 0xc6, 0x0e, 0x08,
    0x41, 0xc7, 0x0e, 0x04, 0x10, 0x00, 0x00, 0x00, 0x74, 0x05, 0x00, 0x00,
    0xac, 0xf9, 0xff, 0xff, 0x2d, 0x00, 0x00, 0x00, 0x00, 0x00, 0x00, 0x00,
    0x10, 0x00, 0x00, 0x00, 0x88, 0x05, 0x00, 0x00, 0xc8, 0xf9, 0xff, 0xff,
    0x01, 0x00, 0x00, 0x00, 0x00, 0x00, 0x00, 0x00, 0x40, 0x00, 0x00, 0x00,
    0x9c, 0x05, 0x00, 0x00, 0xc4, 0xf9, 0xff, 0xff, 0x9c, 0x00, 0x00, 0x00,
    0x00, 0x44, 0x0c, 0x01, 0x00, 0x49, 0x10, 0x05, 0x02, 0x75, 0x00, 0x42,
    0x10, 0x07, 0x02, 0x75, 0x7c, 0x10, 0x06, 0x02, 0x75, 0x78, 0x47, 0x10,
    0x03, 0x02, 0x75, 0x74, 0x43, 0x0f, 0x03, 0x75, 0x70, 0x06, 0x02, 0x7b,
    0xc1, 0x0c, 0x01, 0x00, 0x41, 0xc3, 0x41, 0xc6, 0x41, 0xc7, 0x41, 0xc5,
    0x43, 0x0c, 0x04, 0x04, 0x0a, 0x41, 0x76, 0x61, 0x69, 0x6c, 0x61, 0x62,
    0x6c, 0x65, 0x20, 0x63, 0x6f, 0x6d, 0x6d, 0x61, 0x6e, 0x64, 0x73, 0x3a,
    0x00, 0x20, 0x00, 0x00, 0x00, 0x00, 0x10, 0x01, 0x47, 0x43, 0x43, 0x3a,
    0x20, 0x28, 0x55, 0x62, 0x75, 0x6e, 0x74, 0x75, 0x20, 0x31, 0x35, 0x2e,
    0x32, 0x2e, 0x30, 0x2d, 0x31, 0x36, 0x75, 0x62, 0x75, 0x6e, 0x74, 0x75,
    0x31, 0x29, 0x20, 0x31, 0x35, 0x2e, 0x32, 0x2e, 0x30, 0x00, 0x00, 0x00,
    0x00, 0x00, 0x00, 0x00, 0x00, 0x00, 0x00, 0x00, 0x00, 0x00, 0x00, 0x00,
    0x00, 0x00, 0x00, 0x00, 0x01, 0x00, 0x00, 0x00, 0x00, 0x00, 0x00, 0x00,
    0x00, 0x00, 0x00, 0x00, 0x04, 0x00, 0xf1, 0xff, 0x0a, 0x00, 0x00, 0x00,
    0x60, 0x0b, 0x00, 0x01, 0x04, 0x00, 0x00, 0x00, 0x01, 0x00, 0x05, 0x00,
    0x14, 0x00, 0x00, 0x00, 0x00, 0x00, 0x00, 0x00, 0x00, 0x00, 0x00, 0x00,
    0x04, 0x00, 0xf1, 0xff, 0x1b, 0x00, 0x00, 0x00, 0x80, 0x00, 0x00, 0x01,
    0x1b, 0x00, 0x00, 0x00, 0x12, 0x00, 0x01, 0x00, 0x23, 0x00, 0x00, 0x00,
    0x50, 0x04, 0x00, 0x01, 0x1a, 0x00, 0x00, 0x00, 0x12, 0x00, 0x01, 0x00,
    0x2e, 0x00, 0x00, 0x00, 0x80, 0x02, 0x00, 0x01, 0x18, 0x00, 0x00, 0x00,
    0x12, 0x00, 0x01, 0x00, 0x34, 0x00, 0x00, 0x00, 0x20, 0x00, 0x00, 0x01,
    0x17, 0x00, 0x00, 0x00, 0x12, 0x00, 0x01, 0x00, 0x3a, 0x00, 0x00, 0x00,
    0x00, 0x01, 0x00, 0x01, 0x1a, 0x00, 0x00, 0x00, 0x12, 0x00, 0x01, 0x00,
    0x46, 0x00, 0x00, 0x00, 0xa0, 0x02, 0x00, 0x01, 0x18, 0x00, 0x00, 0x00,
    0x12, 0x00, 0x01, 0x00, 0x4d, 0x00, 0x00, 0x00, 0x00, 0x02, 0x00, 0x01,
    0x1c, 0x00, 0x00, 0x00, 0x12, 0x00, 0x01, 0x00, 0x56, 0x00, 0x00, 0x00,
    0x90, 0x04, 0x00, 0x01, 0x2d, 0x00, 0x00, 0x00, 0x12, 0x00, 0x01, 0x00,
    0x5d, 0x00, 0x00, 0x00, 0xc0, 0x02, 0x00, 0x01, 0x1c, 0x00, 0x00, 0x00,
    0x12, 0x00, 0x01, 0x00, 0x66, 0x00, 0x00, 0x00, 0x60, 0x00, 0x00, 0x01,
    0x1a, 0x00, 0x00, 0x00, 0x12, 0x00, 0x01, 0x00, 0x70, 0x00, 0x00, 0x00,
    0x00, 0x03, 0x00, 0x01, 0x18, 0x00, 0x00, 0x00, 0x12, 0x00, 0x01, 0x00,
    0x80, 0x00, 0x00, 0x00, 0x70, 0x04, 0x00, 0x01, 0x1e, 0x00, 0x00, 0x00,
    0x12, 0x00, 0x01, 0x00, 0x86, 0x00, 0x00, 0x00, 0x40, 0x01, 0x00, 0x01,
    0x1e, 0x00, 0x00, 0x00, 0x12, 0x00, 0x01, 0x00, 0x92, 0x00, 0x00, 0x00,
    0xf0, 0x03, 0x00, 0x01, 0x58, 0x00, 0x00, 0x00, 0x12, 0x00, 0x01, 0x00,
    0x9c, 0x00, 0x00, 0x00, 0x60, 0x01, 0x00, 0x01, 0x18, 0x00, 0x00, 0x00,
    0x12, 0x00, 0x01, 0x00, 0xa5, 0x00, 0x00, 0x00, 0xa0, 0x01, 0x00, 0x01,
    0x18, 0x00, 0x00, 0x00, 0x12, 0x00, 0x01, 0x00, 0xac, 0x00, 0x00, 0x00,
    0x00, 0x00, 0x00, 0x01, 0x1b, 0x00, 0x00, 0x00, 0x12, 0x00, 0x01, 0x00,
    0xb3, 0x00, 0x00, 0x00, 0xc0, 0x00, 0x00, 0x01, 0x1e, 0x00, 0x00, 0x00,
    0x12, 0x00, 0x01, 0x00, 0xbb, 0x00, 0x00, 0x00, 0xe0, 0x02, 0x00, 0x01,
    0x1a, 0x00, 0x00, 0x00, 0x12, 0x00, 0x01, 0x00, 0xc4, 0x00, 0x00, 0x00,
    0xc0, 0x01, 0x00, 0x01, 0x18, 0x00, 0x00, 0x00, 0x12, 0x00, 0x01, 0x00,
    0xca, 0x00, 0x00, 0x00, 0x90, 0x03, 0x00, 0x01, 0x58, 0x00, 0x00, 0x00,
    0x12, 0x00, 0x01, 0x00, 0xd6, 0x00, 0x00, 0x00, 0x40, 0x02, 0x00, 0x01,
    0x3e, 0x00, 0x00, 0x00, 0x12, 0x00, 0x01, 0x00, 0xdf, 0x00, 0x00, 0x00,
    0x40, 0x03, 0x00, 0x01, 0x20, 0x00, 0x00, 0x00, 0x12, 0x00, 0x01, 0x00,
    0xe9, 0x00, 0x00, 0x00, 0xd0, 0x04, 0x00, 0x01, 0x9c, 0x00, 0x00, 0x00,
    0x12, 0x00, 0x02, 0x00, 0xee, 0x00, 0x00, 0x00, 0x40, 0x00, 0x00, 0x01,
    0x1a, 0x00, 0x00, 0x00, 0x12, 0x00, 0x01, 0x00, 0xf8, 0x00, 0x00, 0x00,
    0xe0, 0x01, 0x00, 0x01, 0x18, 0x00, 0x00, 0x00, 0x12, 0x00, 0x01, 0x00,
    0x01, 0x01, 0x00, 0x00, 0xa0, 0x00, 0x00, 0x01, 0x1e, 0x00, 0x00, 0x00,
    0x12, 0x00, 0x01, 0x00, 0x0a, 0x01, 0x00, 0x00, 0x20, 0x03, 0x00, 0x01,
    0x18, 0x00, 0x00, 0x00, 0x12, 0x00, 0x01, 0x00, 0x18, 0x01, 0x00, 0x00,
    0x20, 0x01, 0x00, 0x01, 0x1a, 0x00, 0x00, 0x00, 0x12, 0x00, 0x01, 0x00,
    0x22, 0x01, 0x00, 0x00, 0xe0, 0x00, 0x00, 0x01, 0x1a, 0x00, 0x00, 0x00,
    0x12, 0x00, 0x01, 0x00, 0x2c, 0x01, 0x00, 0x00, 0x60, 0x03, 0x00, 0x01,
    0x22, 0x00, 0x00, 0x00, 0x12, 0x00, 0x01, 0x00, 0x38, 0x01, 0x00, 0x00,
    0x20, 0x02, 0x00, 0x01, 0x16, 0x00, 0x00, 0x00, 0x12, 0x00, 0x01, 0x00,
    0x3d, 0x01, 0x00, 0x00, 0x80, 0x01, 0x00, 0x01, 0x18, 0x00, 0x00, 0x00,
    0x12, 0x00, 0x01, 0x00, 0x4a, 0x01, 0x00, 0x00, 0xc0, 0x04, 0x00, 0x01,
    0x01, 0x00, 0x00, 0x00, 0x12, 0x00, 0x01, 0x00, 0x00, 0x6c, 0x69, 0x62,
    0x61, 0x6f, 0x73, 0x2e, 0x63, 0x00, 0x68, 0x65, 0x61, 0x70, 0x5f, 0x6e,
    0x65, 0x78, 0x74, 0x00, 0x68, 0x65, 0x6c, 0x70, 0x2e, 0x63, 0x00, 0x70,
    0x75, 0x74, 0x63, 0x68, 0x61, 0x72, 0x00, 0x73, 0x65, 0x74, 0x5f, 0x73,
    0x74, 0x64, 0x6f, 0x75, 0x74, 0x00, 0x79, 0x69, 0x65, 0x6c, 0x64, 0x00,
    0x70, 0x72, 0x69, 0x6e, 0x74, 0x00, 0x66, 0x73, 0x5f, 0x67, 0x65, 0x74,
    0x5f, 0x73, 0x69, 0x7a, 0x65, 0x00, 0x67, 0x65, 0x74, 0x70, 0x69, 0x64,
    0x00, 0x67, 0x65, 0x74, 0x5f, 0x61, 0x72, 0x67, 0x73, 0x00, 0x6d, 0x61,
    0x6c, 0x6c, 0x6f, 0x63, 0x00, 0x73, 0x65, 0x6e, 0x64, 0x5f, 0x6d, 0x73,
    0x67, 0x00, 0x70, 0x72, 0x69, 0x6e, 0x74, 0x5f, 0x64, 0x65, 0x63, 0x00,
    0x72, 0x65, 0x67, 0x69, 0x73, 0x74, 0x65, 0x72, 0x5f, 0x65, 0x76, 0x65,
    0x6e, 0x74, 0x73, 0x00, 0x73, 0x70, 0x61, 0x77, 0x6e, 0x00, 0x66, 0x73,
    0x5f, 0x6c, 0x69, 0x73, 0x74, 0x5f, 0x67, 0x65, 0x74, 0x00, 0x66, 0x69,
    0x6c, 0x6c, 0x5f, 0x72, 0x65, 0x63, 0x74, 0x00, 0x67, 0x65, 0x74, 0x5f,
    0x74, 0x69, 0x63, 0x6b, 0x00, 0x72, 0x65, 0x62, 0x6f, 0x6f, 0x74, 0x00,
    0x5f, 0x73, 0x74, 0x61, 0x72, 0x74, 0x00, 0x66, 0x73, 0x5f, 0x72, 0x65,
    0x61, 0x64, 0x00, 0x72, 0x65, 0x63, 0x76, 0x5f, 0x6d, 0x73, 0x67, 0x00,
    0x70, 0x61, 0x6e, 0x69, 0x63, 0x00, 0x72, 0x65, 0x6e, 0x64, 0x65, 0x72,
    0x5f, 0x74, 0x65, 0x78, 0x74, 0x00, 0x72, 0x65, 0x61, 0x64, 0x5f, 0x6b,
    0x65, 0x79, 0x00, 0x67, 0x65, 0x74, 0x5f, 0x6d, 0x6f, 0x75, 0x73, 0x65,
    0x00, 0x6d, 0x61, 0x69, 0x6e, 0x00, 0x70, 0x72, 0x69, 0x6e, 0x74, 0x5f,
    0x68, 0x65, 0x78, 0x00, 0x73, 0x68, 0x75, 0x74, 0x64, 0x6f, 0x77, 0x6e,
    0x00, 0x66, 0x73, 0x5f, 0x77, 0x72, 0x69, 0x74, 0x65, 0x00, 0x67, 0x65,
    0x74, 0x5f, 0x65, 0x76, 0x65, 0x6e, 0x74, 0x5f, 0x70, 0x69, 0x64, 0x00,
    0x66, 0x73, 0x5f, 0x65, 0x78, 0x69, 0x73, 0x74, 0x73, 0x00, 0x66, 0x73,
    0x5f, 0x64, 0x65, 0x6c, 0x65, 0x74, 0x65, 0x00, 0x67, 0x65, 0x74, 0x5f,
    0x66, 0x62, 0x5f, 0x69, 0x6e, 0x66, 0x6f, 0x00, 0x65, 0x78, 0x69, 0x74,
    0x00, 0x63, 0x6c, 0x65, 0x61, 0x72, 0x5f, 0x73, 0x63, 0x72, 0x65, 0x65,
    0x6e, 0x00, 0x66, 0x72, 0x65, 0x65, 0x00, 0x00, 0x2e, 0x73, 0x79, 0x6d,
    0x74, 0x61, 0x62, 0x00, 0x2e, 0x73, 0x74, 0x72, 0x74, 0x61, 0x62, 0x00,
    0x2e, 0x73, 0x68, 0x73, 0x74, 0x72, 0x74, 0x61, 0x62, 0x00, 0x2e, 0x74,
    0x65, 0x78, 0x74, 0x00, 0x2e, 0x74, 0x65, 0x78, 0x74, 0x2e, 0x73, 0x74,
    0x61, 0x72, 0x74, 0x75, 0x70, 0x00, 0x2e, 0x65, 0x68, 0x5f, 0x66, 0x72,
    0x61, 0x6d, 0x65, 0x00, 0x2e, 0x72, 0x6f, 0x64, 0x61, 0x74, 0x61, 0x2e,
    0x73, 0x74, 0x72, 0x31, 0x2e, 0x31, 0x00, 0x2e, 0x64, 0x61, 0x74, 0x61,
    0x00, 0x2e, 0x63, 0x6f, 0x6d, 0x6d, 0x65, 0x6e, 0x74, 0x00, 0x00, 0x00,
    0x00, 0x00, 0x00, 0x00, 0x00, 0x00, 0x00, 0x00, 0x00, 0x00, 0x00, 0x00,
    0x00, 0x00, 0x00, 0x00, 0x00, 0x00, 0x00, 0x00, 0x00, 0x00, 0x00, 0x00,
    0x00, 0x00, 0x00, 0x00, 0x00, 0x00, 0x00, 0x00, 0x00, 0x00, 0x00, 0x00,
    0x00, 0x00, 0x00, 0x00, 0x1b, 0x00, 0x00, 0x00, 0x01, 0x00, 0x00, 0x00,
    0x06, 0x00, 0x00, 0x00, 0x00, 0x00, 0x00, 0x01, 0x80, 0x00, 0x00, 0x00,
    0xc1, 0x04, 0x00, 0x00, 0x00, 0x00, 0x00, 0x00, 0x00, 0x00, 0x00, 0x00,
    0x10, 0x00, 0x00, 0x00, 0x00, 0x00, 0x00, 0x00, 0x21, 0x00, 0x00, 0x00,
    0x01, 0x00, 0x00, 0x00, 0x06, 0x00, 0x00, 0x00, 0xd0, 0x04, 0x00, 0x01,
    0x50, 0x05, 0x00, 0x00, 0x9c, 0x00, 0x00, 0x00, 0x00, 0x00, 0x00, 0x00,
    0x00, 0x00, 0x00, 0x00, 0x10, 0x00, 0x00, 0x00, 0x00, 0x00, 0x00, 0x00,
    0x2f, 0x00, 0x00, 0x00, 0x01, 0x00, 0x00, 0x00, 0x02, 0x00, 0x00, 0x00,
    0x6c, 0x05, 0x00, 0x01, 0xec, 0x05, 0x00, 0x00, 0xdc, 0x05, 0x00, 0x00,
    0x00, 0x00, 0x00, 0x00, 0x00, 0x00, 0x00, 0x00, 0x04, 0x00, 0x00, 0x00,
    0x00, 0x00, 0x00, 0x00, 0x39, 0x00, 0x00, 0x00, 0x01, 0x00, 0x00, 0x00,
    0x32, 0x00, 0x00, 0x00, 0x48, 0x0b, 0x00, 0x01, 0xc8, 0x0b, 0x00, 0x00,
    0x17, 0x00, 0x00, 0x00, 0x00, 0x00, 0x00, 0x00, 0x00, 0x00, 0x00, 0x00,
    0x01, 0x00, 0x00, 0x00, 0x01, 0x00, 0x00, 0x00, 0x48, 0x00, 0x00, 0x00,
    0x01, 0x00, 0x00, 0x00, 0x03, 0x00, 0x00, 0x00, 0x60, 0x0b, 0x00, 0x01,
    0xe0, 0x0b, 0x00, 0x00, 0x04, 0x00, 0x00, 0x00, 0x00, 0x00, 0x00, 0x00,
    0x00, 0x00, 0x00, 0x00, 0x04, 0x00, 0x00, 0x00, 0x00, 0x00, 0x00, 0x00,
    0x4e, 0x00, 0x00, 0x00, 0x01, 0x00, 0x00, 0x00, 0x30, 0x00, 0x00, 0x00,
    0x00, 0x00, 0x00, 0x00, 0xe4, 0x0b, 0x00, 0x00, 0x26, 0x00, 0x00, 0x00,
    0x00, 0x00, 0x00, 0x00, 0x00, 0x00, 0x00, 0x00, 0x01, 0x00, 0x00, 0x00,
    0x01, 0x00, 0x00, 0x00, 0x01, 0x00, 0x00, 0x00, 0x02, 0x00, 0x00, 0x00,
    0x00, 0x00, 0x00, 0x00, 0x00, 0x00, 0x00, 0x00, 0x0c, 0x0c, 0x00, 0x00,
    0x60, 0x02, 0x00, 0x00, 0x08, 0x00, 0x00, 0x00, 0x04, 0x00, 0x00, 0x00,
    0x04, 0x00, 0x00, 0x00, 0x10, 0x00, 0x00, 0x00, 0x09, 0x00, 0x00, 0x00,
    0x03, 0x00, 0x00, 0x00, 0x00, 0x00, 0x00, 0x00, 0x00, 0x00, 0x00, 0x00,
    0x6c, 0x0e, 0x00, 0x00, 0x4f, 0x01, 0x00, 0x00, 0x00, 0x00, 0x00, 0x00,
    0x00, 0x00, 0x00, 0x00, 0x01, 0x00, 0x00, 0x00, 0x00, 0x00, 0x00, 0x00,
    0x11, 0x00, 0x00, 0x00, 0x03, 0x00, 0x00, 0x00, 0x00, 0x00, 0x00, 0x00,
    0x00, 0x00, 0x00, 0x00, 0xbb, 0x0f, 0x00, 0x00, 0x57, 0x00, 0x00, 0x00,
    0x00, 0x00, 0x00, 0x00, 0x00, 0x00, 0x00, 0x00, 0x01, 0x00, 0x00, 0x00,
    0x00, 0x00, 0x00, 0x00,
};

static const unsigned char prog_uptime_elf[] = {
    0x7f, 0x45, 0x4c, 0x46, 0x01, 0x01, 0x01, 0x00, 0x00, 0x00, 0x00, 0x00,
    0x00, 0x00, 0x00, 0x00, 0x02, 0x00, 0x03, 0x00, 0x01, 0x00, 0x00, 0x00,
    0x00, 0x00, 0x00, 0x01, 0x34, 0x00, 0x00, 0x00, 0x14, 0x10, 0x00, 0x00,
    0x00, 0x00, 0x00, 0x00, 0x34, 0x00, 0x20, 0x00, 0x02, 0x00, 0x28, 0x00,
    0x0a, 0x00, 0x09, 0x00, 0x01, 0x00, 0x00, 0x00, 0x80, 0x00, 0x00, 0x00,
    0x00, 0x00, 0x00, 0x01, 0x00, 0x00, 0x00, 0x01, 0x64, 0x0b, 0x00, 0x00,
    0x64, 0x0b, 0x00, 0x00, 0x07, 0x00, 0x00, 0x00, 0x10, 0x00, 0x00, 0x00,
    0x51, 0xe5, 0x74, 0x64, 0x00, 0x00, 0x00, 0x00, 0x00, 0x00, 0x00, 0x00,
    0x00, 0x00, 0x00, 0x00, 0x00, 0x00, 0x00, 0x00, 0x00, 0x00, 0x00, 0x00,
    0x06, 0x00, 0x00, 0x00, 0x10, 0x00, 0x00, 0x00, 0x00, 0x00, 0x00, 0x00,
    0x00, 0x00, 0x00, 0x00, 0x00, 0x00, 0x00, 0x00, 0x57, 0x56, 0x53, 0x31,
    0xdb, 0x89, 0xde, 0x89, 0xdf, 0xe8, 0xc2, 0x04, 0x00, 0x00, 0xb8, 0x10,
    0x00, 0x00, 0x00, 0x89, 0xd9, 0x89, 0xda, 0xcd, 0x80, 0xeb, 0xfe, 0x2e,
    0x8d, 0x74, 0x26, 0x00, 0x31, 0xc0, 0x57, 0x89, 0xc1, 0x56, 0x89, 0xc2,
    0x89, 0xc6, 0x53, 0x89, 0xc7, 0x8b, 0x5c, 0x24, 0x10, 0xcd, 0x80, 0x5b,
    0x5e, 0x5f, 0xc3, 0x90, 0x2e, 0x8d, 0xb4, 0x26, 0x00, 0x00, 0x00, 0x00,
    0x31, 0xc9, 0x57, 0xb8, 0x01, 0x00, 0x00, 0x00, 0x56, 0x89, 0xca, 0x89,
    0xce, 0x89, 0xcf, 0x53, 0x8b, 0x5c, 0x24, 0x10, 0xcd, 0x80, 0x5b, 0x5e,
    0x5f, 0xc3, 0x8d, 0xb6, 0x00, 0x00, 0x00, 0x00, 0x31, 0xc9, 0x57, 0xb8,
    0x02, 0x00, 0x00, 0x00, 0x56, 0x89, 0xca, 0x89, 0xce, 0x89, 0xcf, 0x53,
    0x8b, 0x5c, 0x24, 0x10, 0xcd, 0x80, 0x5b, 0x5e, 0x5f, 0xc3, 0x8d, 0xb6,
    0x00, 0x00, 0x00, 0x00, 0x31, 0xc9, 0x57, 0xb8, 0x03, 0x00, 0x00, 0x00,
    0x56, 0x89, 0xca, 0x89, 0xce, 0x89, 0xcf, 0x53, 0x0f, 0xbe, 0x5c, 0x24,
    0x10, 0xcd, 0x80, 0x5b, 0x5e, 0x5f, 0xc3, 0x2e, 0x8d, 0x74, 0x26, 0x00,
    0x57, 0xb8, 0x04, 0x00, 0x00, 0x00, 0x56, 0x31, 0xf6, 0x53, 0x89, 0xf7,
    0x8b, 0x4c, 0x24, 0x14, 0x8b, 0x54, 0x24, 0x18, 0x8b, 0x5c, 0x24, 0x10,
    0xcd, 0x80, 0x5b, 0x5e, 0x5f, 0xc3, 0x66, 0x90, 0x57, 0xb8, 0x05, 0x00,
    0x00, 0x00, 0x56, 0x31, 0xf6, 0x53, 0x89, 0xf7, 0x8b, 0x4c, 0x24, 0x14,
    0x8b, 0x54, 0x24, 0x18, 0x8b, 0x5c, 0x24, 0x10, 0xcd, 0x80, 0x5b, 0x5e,
    0x5f, 0xc3, 0x66, 0x90, 0x31, 0xc9, 0x57, 0xb8, 0x06, 0x00, 0x00, 0x00,
    0x56, 0x89, 0xca, 0x89, 0xce, 0x89, 0xcf, 0x53, 0x8b, 0x5c, 0x24, 0x10,
    0xcd, 0x80, 0x5b, 0x5e, 0x5f, 0xc3, 0x8d, 0xb6, 0x00, 0x00, 0x00, 0x00,
    0x31, 0xc9, 0x57, 0xb8, 0x07, 0x00, 0x00, 0x00, 0x56, 0x89, 0xca, 0x89,
    0xce, 0x89, 0xcf, 0x53, 0x8b, 0x5c, 0x24, 0x10, 0xcd, 0x80, 0x5b, 0x5e,
    0x5f, 0xc3, 0x8d, 0xb6, 0x00, 0x00, 0x00, 0x00, 0x31, 0xc9, 0x57, 0xb8,
    0x08, 0x00, 0x00, 0x00, 0x56, 0x89, 0xca, 0x89, 0xce, 0x89, 0xcf, 0x53,
    0x8b, 0x5c, 0x24, 0x10, 0xcd, 0x80, 0x5b, 0x5e, 0x5f, 0xc3, 0x8d, 0xb6,
    0x00, 0x00, 0x00, 0x00, 0x57, 0xb8, 0x09, 0x00, 0x00, 0x00, 0x56, 0x31,
    0xf6, 0x53, 0x89, 0xf7, 0x8b, 0x4c, 0x24, 0x14, 0x8b, 0x54, 0x24, 0x18,
    0x8b, 0x5c, 0x24, 0x10, 0xcd, 0x80, 0x5b, 0x5e, 0x5f, 0xc3, 0x66, 0x90,
    0x57, 0xb8, 0x0a, 0x00, 0x00, 0x00, 0x56, 0x53, 0x31, 0xdb, 0x89, 0xd9,
    0x89, 0xda, 0x89, 0xde, 0x89, 0xdf, 0xcd, 0x80, 0x5b, 0x5e, 0x5f, 0xc3,
    0x2e, 0x8d, 0xb4, 0x26, 0x00, 0x00, 0x00, 0x00, 0x57, 0xb8, 0x0b, 0x00,
    0x00, 0x00, 0x56, 0x53, 0x31, 0xdb, 0x89, 0xd9, 0x89, 0xda, 0x89, 0xde,
    0x89, 0xdf, 0xcd, 0x80, 0x5b, 0x5e, 0x5f, 0xc3, 0x2e, 0x8d, 0xb4, 0x26,
    0x00, 0x00, 0x00, 0x00, 0x57, 0xb8, 0x0c, 0x00, 0x00, 0x00, 0x56, 0x53,
    0x31, 0xdb, 0x89, 0xd9, 0x89, 0xda, 0x89, 0xde, 0x89, 0xdf, 0xcd, 0x80,
    0x5b, 0x5e, 0x5f, 0xc3, 0x2e, 0x8d, 0xb4, 0x26, 0x00, 0x00, 0x00, 0x00,
    0x57, 0xb8, 0x0d, 0x00, 0x00, 0x00, 0x56, 0x53, 0x31, 0xdb, 0x89, 0xd9,
    0x89, 0xda, 0x89, 0xde, 0x89, 0xdf, 0xcd, 0x80, 0x5b, 0x5e, 0x5f, 0xc3,
    0x2e, 0x8d, 0xb4, 0x26, 0x00, 0x00, 0x00, 0x00, 0x57, 0xb8, 0x0e, 0x00,
    0x00, 0x00, 0x56, 0x53, 0x31, 0xdb, 0x89, 0xd9, 0x89, 0xda, 0x89, 0xde,
    0x89, 0xdf, 0xcd, 0x80, 0x5b, 0x5e, 0x5f, 0xc3, 0x2e, 0x8d, 0xb4, 0x26,
    0x00, 0x00, 0x00, 0x00, 0x31, 0xd2, 0x57, 0xb8, 0x0f, 0x00, 0x00, 0x00,
    0x56, 0x89, 0xd7, 0x89, 0xd6, 0x53, 0x8b, 0x4c, 0x24, 0x14, 0x8b, 0x5c,
    0x24, 0x10, 0xcd, 0x80, 0x5b, 0x5e, 0x5f, 0xc3, 0x8d, 0x74, 0x26, 0x00,
    0x57, 0xb8, 0x10, 0x00, 0x00, 0x00, 0x56, 0x53, 0x31, 0xdb, 0x89, 0xd9,
    0x89, 0xda, 0x89, 0xde, 0x89, 0xdf, 0xcd, 0x80, 0xeb, 0xfe, 0x66, 0x90,
    0x2e, 0x8d, 0xb4, 0x26, 0x00, 0x00, 0x00, 0x00, 0x55, 0xb8, 0x11, 0x00,
    0x00, 0x00, 0x57, 0x56, 0x53, 0x31, 0xdb, 0x89, 0xd9, 0x89, 0xda, 0x89,
    0xde, 0x89, 0xdf, 0xcd, 0x80, 0x85, 0xc0, 0x79, 0x20, 0xbd, 0x12, 0x00,
    0x00, 0x00, 0x66, 0x90, 0x31, 0xdb, 0x89, 0xe8, 0x89, 0xd9, 0x89, 0xda,
    0x89, 0xde, 0x89, 0xdf, 0xcd, 0x80, 0xb8, 0x11, 0x00, 0x00, 0x00, 0xcd,
    0x80, 0x85, 0xc0, 0x78, 0xe7, 0x5b, 0x5e, 0x5f, 0x5d, 0xc3, 0x66, 0x90,
    0x57, 0xb8, 0x12, 0x00, 0x00, 0x00, 0x56, 0x53, 0x31, 0xdb, 0x89, 0xd9,
    0x89, 0xda, 0x89, 0xde, 0x89, 0xdf, 0xcd, 0x80, 0x5b, 0x5e, 0x5f, 0xc3,
    0x2e, 0x8d, 0xb4, 0x26, 0x00, 0x00, 0x00, 0x00, 0x57, 0xb8, 0x13, 0x00,
    0x00, 0x00, 0x56, 0x53, 0x31, 0xdb, 0x89, 0xd9, 0x89, 0xda, 0x89, 0xde,
    0x89, 0xdf, 0xcd, 0x80, 0x5b, 0x5e, 0x5f, 0xc3, 0x2e, 0x8d, 0xb4, 0x26,
    0x00, 0x00, 0x00, 0x00, 0x31, 0xd2, 0x57, 0xb8, 0x14, 0x00, 0x00, 0x00,
    0x56, 0x89, 0xd7, 0x89, 0xd6, 0x53, 0x8b, 0x4c, 0x24, 0x14, 0x8b, 0x5c,
    0x24, 0x10, 0xcd, 0x80, 0x5b, 0x5e, 0x5f, 0xc3, 0x8d, 0x74, 0x26, 0x00,
    0x31, 0xc9, 0x57, 0xb8, 0x15, 0x00, 0x00, 0x00, 0x56, 0x89, 0xca, 0x89,
    0xce, 0x89, 0xcf, 0x53, 0x8b, 0x5c, 0x24, 0x10, 0xcd, 0x80, 0x5b, 0x5e,
    0x5f, 0xc3, 0x8d, 0xb6, 0x00, 0x00, 0x00, 0x00, 0x57, 0xb8, 0x16, 0x00,
    0x00, 0x00, 0x56, 0x53, 0x31, 0xdb, 0x89, 0xd9, 0x89, 0xda, 0x89, 0xde,
    0x89, 0xdf, 0xcd, 0x80, 0x5b, 0x5e, 0x5f, 0xc3, 0x2e, 0x8d, 0xb4, 0x26,
    0x00, 0x00, 0x00, 0x00, 0x57, 0xb8, 0x1d, 0x00, 0x00, 0x00, 0x56, 0x53,
    0x31, 0xdb, 0x89, 0xd9, 0x89, 0xda, 0x89, 0xde, 0x89, 0xdf, 0xcd, 0x80,
    0x5b, 0x5e, 0x5f, 0xc3, 0x2e, 0x8d, 0xb4, 0x26, 0x00, 0x00, 0x00, 0x00,
    0x57, 0xb8, 0x17, 0x00, 0x00, 0x00, 0x31, 0xff, 0x56, 0x53, 0x8b, 0x4c,
    0x24, 0x14, 0x8b, 0x54, 0x24, 0x18, 0x8b, 0x5c, 0x24, 0x10, 0x8b, 0x74,
    0x24, 0x1c, 0xcd, 0x80, 0x5b, 0x5e, 0x5f, 0xc3, 0x57, 0xb8, 0x18, 0x00,
    0x00, 0x00, 0x56, 0x53, 0x8b, 0x4c, 0x24, 0x14, 0x8b, 0x54, 0x24, 0x18,
    0x8b, 0x5c, 0x24, 0x10, 0x8b, 0x74, 0x24, 0x1c, 0x8b, 0x7c, 0x24, 0x20,
    0xcd, 0x80, 0x5b, 0x5e, 0x5f, 0xc3, 0x8d, 0xb6, 0x00, 0x00, 0x00, 0x00,
    0x2e, 0x8d, 0xb4, 0x26, 0x00, 0x00, 0x00, 0x00, 0x57, 0x31, 0xc9, 0x56,
    0x89, 0xca, 0x89, 0xce, 0x89, 0xcf, 0x53, 0x83, 0xec, 0x20, 0x8b, 0x44,
    0x24, 0x30, 0x8d, 0x5c, 0x24, 0x04, 0x89, 0x44, 0x24, 0x04, 0x8b, 0x44,
    0x24, 0x34, 0x89, 0x44, 0x24, 0x08, 0x8b, 0x44, 0x24, 0x38, 0x89, 0x44,
    0x24, 0x0c, 0x8b, 0x44, 0x24, 0x3c, 0x89, 0x44, 0x24, 0x10, 0x8b, 0x44,
    0x24, 0x40, 0x89, 0x44, 0x24, 0x14, 0x8b, 0x44, 0x24, 0x44, 0x89, 0x44,
    0x24, 0x18, 0x8b, 0x44, 0x24, 0x48, 0x89, 0x44, 0x24, 0x1c, 0xb8, 0x19,
    0x00, 0x00, 0x00, 0xcd, 0x80, 0x83, 0xc4, 0x20, 0x5b, 0x5e, 0x5f, 0xc3,
    0x2e, 0x8d, 0xb4, 0x26, 0x00, 0x00, 0x00, 0x00, 0x57, 0x31, 0xc9, 0x56,
    0x89, 0xca, 0x89, 0xce, 0x89, 0xcf, 0x53, 0x83, 0xec, 0x20, 0x8b, 0x44,
    0x24, 0x30, 0x8d, 0x5c, 0x24, 0x04, 0x89, 0x44, 0x24, 0x04, 0x8b, 0x44,
    0x24, 0x34, 0x89, 0x44, 0x24, 0x08, 0x8b, 0x44, 0x24, 0x38, 0x89, 0x44,
    0x24, 0x0c, 0x8b, 0x44, 0x24, 0x3c, 0x89, 0x44, 0x24, 0x10, 0x8b, 0x44,
    0x24, 0x40, 0x89, 0x44, 0x24, 0x14, 0x8b, 0x44, 0x24, 0x44, 0x89, 0x44,
    0x24, 0x18, 0x8b, 0x44, 0x24, 0x48, 0x89, 0x44, 0x24, 0x1c, 0xb8, 0x1a,
    0x00, 0x00, 0x00, 0xcd, 0x80, 0x83, 0xc4, 0x20, 0x5b, 0x5e, 0x5f, 0xc3,
    0x2e, 0x8d, 0xb4, 0x26, 0x00, 0x00, 0x00, 0x00, 0x31, 0xc9, 0x57, 0xb8,
    0x1b, 0x00, 0x00, 0x00, 0x56, 0x89, 0xca, 0x89, 0xce, 0x89, 0xcf, 0x53,
    0x8b, 0x5c, 0x24, 0x10, 0xcd, 0x80, 0x5b, 0x5e, 0x5f, 0xc3, 0x8d, 0xb6,
    0x00, 0x00, 0x00, 0x00, 0x57, 0xb8, 0x1c, 0x00, 0x00, 0x00, 0x56, 0x31,
    0xf6, 0x53, 0x89, 0xf7, 0x8b, 0x4c, 0x24, 0x14, 0x8b, 0x54, 0x24, 0x18,
    0x8b, 0x5c, 0x24, 0x10, 0xcd, 0x80, 0x5b, 0x5e, 0x5f, 0xc3, 0x66, 0x90,
    0x8b, 0x44, 0x24, 0x04, 0x8b, 0x15, 0x60, 0x0b, 0x00, 0x01, 0x83, 0xc0,
    0x0f, 0x83, 0xe0, 0xf0, 0x01, 0xd0, 0x3d, 0x00, 0x00, 0x80, 0x01, 0x77,
    0x0f, 0xa3, 0x60, 0x0b, 0x00, 0x01, 0x89, 0xd0, 0xc3, 0x8d, 0xb4, 0x26,
    0x00, 0x00, 0x00, 0x00, 0x31, 0xd2, 0x89, 0xd0, 0xc3, 0x8d, 0x76, 0x00,
    0xc3, 0x00, 0x00, 0x00, 0x00, 0x00, 0x00, 0x00, 0x00, 0x00, 0x00, 0x00,
    0x00, 0x00, 0x00, 0x00, 0x8d, 0x4c, 0x24, 0x04, 0x83, 0xe4, 0xf0, 0xff,
    0x71, 0xfc, 0x55, 0x89, 0xe5, 0x57, 0x56, 0x53, 0x51, 0x83, 0xec, 0x08,
    0xe8, 0x77, 0xfc, 0xff, 0xff, 0xb9, 0xd3, 0x4d, 0x62, 0x10, 0x83, 0xec,
    0x0c, 0x89, 0xc3, 0xf7, 0xe1, 0x68, 0x4c, 0x0b, 0x00, 0x01, 0x89, 0xd7,
    0xc1, 0xef, 0x06, 0x69, 0xc7, 0xe8, 0x03, 0x00, 0x00, 0x29, 0xc3, 0x6b,
    0xdb, 0x64, 0x89, 0xd8, 0xf7, 0xe1, 0x89, 0xd6, 0xe8, 0x0b, 0xfb, 0xff,
    0xff, 0x89, 0x3c, 0x24, 0xc1, 0xee, 0x06, 0xe8, 0x40, 0xfb, 0xff, 0xff,
    0xc7, 0x04, 0x24, 0x2e, 0x00, 0x00, 0x00, 0xe8, 0x54, 0xfb, 0xff, 0xff,
    0x83, 0xc4, 0x10, 0x81, 0xfb, 0x0f, 0x27, 0x00, 0x00, 0x76, 0x24, 0x83,
    0xec, 0x0c, 0x56, 0xe8, 0x20, 0xfb, 0xff, 0xff, 0xc7, 0x04, 0x24, 0x56,
    0x0b, 0x00, 0x01, 0xe8, 0xd4, 0xfa, 0xff, 0xff, 0x83, 0xc4, 0x10, 0x8d,
    0x65, 0xf0, 0x59, 0x5b, 0x5e, 0x5f, 0x5d, 0x8d, 0x61, 0xfc, 0xc3, 0x83,
    0xec, 0x0c, 0x6a, 0x30, 0xe8, 0x1b, 0xfb, 0xff, 0xff, 0x83, 0xc4, 0x10,
    0xeb, 0xcd, 0x00, 0x00, 0x14, 0x00, 0x00, 0x00, 0x00, 0x00, 0x00, 0x00,
    0x01, 0x7a, 0x52, 0x00, 0x01, 0x7c, 0x08, 0x01, 0x1b, 0x0c, 0x04, 0x04,
    0x88, 0x01, 0x00, 0x00, 0x1c, 0x00, 0x00, 0x00, 0x1c, 0x00, 0x00, 0x00,
    0x74, 0xfa, 0xff, 0xff, 0x1b, 0x00, 0x00, 0x00, 0x00, 0x41, 0x0e, 0x08,
    0x87, 0x02, 0x41, 0x0e, 0x0c, 0x86, 0x03, 0x41, 0x0e, 0x10, 0x83, 0x04,
    0x28, 0x00, 0x00, 0x00, 0x3c, 0x00, 0x00, 0x00, 0x74, 0xfa, 0xff, 0xff,
    0x17, 0x00, 0x00, 0x00, 0x00, 0x43, 0x0e, 0x08, 0x87, 0x02, 0x43, 0x0e,
    0x0c, 0x86, 0x03, 0x45, 0x0e, 0x10, 0x83, 0x04, 0x49, 0xc3, 0x0e, 0x0c,
    0x41, 0xc6, 0x0e, 0x08, 0x41, 0xc7, 0x0e, 0x04, 0x28, 0x00, 0x00, 0x00,
    0x68, 0x00, 0x00, 0x00, 0x68, 0xfa, 0xff, 0xff, 0x1a, 0x00, 0x00, 0x00,
    0x00, 0x43, 0x0e, 0x08, 0x87, 0x02, 0x46, 0x0e, 0x0c, 0x86, 0x03, 0x47,
    0x0e, 0x10, 0x83, 0x04, 0x47, 0xc3, 0x0e, 0x0c, 0x41, 0xc6, 0x0e, 0x08,
    0x41, 0xc7, 0x0e, 0x04, 0x28, 0x00, 0x00, 0x00, 0x94, 0x00, 0x00, 0x00,
    0x5c, 0xfa, 0xff, 0xff, 0x1a, 0x00, 0x00, 0x00, 0x00, 0x43, 0x0e, 0x08,
    0x87, 0x02, 0x46, 0x0e, 0x0c, 0x86, 0x03, 0x47, 0x0e, 0x10, 0x83, 0x04,
    0x47, 0xc3, 0x0e, 0x0c, 0x41, 0xc6, 0x0e, 0x08, 0x41, 0xc7, 0x0e, 0x04,
    0x28, 0x00, 0x00, 0x00, 0xc0, 0x00, 0x00, 0x00, 0x50, 0xfa, 0xff, 0xff,
    0x1b, 0x00, 0x00, 0x00, 0x00, 0x43, 0x0e, 0x08, 0x87, 0x02, 0x46, 0x0e,
    0x0c, 0x86, 0x03, 0x47, 0x0e, 0x10, 0x83, 0x04, 0x48, 0xc3, 0x0e, 0x0c,
    0x41, 0xc6, 0x0e, 0x08, 0x41, 0xc7, 0x0e, 0x04, 0x28, 0x00, 0x00, 0x00,
    0xec, 0x00, 0x00, 0x00, 0x44, 0xfa, 0xff, 0xff, 0x1e, 0x00, 0x00, 0x00,
    0x00, 0x41, 0x0e, 0x08, 0x87, 0x02, 0x46, 0x0e, 0x0c, 0x86, 0x03, 0x43,
    0x0e, 0x10, 0x83, 0x04, 0x51, 0xc3, 0x0e, 0x0c, 0x41, 0xc6, 0x0e, 0x08,
    0x41, 0xc7, 0x0e, 0x04, 0x28, 0x00, 0x00, 0x00, 0x18, 0x01, 0x00, 0x00,
    0x38, 0xfa, 0xff, 0xff, 0x1e, 0x00, 0x00, 0x00, 0x00, 0x41, 0x0e, 0x08,
    0x87, 0x02, 0x46, 0x0e, 0x0c, 0x86, 0x03, 0x43, 0x0e, 0x10, 0x83, 0x04,
    0x51, 0xc3, 0x0e, 0x0c, 0x41, 0xc6, 0x0e, 0x08, 0x41, 0xc7, 0x0e, 0x04,
    0x28, 0x00, 0x00, 0x00, 0x44, 0x01, 0x00, 0x00, 0x2c, 0xfa, 0xff, 0xff,
    0x1a, 0x00, 0x00, 0x00, 0x00, 0x43, 0x0e, 0x08, 0x87, 0x02, 0x46, 0x0e,
    0x0c, 0x86, 0x03, 0x47, 0x0e, 0x10, 0x83, 0x04, 0x47, 0xc3, 0x0e, 0x0c,
    0x41, 0xc6, 0x0e, 0x08, 0x41, 0xc7, 0x0e, 0x04, 0x28, 0x00, 0x00, 0x00,
    0x70, 0x01, 0x00, 0x00, 0x20, 0xfa, 0xff, 0xff, 0x1a, 0x00, 0x00, 0x00,
    0x00, 0x43, 0x0e, 0x08, 0x87, 0x02, 0x46, 0x0e, 0x0c, 0x86, 0x03, 0x47,
    0x0e, 0x10, 0x83, 0x04, 0x47, 0xc3, 0x0e, 0x0c, 0x41, 0xc6, 0x0e, 0x08,
    0x41, 0xc7, 0x0e, 0x04, 0x28, 0x00, 0x00, 0x00, 0x9c, 0x01, 0x00, 0x00,
    0x14, 0xfa, 0xff, 0xff, 0x1a, 0x00, 0x00, 0x00, 0x00, 0x43, 0x0e, 0x08,
    0x87, 0x02, 0x46, 0x0e, 0x0c, 0x86, 0x03, 0x47, 0x0e, 0x10, 0x83, 0x04,
    0x47, 0xc3, 0x0e, 0x0c, 0x41, 0xc6, 0x0e, 0x08, 0x41, 0xc7, 0x0e, 0x04,
    0x28, 0x00, 0x00, 0x00, 0xc8, 0x01, 0x00, 0x00, 0x08, 0xfa, 0xff, 0xff,
    0x1e, 0x00, 0x00, 0x00, 0x00, 0x41, 0x0e, 0x08, 0x87, 0x02, 0x46, 0x0e,
    0x0c, 0x86, 0x03, 0x43, 0x0e, 0x10, 0x83, 0x04, 0x51, 0xc3, 0x0e, 0x0c,
    0x41, 0xc6, 0x0e, 0x08, 0x41, 0xc7, 0x0e, 0x04, 0x28, 0x00, 0x00, 0x00,
    0xf4, 0x01, 0x00, 0x00, 0xfc, 0xf9, 0xff, 0xff, 0x18, 0x00, 0x00, 0x00,
    0x00, 0x41, 0x0e, 0x08, 0x87, 0x02, 0x46, 0x0e, 0x0c, 0x86, 0x03, 0x41,
    0x0e, 0x10, 0x83, 0x04, 0x4d, 0xc3, 0x0e, 0x0c, 0x41, 0xc6, 0x0e, 0x08,
    0x41, 0xc7, 0x0e, 0x04, 0x28, 0x00, 0x00, 0x00, 0x20, 0x02, 0x00, 0x00,
    0xf0, 0xf9, 0xff, 0xff, 0x18, 0x00, 0x00, 0x00, 0x00, 0x41, 0x0e, 0x08,
    0x87, 0x02, 0x46, 0x0e, 0x0c, 0x86, 0x03, 0x41, 0x0e, 0x10, 0x83, 0x04,
    0x4d, 0xc3, 0x0e, 0x0c, 0x41, 0xc6, 0x0e, 0x08, 0x41, 0xc7, 0x0e, 0x04,
    0x28, 0x00, 0x00, 0x00, 0x4c, 0x02, 0x00, 0x00, 0xe4, 0xf9, 0xff, 0xff,
    0x18, 0x00, 0x00, 0x00, 0x00, 0x41, 0x0e, 0x08, 0x87, 0x02, 0x46, 0x0e,
    0x0c, 0x86, 0x03, 0x41, 0x0e, 0x10, 0x83, 0x04, 0x4d, 0xc3, 0x0e, 0x0c,
    0x41, 0xc6, 0x0e, 0x08, 0x41, 0xc7, 0x0e, 0x04, 0x28, 0x00, 0x00, 0x00,
    0x78, 0x02, 0x00, 0x00, 0xd8, 0xf9, 0xff, 0xff, 0x18, 0x00, 0x00, 0x00,
    0x00, 0x41, 0x0e, 0x08, 0x87, 0x02, 0x46, 0x0e, 0x0c, 0x86, 0x03, 0x41,
    0x0e, 0x10, 0x83, 0x04, 0x4d, 0xc3, 0x0e, 0x0c, 0x41, 0xc6, 0x0e, 0x08,
    0x41, 0xc7, 0x0e, 0x04, 0x28, 0x00, 0x00, 0x00, 0xa4, 0x02, 0x00, 0x00,
    0xcc, 0xf9, 0xff, 0xff, 0x18, 0x00, 0x00, 0x00, 0x00, 0x41, 0x0e, 0x08,
    0x87, 0x02, 0x46, 0x0e, 0x0c, 0x86, 0x03, 0x41, 0x0e, 0x10, 0x83, 0x04,
    0x4d, 0xc3, 0x0e, 0x0c, 0x41, 0xc6, 0x0e, 0x08, 0x41, 0xc7, 0x0e, 0x04,
    0x28, 0x00, 0x00, 0x00, 0xd0, 0x02, 0x00, 0x00, 0xc0, 0xf9, 0xff, 0xff,
    0x1c, 0x00, 0x00, 0x00, 0x00, 0x43, 0x0e, 0x08, 0x87, 0x02, 0x46, 0x0e,
    0x0c, 0x86, 0x03, 0x45, 0x0e, 0x10, 0x83, 0x04, 0x4b, 0xc3, 0x0e, 0x0c,
    0x41, 0xc6, 0x0e, 0x08, 0x41, 0xc7, 0x0e, 0x04, 0x1c, 0x00, 0x00, 0x00,
    0xfc, 0x02, 0x00, 0x00, 0xb4, 0xf9, 0xff, 0xff, 0x16, 0x00, 0x00, 0x00,
    0x00, 0x41, 0x0e, 0x08, 0x87, 0x02, 0x46, 0x0e, 0x0c, 0x86, 0x03, 0x41,
    0x0e, 0x10, 0x83, 0x04, 0x34, 0x00, 0x00, 0x00, 0x1c, 0x03, 0x00, 0x00,
    0xb4, 0xf9, 0xff, 0xff, 0x3e, 0x00, 0x00, 0x00, 0x00, 0x41, 0x0e, 0x08,
    0x85, 0x02, 0x46, 0x0e, 0x0c, 0x87, 0x03, 0x41, 0x0e, 0x10, 0x86, 0x04,
    0x41, 0x0e, 0x14, 0x83, 0x05, 0x71, 0xc3, 0x0e, 0x10, 0x41, 0xc6, 0x0e,
    0x0c, 0x41, 0xc7, 0x0e, 0x08, 0x41, 0xc5, 0x0e, 0x04, 0x00, 0x00, 0x00,
    0x28, 0x00, 0x00, 0x00, 0x54, 0x03, 0x00, 0x00, 0xbc, 0xf9, 0xff, 0xff,
    0x18, 0x00, 0x00, 0x00, 0x00, 0x41, 0x0e, 0x08, 0x87, 0x02, 0x46, 0x0e,
    0x0c, 0x86, 0x03, 0x41, 0x0e, 0x10, 0x83, 0x04, 0x4d, 0xc3, 0x0e, 0x0c,
    0x41, 0xc6, 0x0e, 0x08, 0x41, 0xc7, 0x0e, 0x04, 0x28, 0x00, 0x00, 0x00,
    0x80, 0x03, 0x00, 0x00, 0xb0, 0xf9, 0xff, 0xff, 0x18, 0x00, 0x00, 0x00,
    0x00, 0x41, 0x0e, 0x08, 0x87, 0x02, 0x46, 0x0e, 0x0c, 0x86, 0x03, 0x41,
    0x0e, 0x10, 0x83, 0x04, 0x4d, 0xc3, 0x0e, 0x0c, 0x41, 0xc6, 0x0e, 0x08,
    0x41, 0xc7, 0x0e, 0x04, 0x28, 0x00, 0x00, 0x00, 0xac, 0x03, 0x00, 0x00,
    0xa4, 0xf9, 0xff, 0xff, 0x1c, 0x00, 0x00, 0x00, 0x00, 0x43, 0x0e, 0x08,
    0x87, 0x02, 0x46, 0x0e, 0x0c, 0x86, 0x03, 0x45, 0x0e, 0x10, 0x83, 0x04,
    0x4b, 0xc3, 0x0e, 0x0c, 0x41, 0xc6, 0x0e, 0x08, 0x41, 0xc7, 0x0e, 0x04,
    0x28, 0x00, 0x00, 0x00, 0xd8, 0x03, 0x00, 0x00, 0x98, 0xf9, 0xff, 0xff,
    0x1a, 0x00, 0x00, 0x00, 0x00, 0x43, 0x0e, 0x08, 0x87, 0x02, 0x46, 0x0e,
    0x0c, 0x86, 0x03, 0x47, 0x0e, 0x10, 0x83, 0x04, 0x47, 0xc3, 0x0e, 0x0c,
    0x41, 0xc6, 0x0e, 0x08, 0x41, 0xc7, 0x0e, 0x04, 0x28, 0x00, 0x00, 0x00,
    0x04, 0x04, 0x00, 0x00, 0x8c, 0xf9, 0xff, 0xff, 0x18, 0x00, 0x00, 0x00,
    0x00, 0x41, 0x0e, 0x08, 0x87, 0x02, 0x46, 0x0e, 0x0c, 0x86, 0x03, 0x41,
    0x0e, 0x10, 0x83, 0x04, 0x4d, 0xc3, 0x0e, 0x0c, 0x41, 0xc6, 0x0e, 0x08,
    0x41, 0xc7, 0x0e, 0x04, 0x28, 0x00, 0x00, 0x00, 0x30, 0x04, 0x00, 0x00,
    0x80, 0xf9, 0xff, 0xff, 0x18, 0x00, 0x00, 0x00, 0x00, 0x41, 0x0e, 0x08,
    0x87, 0x02, 0x46, 0x0e, 0x0c, 0x86, 0x03, 0x41, 0x0e, 0x10, 0x83, 0x04,
    0x4d, 0xc3, 0x0e, 0x0c, 0x41, 0xc6, 0x0e, 0x08, 0x41, 0xc7, 0x0e, 0x04,
    0x28, 0x00, 0x00, 0x00, 0x5c, 0x04, 0x00, 0x00, 0x74, 0xf9, 0xff, 0xff,
    0x20, 0x00, 0x00, 0x00, 0x00, 0x41, 0x0e, 0x08, 0x87, 0x02, 0x48, 0x0e,
    0x0c, 0x86, 0x03, 0x41, 0x0e, 0x10, 0x83, 0x04, 0x53, 0xc3, 0x0e, 0x0c,
    0x41, 0xc6, 0x0e, 0x08, 0x41, 0xc7, 0x0e, 0x04, 0x28, 0x00, 0x00, 0x00,
    0x88, 0x04, 0x00, 0x00, 0x68, 0xf9, 0xff, 0xff, 0x22, 0x00, 0x00, 0x00,
    0x00, 0x41, 0x0e, 0x08, 0x87, 0x02, 0x46, 0x0e, 0x0c, 0x86, 0x03, 0x41,
    0x0e, 0x10, 0x83, 0x04, 0x57, 0xc3, 0x0e, 0x0c, 0x41, 0xc6, 0x0e, 0x08,
    0x41, 0xc7, 0x0e, 0x04, 0x30, 0x00, 0x00, 0x00, 0xb4, 0x04, 0x00, 0x00,
    0x6c, 0xf9, 0xff, 0xff, 0x58, 0x00, 0x00, 0x00, 0x00, 0x41, 0x0e, 0x08,
    0x87, 0x02, 0x43, 0x0e, 0x0c, 0x86, 0x03, 0x47, 0x0e, 0x10, 0x83, 0x04,
    0x43, 0x0e, 0x30, 0x02, 0x46, 0x0e, 0x10, 0x41, 0xc3, 0x0e, 0x0c, 0x41,
    0xc6, 0x0e, 0x08, 0x41, 0xc7, 0x0e, 0x04, 0x00, 0x30, 0x00, 0x00, 0x00,
    0xe8, 0x04, 0x00, 0x00, 0x98, 0xf9, 0xff, 0xff, 0x58, 0x00, 0x00, 0x00,
    0x00, 0x41, 0x0e, 0x08, 0x87, 0x02, 0x43, 0x0e, 0x0c, 0x86, 0x03, 0x47,
    0x0e, 0x10, 0x83, 0x04, 0x43, 0x0e, 0x30, 0x02, 0x46, 0x0e, 0x10, 0x41,
    0xc3, 0x0e, 0x0c, 0x41, 0xc6, 0x0e, 0x08, 0x41, 0xc7, 0x0e, 0x04, 0x00,
    0x28, 0x00, 0x00, 0x00, 0x1c, 0x05, 0x00, 0x00, 0xc4, 0xf9, 0xff, 0xff,
    0x1a, 0x00, 0x00, 0x00, 0x00, 0x43, 0x0e, 0x08, 0x87, 0x02, 0x46, 0x0e,
    0x0c, 0x86, 0x03, 0x47, 0x0e, 0x10, 0x83, 0x04, 0x47, 0xc3, 0x0e, 0x0c,
    0x41, 0xc6, 0x0e, 0x08, 0x41, 0xc7, 0x0e, 0x04, 0x28, 0x00, 0x00, 0x00,
    0x48, 0x05, 0x00, 0x00, 0xb8, 0xf9, 0xff, 0xff, 0x1e, 0x00, 0x00, 0x00,
    0x00, 0x41, 0x0e, 0x08, 0x87, 0x02, 0x46, 0x0e, 0x0c, 0x86, 0x03, 0x43,
    0x0e, 0x10, 0x83, 0x04, 0x51, 0xc3, 0x0e, 0x0c, 0x41, 0xc6, 0x0e, 0x08,
    0x41, 0xc7, 0x0e, 0x04, 0x10, 0x00, 0x00, 0x00, 0x74, 0x05, 0x00, 0x00,
    0xac, 0xf9, 0xff, 0xff, 0x2d, 0x00, 0x00, 0x00, 0x00, 0x00, 0x00, 0x00,
    0x10, 0x00, 0x00, 0x00, 0x88, 0x05, 0x00, 0x00, 0xc8, 0xf9, 0xff, 0xff,
    0x01, 0x00, 0x00, 0x00, 0x00, 0x00, 0x00, 0x00, 0x44, 0x00, 0x00, 0x00,
    0x9c, 0x05, 0x00, 0x00, 0xc4, 0xf9, 0xff, 0xff, 0x9a, 0x00, 0x00, 0x00,
    0x00, 0x44, 0x0c, 0x01, 0x00, 0x49, 0x10, 0x05, 0x02, 0x75, 0x00, 0x44,
    0x0f, 0x03, 0x75, 0x70, 0x06, 0x10, 0x07, 0x02, 0x75, 0x7c, 0x10, 0x06,
    0x02, 0x75, 0x78, 0x10, 0x03, 0x02, 0x75, 0x74, 0x02, 0x72, 0x0a, 0xc1,
    0x0c, 0x01, 0x00, 0x41, 0xc3, 0x41, 0xc6, 0x41, 0xc7, 0x41, 0xc5, 0x43,
    0x0c, 0x04, 0x04, 0x41, 0x0b, 0x00, 0x00, 0x00, 0x0a, 0x55, 0x70, 0x74,
    0x69, 0x6d, 0x65, 0x3a, 0x20, 0x00, 0x20, 0x73, 0x65, 0x63, 0x6f, 0x6e,
    0x64, 0x73, 0x00, 0x00, 0x00, 0x00, 0x10, 0x01, 0x47, 0x43, 0x43, 0x3a,
    0x20, 0x28, 0x55, 0x62, 0x75, 0x6e, 0x74, 0x75, 0x20, 0x31, 0x35, 0x2e,
    0x32, 0x2e, 0x30, 0x2d, 0x31, 0x36, 0x75, 0x62, 0x75, 0x6e, 0x74, 0x75,
    0x31, 0x29, 0x20, 0x31, 0x35, 0x2e, 0x32, 0x2e, 0x30, 0x00, 0x00, 0x00,
    0x00, 0x00, 0x00, 0x00, 0x00, 0x00, 0x00, 0x00, 0x00, 0x00, 0x00, 0x00,
    0x00, 0x00, 0x00, 0x00, 0x01, 0x00, 0x00, 0x00, 0x00, 0x00, 0x00, 0x00,
    0x00, 0x00, 0x00, 0x00, 0x04, 0x00, 0xf1, 0xff, 0x0a, 0x00, 0x00, 0x00,
    0x60, 0x0b, 0x00, 0x01, 0x04, 0x00, 0x00, 0x00, 0x01, 0x00, 0x05, 0x00,
    0x14, 0x00, 0x00, 0x00, 0x00, 0x00, 0x00, 0x00, 0x00, 0x00, 0x00, 0x00,
    0x04, 0x00, 0xf1, 0xff, 0x1d, 0x00, 0x00, 0x00, 0x80, 0x00, 0x00, 0x01,
    0x1b, 0x00, 0x00, 0x00, 0x12, 0x00, 0x01, 0x00, 0x25, 0x00, 0x00, 0x00,
    0x50, 0x04, 0x00, 0x01, 0x1a, 0x00, 0x00, 0x00, 0x12, 0x00, 0x01, 0x00,
    0x30, 0x00, 0x00, 0x00, 0x80, 0x02, 0x00, 0x01, 0x18, 0x00, 0x00, 0x00,
    0x12, 0x00, 0x01, 0x00, 0x36, 0x00, 0x00, 0x00, 0x20, 0x00, 0x00, 0x01,
    0x17, 0x00, 0x00, 0x00, 0x12, 0x00, 0x01, 0x00, 0x3c, 0x00, 0x00, 0x00,
    0x00, 0x01, 0x00, 0x01, 0x1a, 0x00, 0x00, 0x00, 0x12, 0x00, 0x01, 0x00,
    0x48, 0x00, 0x00, 0x00, 0xa0, 0x02, 0x00, 0x01, 0x18, 0x00, 0x00, 0x00,
    0x12, 0x00, 0x01, 0x00, 0x4f, 0x00, 0x00, 0x00, 0x00, 0x02, 0x00, 0x01,
    0x1c, 0x00, 0x00, 0x00, 0x12, 0x00, 0x01, 0x00, 0x58, 0x00, 0x00, 0x00,
    0x90, 0x04, 0x00, 0x01, 0x2d, 0x00, 0x00, 0x00, 0x12, 0x00, 0x01, 0x00,
    0x5f, 0x00, 0x00, 0x00, 0xc0, 0x02, 0x00, 0x01, 0x1c, 0x00, 0x00, 0x00,
    0x12, 0x00, 0x01, 0x00, 0x68, 0x00, 0x00, 0x00, 0x60, 0x00, 0x00, 0x01,
    0x1a, 0x00, 0x00, 0x00, 0x12, 0x00, 0x01, 0x00, 0x72, 0x00, 0x00, 0x00,
    0x00, 0x03, 0x00, 0x01, 0x18, 0x00, 0x00, 0x00, 0x12, 0x00, 0x01, 0x00,
    0x82, 0x00, 0x00, 0x00, 0x70, 0x04, 0x00, 0x01, 0x1e, 0x00, 0x00, 0x00,
    0x12, 0x00, 0x01, 0x00, 0x88, 0x00, 0x00, 0x00, 0x40, 0x01, 0x00, 0x01,
    0x1e, 0x00, 0x00, 0x00, 0x12, 0x00, 0x01, 0x00, 0x94, 0x00, 0x00, 0x00,
    0xf0, 0x03, 0x00, 0x01, 0x58, 0x00, 0x00, 0x00, 0x12, 0x00, 0x01, 0x00,
    0x9e, 0x00, 0x00, 0x00, 0x60, 0x01, 0x00, 0x01, 0x18, 0x00, 0x00, 0x00,
    0x12, 0x00, 0x01, 0x00, 0xa7, 0x00, 0x00, 0x00, 0xa0, 0x01, 0x00, 0x01,
    0x18, 0x00, 0x00, 0x00, 0x12, 0x00, 0x01, 0x00, 0xae, 0x00, 0x00, 0x00,
    0x00, 0x00, 0x00, 0x01, 0x1b, 0x00, 0x00, 0x00, 0x12, 0x00, 0x01, 0x00,
    0xb5, 0x00, 0x00, 0x00, 0xc0, 0x00, 0x00, 0x01, 0x1e, 0x00, 0x00, 0x00,
    0x12, 0x00, 0x01, 0x00, 0xbd, 0x00, 0x00, 0x00, 0xe0, 0x02, 0x00, 0x01,
    0x1a, 0x00, 0x00, 0x00, 0x12, 0x00, 0x01, 0x00, 0xc6, 0x00, 0x00, 0x00,
    0xc0, 0x01, 0x00, 0x01, 0x18, 0x00, 0x00, 0x00, 0x12, 0x00, 0x01, 0x00,
    0xcc, 0x00, 0x00, 0x00, 0x90, 0x03, 0x00, 0x01, 0x58, 0x00, 0x00, 0x00,
    0x12, 0x00, 0x01, 0x00, 0xd8, 0x00, 0x00, 0x00, 0x40, 0x02, 0x00, 0x01,
    0x3e, 0x00, 0x00, 0x00, 0x12, 0x00, 0x01, 0x00, 0xe1, 0x00, 0x00, 0x00,
    0x40, 0x03, 0x00, 0x01, 0x20, 0x00, 0x00, 0x00, 0x12, 0x00, 0x01, 0x00,
    0xeb, 0x00, 0x00, 0x00, 0xd0, 0x04, 0x00, 0x01, 0x9a, 0x00, 0x00, 0x00,
    0x12, 0x00, 0x02, 0x00, 0xf0, 0x00, 0x00, 0x00, 0x40, 0x00, 0x00, 0x01,
    0x1a, 0x00, 0x00, 0x00, 0x12, 0x00, 0x01, 0x00, 0xfa, 0x00, 0x00, 0x00,
    0xe0, 0x01, 0x00, 0x01, 0x18, 0x00, 0x00, 0x00, 0x12, 0x00, 0x01, 0x00,
    0x03, 0x01, 0x00, 0x00, 0xa0, 0x00, 0x00, 0x01, 0x1e, 0x00, 0x00, 0x00,
    0x12, 0x00, 0x01, 0x00, 0x0c, 0x01, 0x00, 0x00, 0x20, 0x03, 0x00, 0x01,
    0x18, 0x00, 0x00, 0x00, 0x12, 0x00, 0x01, 0x00, 0x1a, 0x01, 0x00, 0x00,
    0x20, 0x01, 0x00, 0x01, 0x1a, 0x00, 0x00, 0x00, 0x12, 0x00, 0x01, 0x00,
    0x24, 0x01, 0x00, 0x00, 0xe0, 0x00, 0x00, 0x01, 0x1a, 0x00, 0x00, 0x00,
    0x12, 0x00, 0x01, 0x00, 0x2e, 0x01, 0x00, 0x00, 0x60, 0x03, 0x00, 0x01,
    0x22, 0x00, 0x00, 0x00, 0x12, 0x00, 0x01, 0x00, 0x3a, 0x01, 0x00, 0x00,
    0x20, 0x02, 0x00, 0x01, 0x16, 0x00, 0x00, 0x00, 0x12, 0x00, 0x01, 0x00,
    0x3f, 0x01, 0x00, 0x00, 0x80, 0x01, 0x00, 0x01, 0x18, 0x00, 0x00, 0x00,
    0x12, 0x00, 0x01, 0x00, 0x4c, 0x01, 0x00, 0x00, 0xc0, 0x04, 0x00, 0x01,
    0x01, 0x00, 0x00, 0x00, 0x12, 0x00, 0x01, 0x00, 0x00, 0x6c, 0x69, 0x62,
    0x61, 0x6f, 0x73, 0x2e, 0x63, 0x00, 0x68, 0x65, 0x61, 0x70, 0x5f, 0x6e,
    0x65, 0x78, 0x74, 0x00, 0x75, 0x70, 0x74, 0x69, 0x6d, 0x65, 0x2e, 0x63,
    0x00, 0x70, 0x75, 0x74, 0x63, 0x68, 0x61, 0x72, 0x00, 0x73, 0x65, 0x74,
    0x5f, 0x73, 0x74, 0x64, 0x6f, 0x75, 0x74, 0x00, 0x79, 0x69, 0x65, 0x6c,
    0x64, 0x00, 0x70, 0x72, 0x69, 0x6e, 0x74, 0x00, 0x66, 0x73, 0x5f, 0x67,
    0x65, 0x74, 0x5f, 0x73, 0x69, 0x7a, 0x65, 0x00, 0x67, 0x65, 0x74, 0x70,
    0x69, 0x64, 0x00, 0x67, 0x65, 0x74, 0x5f, 0x61, 0x72, 0x67, 0x73, 0x00,
    0x6d, 0x61, 0x6c, 0x6c, 0x6f, 0x63, 0x00, 0x73, 0x65, 0x6e, 0x64, 0x5f,
    0x6d, 0x73, 0x67, 0x00, 0x70, 0x72, 0x69, 0x6e, 0x74, 0x5f, 0x64, 0x65,
    0x63, 0x00, 0x72, 0x65, 0x67, 0x69, 0x73, 0x74, 0x65, 0x72, 0x5f, 0x65,
    0x76, 0x65, 0x6e, 0x74, 0x73, 0x00, 0x73, 0x70, 0x61, 0x77, 0x6e, 0x00,
    0x66, 0x73, 0x5f, 0x6c, 0x69, 0x73, 0x74, 0x5f, 0x67, 0x65, 0x74, 0x00,
    0x66, 0x69, 0x6c, 0x6c, 0x5f, 0x72, 0x65, 0x63, 0x74, 0x00, 0x67, 0x65,
    0x74, 0x5f, 0x74, 0x69, 0x63, 0x6b, 0x00, 0x72, 0x65, 0x62, 0x6f, 0x6f,
    0x74, 0x00, 0x5f, 0x73, 0x74, 0x61, 0x72, 0x74, 0x00, 0x66, 0x73, 0x5f,
    0x72, 0x65, 0x61, 0x64, 0x00, 0x72, 0x65, 0x63, 0x76, 0x5f, 0x6d, 0x73,
    0x67, 0x00, 0x70, 0x61, 0x6e, 0x69, 0x63, 0x00, 0x72, 0x65, 0x6e, 0x64,
    0x65, 0x72, 0x5f, 0x74, 0x65, 0x78, 0x74, 0x00, 0x72, 0x65, 0x61, 0x64,
    0x5f, 0x6b, 0x65, 0x79, 0x00, 0x67, 0x65, 0x74, 0x5f, 0x6d, 0x6f, 0x75,
    0x73, 0x65, 0x00, 0x6d, 0x61, 0x69, 0x6e, 0x00, 0x70, 0x72, 0x69, 0x6e,
    0x74, 0x5f, 0x68, 0x65, 0x78, 0x00, 0x73, 0x68, 0x75, 0x74, 0x64, 0x6f,
    0x77, 0x6e, 0x00, 0x66, 0x73, 0x5f, 0x77, 0x72, 0x69, 0x74, 0x65, 0x00,
    0x67, 0x65, 0x74, 0x5f, 0x65, 0x76, 0x65, 0x6e, 0x74, 0x5f, 0x70, 0x69,
    0x64, 0x00, 0x66, 0x73, 0x5f, 0x65, 0x78, 0x69, 0x73, 0x74, 0x73, 0x00,
    0x66, 0x73, 0x5f, 0x64, 0x65, 0x6c, 0x65, 0x74, 0x65, 0x00, 0x67, 0x65,
    0x74, 0x5f, 0x66, 0x62, 0x5f, 0x69, 0x6e, 0x66, 0x6f, 0x00, 0x65, 0x78,
    0x69, 0x74, 0x00, 0x63, 0x6c, 0x65, 0x61, 0x72, 0x5f, 0x73, 0x63, 0x72,
    0x65, 0x65, 0x6e, 0x00, 0x66, 0x72, 0x65, 0x65, 0x00, 0x00, 0x2e, 0x73,
    0x79, 0x6d, 0x74, 0x61, 0x62, 0x00, 0x2e, 0x73, 0x74, 0x72, 0x74, 0x61,
    0x62, 0x00, 0x2e, 0x73, 0x68, 0x73, 0x74, 0x72, 0x74, 0x61, 0x62, 0x00,
    0x2e, 0x74, 0x65, 0x78, 0x74, 0x00, 0x2e, 0x74, 0x65, 0x78, 0x74, 0x2e,
    0x73, 0x74, 0x61, 0x72, 0x74, 0x75, 0x70, 0x00, 0x2e, 0x65, 0x68, 0x5f,
    0x66, 0x72, 0x61, 0x6d, 0x65, 0x00, 0x2e, 0x72, 0x6f, 0x64, 0x61, 0x74,
    0x61, 0x2e, 0x73, 0x74, 0x72, 0x31, 0x2e, 0x31, 0x00, 0x2e, 0x64, 0x61,
    0x74, 0x61, 0x00, 0x2e, 0x63, 0x6f, 0x6d, 0x6d, 0x65, 0x6e, 0x74, 0x00,
    0x00, 0x00, 0x00, 0x00, 0x00, 0x00, 0x00, 0x00, 0x00, 0x00, 0x00, 0x00,
    0x00, 0x00, 0x00, 0x00, 0x00, 0x00, 0x00, 0x00, 0x00, 0x00, 0x00, 0x00,
    0x00, 0x00, 0x00, 0x00, 0x00, 0x00, 0x00, 0x00, 0x00, 0x00, 0x00, 0x00,
    0x00, 0x00, 0x00, 0x00, 0x1b, 0x00, 0x00, 0x00, 0x01, 0x00, 0x00, 0x00,
    0x06, 0x00, 0x00, 0x00, 0x00, 0x00, 0x00, 0x01, 0x80, 0x00, 0x00, 0x00,
    0xc1, 0x04, 0x00, 0x00, 0x00, 0x00, 0x00, 0x00, 0x00, 0x00, 0x00, 0x00,
    0x10, 0x00, 0x00, 0x00, 0x00, 0x00, 0x00, 0x00, 0x21, 0x00, 0x00, 0x00,
    0x01, 0x00, 0x00, 0x00, 0x06, 0x00, 0x00, 0x00, 0xd0, 0x04, 0x00, 0x01,
    0x50, 0x05, 0x00, 0x00, 0x9a, 0x00, 0x00, 0x00, 0x00, 0x00, 0x00, 0x00,
    0x00, 0x00, 0x00, 0x00, 0x10, 0x00, 0x00, 0x00, 0x00, 0x00, 0x00, 0x00,
    0x2f, 0x00, 0x00, 0x00, 0x01, 0x00, 0x00, 0x00, 0x02, 0x00, 0x00, 0x00,
    0x6c, 0x05, 0x00, 0x01, 0xec, 0x05, 0x00, 0x00, 0xe0, 0x05, 0x00, 0x00,
    0x00, 0x00, 0x00, 0x00, 0x00, 0x00, 0x00, 0x00, 0x04, 0x00, 0x00, 0x00,
    0x00, 0x00, 0x00, 0x00, 0x39, 0x00, 0x00, 0x00, 0x01, 0x00, 0x00, 0x00,
    0x32, 0x00, 0x00, 0x00, 0x4c, 0x0b, 0x00, 0x01, 0xcc, 0x0b, 0x00, 0x00,
    0x13, 0x00, 0x00, 0x00, 0x00, 0x00, 0x00, 0x00, 0x00, 0x00, 0x00, 0x00,
    0x01, 0x00, 0x00, 0x00, 0x01, 0x00, 0x00, 0x00, 0x48, 0x00, 0x00, 0x00,
    0x01, 0x00, 0x00, 0x00, 0x03, 0x00, 0x00, 0x00, 0x60, 0x0b, 0x00, 0x01,
    0xe0, 0x0b, 0x00, 0x00, 0x04, 0x00, 0x00, 0x00, 0x00, 0x00, 0x00, 0x00,
    0x00, 0x00, 0x00, 0x00, 0x04, 0x00, 0x00, 0x00, 0x00, 0x00, 0x00, 0x00,
    0x4e, 0x00, 0x00, 0x00, 0x01, 0x00, 0x00, 0x00, 0x30, 0x00, 0x00, 0x00,
    0x00, 0x00, 0x00, 0x00, 0xe4, 0x0b, 0x00, 0x00, 0x26, 0x00, 0x00, 0x00,
    0x00, 0x00, 0x00, 0x00, 0x00, 0x00, 0x00, 0x00, 0x01, 0x00, 0x00, 0x00,
    0x01, 0x00, 0x00, 0x00, 0x01, 0x00, 0x00, 0x00, 0x02, 0x00, 0x00, 0x00,
    0x00, 0x00, 0x00, 0x00, 0x00, 0x00, 0x00, 0x00, 0x0c, 0x0c, 0x00, 0x00,
    0x60, 0x02, 0x00, 0x00, 0x08, 0x00, 0x00, 0x00, 0x04, 0x00, 0x00, 0x00,
    0x04, 0x00, 0x00, 0x00, 0x10, 0x00, 0x00, 0x00, 0x09, 0x00, 0x00, 0x00,
    0x03, 0x00, 0x00, 0x00, 0x00, 0x00, 0x00, 0x00, 0x00, 0x00, 0x00, 0x00,
    0x6c, 0x0e, 0x00, 0x00, 0x51, 0x01, 0x00, 0x00, 0x00, 0x00, 0x00, 0x00,
    0x00, 0x00, 0x00, 0x00, 0x01, 0x00, 0x00, 0x00, 0x00, 0x00, 0x00, 0x00,
    0x11, 0x00, 0x00, 0x00, 0x03, 0x00, 0x00, 0x00, 0x00, 0x00, 0x00, 0x00,
    0x00, 0x00, 0x00, 0x00, 0xbd, 0x0f, 0x00, 0x00, 0x57, 0x00, 0x00, 0x00,
    0x00, 0x00, 0x00, 0x00, 0x00, 0x00, 0x00, 0x00, 0x01, 0x00, 0x00, 0x00,
    0x00, 0x00, 0x00, 0x00,
};

static const unsigned char prog_clear_elf[] = {
    0x7f, 0x45, 0x4c, 0x46, 0x01, 0x01, 0x01, 0x00, 0x00, 0x00, 0x00, 0x00,
    0x00, 0x00, 0x00, 0x00, 0x02, 0x00, 0x03, 0x00, 0x01, 0x00, 0x00, 0x00,
    0x00, 0x00, 0x00, 0x01, 0x34, 0x00, 0x00, 0x00, 0x3c, 0x0f, 0x00, 0x00,
    0x00, 0x00, 0x00, 0x00, 0x34, 0x00, 0x20, 0x00, 0x02, 0x00, 0x28, 0x00,
    0x09, 0x00, 0x08, 0x00, 0x01, 0x00, 0x00, 0x00, 0x80, 0x00, 0x00, 0x00,
    0x00, 0x00, 0x00, 0x01, 0x00, 0x00, 0x00, 0x01, 0x9c, 0x0a, 0x00, 0x00,
    0x9c, 0x0a, 0x00, 0x00, 0x07, 0x00, 0x00, 0x00, 0x10, 0x00, 0x00, 0x00,
    0x51, 0xe5, 0x74, 0x64, 0x00, 0x00, 0x00, 0x00, 0x00, 0x00, 0x00, 0x00,
    0x00, 0x00, 0x00, 0x00, 0x00, 0x00, 0x00, 0x00, 0x00, 0x00, 0x00, 0x00,
    0x06, 0x00, 0x00, 0x00, 0x10, 0x00, 0x00, 0x00, 0x00, 0x00, 0x00, 0x00,
    0x00, 0x00, 0x00, 0x00, 0x00, 0x00, 0x00, 0x00, 0x57, 0x56, 0x53, 0x31,
    0xdb, 0x89, 0xde, 0x89, 0xdf, 0xe8, 0xc2, 0x04, 0x00, 0x00, 0xb8, 0x10,
    0x00, 0x00, 0x00, 0x89, 0xd9, 0x89, 0xda, 0xcd, 0x80, 0xeb, 0xfe, 0x2e,
    0x8d, 0x74, 0x26, 0x00, 0x31, 0xc0, 0x57, 0x89, 0xc1, 0x56, 0x89, 0xc2,
    0x89, 0xc6, 0x53, 0x89, 0xc7, 0x8b, 0x5c, 0x24, 0x10, 0xcd, 0x80, 0x5b,
    0x5e, 0x5f, 0xc3, 0x90, 0x2e, 0x8d, 0xb4, 0x26, 0x00, 0x00, 0x00, 0x00,
    0x31, 0xc9, 0x57, 0xb8, 0x01, 0x00, 0x00, 0x00, 0x56, 0x89, 0xca, 0x89,
    0xce, 0x89, 0xcf, 0x53, 0x8b, 0x5c, 0x24, 0x10, 0xcd, 0x80, 0x5b, 0x5e,
    0x5f, 0xc3, 0x8d, 0xb6, 0x00, 0x00, 0x00, 0x00, 0x31, 0xc9, 0x57, 0xb8,
    0x02, 0x00, 0x00, 0x00, 0x56, 0x89, 0xca, 0x89, 0xce, 0x89, 0xcf, 0x53,
    0x8b, 0x5c, 0x24, 0x10, 0xcd, 0x80, 0x5b, 0x5e, 0x5f, 0xc3, 0x8d, 0xb6,
    0x00, 0x00, 0x00, 0x00, 0x31, 0xc9, 0x57, 0xb8, 0x03, 0x00, 0x00, 0x00,
    0x56, 0x89, 0xca, 0x89, 0xce, 0x89, 0xcf, 0x53, 0x0f, 0xbe, 0x5c, 0x24,
    0x10, 0xcd, 0x80, 0x5b, 0x5e, 0x5f, 0xc3, 0x2e, 0x8d, 0x74, 0x26, 0x00,
    0x57, 0xb8, 0x04, 0x00, 0x00, 0x00, 0x56, 0x31, 0xf6, 0x53, 0x89, 0xf7,
    0x8b, 0x4c, 0x24, 0x14, 0x8b, 0x54, 0x24, 0x18, 0x8b, 0x5c, 0x24, 0x10,
    0xcd, 0x80, 0x5b, 0x5e, 0x5f, 0xc3, 0x66, 0x90, 0x57, 0xb8, 0x05, 0x00,
    0x00, 0x00, 0x56, 0x31, 0xf6, 0x53, 0x89, 0xf7, 0x8b, 0x4c, 0x24, 0x14,
    0x8b, 0x54, 0x24, 0x18, 0x8b, 0x5c, 0x24, 0x10, 0xcd, 0x80, 0x5b, 0x5e,
    0x5f, 0xc3, 0x66, 0x90, 0x31, 0xc9, 0x57, 0xb8, 0x06, 0x00, 0x00, 0x00,
    0x56, 0x89, 0xca, 0x89, 0xce, 0x89, 0xcf, 0x53, 0x8b, 0x5c, 0x24, 0x10,
    0xcd, 0x80, 0x5b, 0x5e, 0x5f, 0xc3, 0x8d, 0xb6, 0x00, 0x00, 0x00, 0x00,
    0x31, 0xc9, 0x57, 0xb8, 0x07, 0x00, 0x00, 0x00, 0x56, 0x89, 0xca, 0x89,
    0xce, 0x89, 0xcf, 0x53, 0x8b, 0x5c, 0x24, 0x10, 0xcd, 0x80, 0x5b, 0x5e,
    0x5f, 0xc3, 0x8d, 0xb6, 0x00, 0x00, 0x00, 0x00, 0x31, 0xc9, 0x57, 0xb8,
    0x08, 0x00, 0x00, 0x00, 0x56, 0x89, 0xca, 0x89, 0xce, 0x89, 0xcf, 0x53,
    0x8b, 0x5c, 0x24, 0x10, 0xcd, 0x80, 0x5b, 0x5e, 0x5f, 0xc3, 0x8d, 0xb6,
    0x00, 0x00, 0x00, 0x00, 0x57, 0xb8, 0x09, 0x00, 0x00, 0x00, 0x56, 0x31,
    0xf6, 0x53, 0x89, 0xf7, 0x8b, 0x4c, 0x24, 0x14, 0x8b, 0x54, 0x24, 0x18,
    0x8b, 0x5c, 0x24, 0x10, 0xcd, 0x80, 0x5b, 0x5e, 0x5f, 0xc3, 0x66, 0x90,
    0x57, 0xb8, 0x0a, 0x00, 0x00, 0x00, 0x56, 0x53, 0x31, 0xdb, 0x89, 0xd9,
    0x89, 0xda, 0x89, 0xde, 0x89, 0xdf, 0xcd, 0x80, 0x5b, 0x5e, 0x5f, 0xc3,
    0x2e, 0x8d, 0xb4, 0x26, 0x00, 0x00, 0x00, 0x00, 0x57, 0xb8, 0x0b, 0x00,
    0x00, 0x00, 0x56, 0x53, 0x31, 0xdb, 0x89, 0xd9, 0x89, 0xda, 0x89, 0xde,
    0x89, 0xdf, 0xcd, 0x80, 0x5b, 0x5e, 0x5f, 0xc3, 0x2e, 0x8d, 0xb4, 0x26,
    0x00, 0x00, 0x00, 0x00, 0x57, 0xb8, 0x0c, 0x00, 0x00, 0x00, 0x56, 0x53,
    0x31, 0xdb, 0x89, 0xd9, 0x89, 0xda, 0x89, 0xde, 0x89, 0xdf, 0xcd, 0x80,
    0x5b, 0x5e, 0x5f, 0xc3, 0x2e, 0x8d, 0xb4, 0x26, 0x00, 0x00, 0x00, 0x00,
    0x57, 0xb8, 0x0d, 0x00, 0x00, 0x00, 0x56, 0x53, 0x31, 0xdb, 0x89, 0xd9,
    0x89, 0xda, 0x89, 0xde, 0x89, 0xdf, 0xcd, 0x80, 0x5b, 0x5e, 0x5f, 0xc3,
    0x2e, 0x8d, 0xb4, 0x26, 0x00, 0x00, 0x00, 0x00, 0x57, 0xb8, 0x0e, 0x00,
    0x00, 0x00, 0x56, 0x53, 0x31, 0xdb, 0x89, 0xd9, 0x89, 0xda, 0x89, 0xde,
    0x89, 0xdf, 0xcd, 0x80, 0x5b, 0x5e, 0x5f, 0xc3, 0x2e, 0x8d, 0xb4, 0x26,
    0x00, 0x00, 0x00, 0x00, 0x31, 0xd2, 0x57, 0xb8, 0x0f, 0x00, 0x00, 0x00,
    0x56, 0x89, 0xd7, 0x89, 0xd6, 0x53, 0x8b, 0x4c, 0x24, 0x14, 0x8b, 0x5c,
    0x24, 0x10, 0xcd, 0x80, 0x5b, 0x5e, 0x5f, 0xc3, 0x8d, 0x74, 0x26, 0x00,
    0x57, 0xb8, 0x10, 0x00, 0x00, 0x00, 0x56, 0x53, 0x31, 0xdb, 0x89, 0xd9,
    0x89, 0xda, 0x89, 0xde, 0x89, 0xdf, 0xcd, 0x80, 0xeb, 0xfe, 0x66, 0x90,
    0x2e, 0x8d, 0xb4, 0x26, 0x00, 0x00, 0x00, 0x00, 0x55, 0xb8, 0x11, 0x00,
    0x00, 0x00, 0x57, 0x56, 0x53, 0x31, 0xdb, 0x89, 0xd9, 0x89, 0xda, 0x89,
    0xde, 0x89, 0xdf, 0xcd, 0x80, 0x85, 0xc0, 0x79, 0x20, 0xbd, 0x12, 0x00,
    0x00, 0x00, 0x66, 0x90, 0x31, 0xdb, 0x89, 0xe8, 0x89, 0xd9, 0x89, 0xda,
    0x89, 0xde, 0x89, 0xdf, 0xcd, 0x80, 0xb8, 0x11, 0x00, 0x00, 0x00, 0xcd,
    0x80, 0x85, 0xc0, 0x78, 0xe7, 0x5b, 0x5e, 0x5f, 0x5d, 0xc3, 0x66, 0x90,
    0x57, 0xb8, 0x12, 0x00, 0x00, 0x00, 0x56, 0x53, 0x31, 0xdb, 0x89, 0xd9,
    0x89, 0xda, 0x89, 0xde, 0x89, 0xdf, 0xcd, 0x80, 0x5b, 0x5e, 0x5f, 0xc3,
    0x2e, 0x8d, 0xb4, 0x26, 0x00, 0x00, 0x00, 0x00, 0x57, 0xb8, 0x13, 0x00,
    0x00, 0x00, 0x56, 0x53, 0x31, 0xdb, 0x89, 0xd9, 0x89, 0xda, 0x89, 0xde,
    0x89, 0xdf, 0xcd, 0x80, 0x5b, 0x5e, 0x5f, 0xc3, 0x2e, 0x8d, 0xb4, 0x26,
    0x00, 0x00, 0x00, 0x00, 0x31, 0xd2, 0x57, 0xb8, 0x14, 0x00, 0x00, 0x00,
    0x56, 0x89, 0xd7, 0x89, 0xd6, 0x53, 0x8b, 0x4c, 0x24, 0x14, 0x8b, 0x5c,
    0x24, 0x10, 0xcd, 0x80, 0x5b, 0x5e, 0x5f, 0xc3, 0x8d, 0x74, 0x26, 0x00,
    0x31, 0xc9, 0x57, 0xb8, 0x15, 0x00, 0x00, 0x00, 0x56, 0x89, 0xca, 0x89,
    0xce, 0x89, 0xcf, 0x53, 0x8b, 0x5c, 0x24, 0x10, 0xcd, 0x80, 0x5b, 0x5e,
    0x5f, 0xc3, 0x8d, 0xb6, 0x00, 0x00, 0x00, 0x00, 0x57, 0xb8, 0x16, 0x00,
    0x00, 0x00, 0x56, 0x53, 0x31, 0xdb, 0x89, 0xd9, 0x89, 0xda, 0x89, 0xde,
    0x89, 0xdf, 0xcd, 0x80, 0x5b, 0x5e, 0x5f, 0xc3, 0x2e, 0x8d, 0xb4, 0x26,
    0x00, 0x00, 0x00, 0x00, 0x57, 0xb8, 0x1d, 0x00, 0x00, 0x00, 0x56, 0x53,
    0x31, 0xdb, 0x89, 0xd9, 0x89, 0xda, 0x89, 0xde, 0x89, 0xdf, 0xcd, 0x80,
    0x5b, 0x5e, 0x5f, 0xc3, 0x2e, 0x8d, 0xb4, 0x26, 0x00, 0x00, 0x00, 0x00,
    0x57, 0xb8, 0x17, 0x00, 0x00, 0x00, 0x31, 0xff, 0x56, 0x53, 0x8b, 0x4c,
    0x24, 0x14, 0x8b, 0x54, 0x24, 0x18, 0x8b, 0x5c, 0x24, 0x10, 0x8b, 0x74,
    0x24, 0x1c, 0xcd, 0x80, 0x5b, 0x5e, 0x5f, 0xc3, 0x57, 0xb8, 0x18, 0x00,
    0x00, 0x00, 0x56, 0x53, 0x8b, 0x4c, 0x24, 0x14, 0x8b, 0x54, 0x24, 0x18,
    0x8b, 0x5c, 0x24, 0x10, 0x8b, 0x74, 0x24, 0x1c, 0x8b, 0x7c, 0x24, 0x20,
    0xcd, 0x80, 0x5b, 0x5e, 0x5f, 0xc3, 0x8d, 0xb6, 0x00, 0x00, 0x00, 0x00,
    0x2e, 0x8d, 0xb4, 0x26, 0x00, 0x00, 0x00, 0x00, 0x57, 0x31, 0xc9, 0x56,
    0x89, 0xca, 0x89, 0xce, 0x89, 0xcf, 0x53, 0x83, 0xec, 0x20, 0x8b, 0x44,
    0x24, 0x30, 0x8d, 0x5c, 0x24, 0x04, 0x89, 0x44, 0x24, 0x04, 0x8b, 0x44,
    0x24, 0x34, 0x89, 0x44, 0x24, 0x08, 0x8b, 0x44, 0x24, 0x38, 0x89, 0x44,
    0x24, 0x0c, 0x8b, 0x44, 0x24, 0x3c, 0x89, 0x44, 0x24, 0x10, 0x8b, 0x44,
    0x24, 0x40, 0x89, 0x44, 0x24, 0x14, 0x8b, 0x44, 0x24, 0x44, 0x89, 0x44,
    0x24, 0x18, 0x8b, 0x44, 0x24, 0x48, 0x89, 0x44, 0x24, 0x1c, 0xb8, 0x19,
    0x00, 0x00, 0x00, 0xcd, 0x80, 0x83, 0xc4, 0x20, 0x5b, 0x5e, 0x5f, 0xc3,
    0x2e, 0x8d, 0xb4, 0x26, 0x00, 0x00, 0x00, 0x00, 0x57, 0x31, 0xc9, 0x56,
    0x89, 0xca, 0x89, 0xce, 0x89, 0xcf, 0x53, 0x83, 0xec, 0x20, 0x8b, 0x44,
    0x24, 0x30, 0x8d, 0x5c, 0x24, 0x04, 0x89, 0x44, 0x24, 0x04, 0x8b, 0x44,
    0x24, 0x34, 0x89, 0x44, 0x24, 0x08, 0x8b, 0x44, 0x24, 0x38, 0x89, 0x44,
    0x24, 0x0c, 0x8b, 0x44, 0x24, 0x3c, 0x89, 0x44, 0x24, 0x10, 0x8b, 0x44,
    0x24, 0x40, 0x89, 0x44, 0x24, 0x14, 0x8b, 0x44, 0x24, 0x44, 0x89, 0x44,
    0x24, 0x18, 0x8b, 0x44, 0x24, 0x48, 0x89, 0x44, 0x24, 0x1c, 0xb8, 0x1a,
    0x00, 0x00, 0x00, 0xcd, 0x80, 0x83, 0xc4, 0x20, 0x5b, 0x5e, 0x5f, 0xc3,
    0x2e, 0x8d, 0xb4, 0x26, 0x00, 0x00, 0x00, 0x00, 0x31, 0xc9, 0x57, 0xb8,
    0x1b, 0x00, 0x00, 0x00, 0x56, 0x89, 0xca, 0x89, 0xce, 0x89, 0xcf, 0x53,
    0x8b, 0x5c, 0x24, 0x10, 0xcd, 0x80, 0x5b, 0x5e, 0x5f, 0xc3, 0x8d, 0xb6,
    0x00, 0x00, 0x00, 0x00, 0x57, 0xb8, 0x1c, 0x00, 0x00, 0x00, 0x56, 0x31,
    0xf6, 0x53, 0x89, 0xf7, 0x8b, 0x4c, 0x24, 0x14, 0x8b, 0x54, 0x24, 0x18,
    0x8b, 0x5c, 0x24, 0x10, 0xcd, 0x80, 0x5b, 0x5e, 0x5f, 0xc3, 0x66, 0x90,
    0x8b, 0x44, 0x24, 0x04, 0x8b, 0x15, 0x98, 0x0a, 0x00, 0x01, 0x83, 0xc0,
    0x0f, 0x83, 0xe0, 0xf0, 0x01, 0xd0, 0x3d, 0x00, 0x00, 0x80, 0x01, 0x77,
    0x0f, 0xa3, 0x98, 0x0a, 0x00, 0x01, 0x89, 0xd0, 0xc3, 0x8d, 0xb4, 0x26,
    0x00, 0x00, 0x00, 0x00, 0x31, 0xd2, 0x89, 0xd0, 0xc3, 0x8d, 0x76, 0x00,
    0xc3, 0x00, 0x00, 0x00, 0x00, 0x00, 0x00, 0x00, 0x00, 0x00, 0x00, 0x00,
    0x00, 0x00, 0x00, 0x00, 0x55, 0x89, 0xe5, 0x83, 0xe4, 0xf0, 0xe8, 0xa5,
    0xfc, 0xff, 0xff, 0xc9, 0xc3, 0x00, 0x00, 0x00, 0x14, 0x00, 0x00, 0x00,
    0x00, 0x00, 0x00, 0x00, 0x01, 0x7a, 0x52, 0x00, 0x01, 0x7c, 0x08, 0x01,
    0x1b, 0x0c, 0x04, 0x04, 0x88, 0x01, 0x00, 0x00, 0x1c, 0x00, 0x00, 0x00,
    0x1c, 0x00, 0x00, 0x00, 0x00, 0xfb, 0xff, 0xff, 0x1b, 0x00, 0x00, 0x00,
    0x00, 0x41, 0x0e, 0x08, 0x87, 0x02, 0x41, 0x0e, 0x0c, 0x86, 0x03, 0x41,
    0x0e, 0x10, 0x83, 0x04, 0x28, 0x00, 0x00, 0x00, 0x3c, 0x00, 0x00, 0x00,
    0x00, 0xfb, 0xff, 0xff, 0x17, 0x00, 0x00, 0x00, 0x00, 0x43, 0x0e, 0x08,
    0x87, 0x02, 0x43, 0x0e, 0x0c, 0x86, 0x03, 0x45, 0x0e, 0x10, 0x83, 0x04,
    0x49, 0xc3, 0x0e, 0x0c, 0x41, 0xc6, 0x0e, 0x08, 0x41, 0xc7, 0x0e, 0x04,
    0x28, 0x00, 0x00, 0x00, 0x68, 0x00, 0x00, 0x00, 0xf4, 0xfa, 0xff, 0xff,
    0x1a, 0x00, 0x00, 0x00, 0x00, 0x43, 0x0e, 0x08, 0x87, 0x02, 0x46, 0x0e,
    0x0c, 0x86, 0x03, 0x47, 0x0e, 0x10, 0x83, 0x04, 0x47, 0xc3, 0x0e, 0x0c,
    0x41, 0xc6, 0x0e, 0x08, 0x41, 0xc7, 0x0e, 0x04, 0x28, 0x00, 0x00, 0x00,
    0x94, 0x00, 0x00, 0x00, 0xe8, 0xfa, 0xff, 0xff, 0x1a, 0x00, 0x00, 0x00,
    0x00, 0x43, 0x0e, 0x08, 0x87, 0x02, 0x46, 0x0e, 0x0c, 0x86, 0x03, 0x47,
    0x0e, 0x10, 0x83, 0x04, 0x47, 0xc3, 0x0e, 0x0c, 0x41, 0xc6, 0x0e, 0x08,
    0x41, 0xc7, 0x0e, 0x04, 0x28, 0x00, 0x00, 0x00, 0xc0, 0x00, 0x00, 0x00,
    0xdc, 0xfa, 0xff, 0xff, 0x1b, 0x00, 0x00, 0x00, 0x00, 0x43, 0x0e, 0x08,
    0x87, 0x02, 0x46, 0x0e, 0x0c, 0x86, 0x03, 0x47, 0x0e, 0x10, 0x83, 0x04,
    0x48, 0xc3, 0x0e, 0x0c, 0x41, 0xc6, 0x0e, 0x08, 0x41, 0xc7, 0x0e, 0x04,
    0x28, 0x00, 0x00, 0x00, 0xec, 0x00, 0x00, 0x00, 0xd0, 0xfa, 0xff, 0xff,
    0x1e, 0x00, 0x00, 0x00, 0x00, 0x41, 0x0e, 0x08, 0x87, 0x02, 0x46, 0x0e,
    0x0c, 0x86, 0x03, 0x43, 0x0e, 0x10, 0x83, 0x04, 0x51, 0xc3, 0x0e, 0x0c,
    0x41, 0xc6, 0x0e, 0x08, 0x41, 0xc7, 0x0e, 0x04, 0x28, 0x00, 0x00, 0x00,
    0x18, 0x01, 0x00, 0x00, 0xc4, 0xfa, 0xff, 0xff, 0x1e, 0x00, 0x00, 0x00,
    0x00, 0x41, 0x0e, 0x08, 0x87, 0x02, 0x46, 0x0e, 0x0c, 0x86, 0x03, 0x43,
    0x0e, 0x10, 0x83, 0x04, 0x51, 0xc3, 0x0e, 0x0c, 0x41, 0xc6, 0x0e, 0x08,
    0x41, 0xc7, 0x0e, 0x04, 0x28, 0x00, 0x00, 0x00, 0x44, 0x01, 0x00, 0x00,
    0xb8, 0xfa, 0xff, 0xff, 0x1a, 0x00, 0x00, 0x00, 0x00, 0x43, 0x0e, 0x08,
    0x87, 0x02, 0x46, 0x0e, 0x0c, 0x86, 0x03, 0x47, 0x0e, 0x10, 0x83, 0x04,
    0x47, 0xc3, 0x0e, 0x0c, 0x41, 0xc6, 0x0e, 0x08, 0x41, 0xc7, 0x0e, 0x04,
    0x28, 0x00, 0x00, 0x00, 0x70, 0x01, 0x00, 0x00, 0xac, 0xfa, 0xff, 0xff,
    0x1a, 0x00, 0x00, 0x00, 0x00, 0x43, 0x0e, 0x08, 0x87, 0x02, 0x46, 0x0e,
    0x0c, 0x86, 0x03, 0x47, 0x0e, 0x10, 0x83, 0x04, 0x47, 0xc3, 0x0e, 0x0c,
    0x41, 0xc6, 0x0e, 0x08, 0x41, 0xc7, 0x0e, 0x04, 0x28, 0x00, 0x00, 0x00,
    0x9c, 0x01, 0x00, 0x00, 0xa0, 0xfa, 0xff, 0xff, 0x1a, 0x00, 0x00, 0x00,
    0x00, 0x43, 0x0e, 0x08, 0x87, 0x02, 0x46, 0x0e, 0x0c, 0x86, 0x03, 0x47,
    0x0e, 0x10, 0x83, 0x04, 0x47, 0xc3, 0x0e, 0x0c, 0x41, 0xc6, 0x0e, 0x08,
    0x41, 0xc7, 0x0e, 0x04, 0x28, 0x00, 0x00, 0x00, 0xc8, 0x01, 0x00, 0x00,
    0x94, 0xfa, 0xff, 0xff, 0x1e, 0x00, 0x00, 0x00, 0x00, 0x41, 0x0e, 0x08,
    0x87, 0x02, 0x46, 0x0e, 0x0c, 0x86, 0x03, 0x43, 0x0e, 0x10, 0x83, 0x04,
    0x51, 0xc3, 0x0e, 0x0c, 0x41, 0xc6, 0x0e, 0x08, 0x41, 0xc7, 0x0e, 0x04,
    0x28, 0x00, 0x00, 0x00, 0xf4, 0x01, 0x00, 0x00, 0x88, 0xfa, 0xff, 0xff,
    0x18, 0x00, 0x00, 0x00, 0x00, 0x41, 0x0e, 0x08, 0x87, 0x02, 0x46, 0x0e,
    0x0c, 0x86, 0x03, 0x41, 0x0e, 0x10, 0x83, 0x04, 0x4d, 0xc3, 0x0e, 0x0c,
    0x41, 0xc6, 0x0e, 0x08, 0x41, 0xc7, 0x0e, 0x04, 0x28, 0x00, 0x00, 0x00,
    0x20, 0x02, 0x00, 0x00, 0x7c, 0xfa, 0xff, 0xff, 0x18, 0x00, 0x00, 0x00,
    0x00, 0x41, 0x0e, 0x08, 0x87, 0x02, 0x46, 0x0e, 0x0c, 0x86, 0x03, 0x41,
    0x0e, 0x10, 0x83, 0x04, 0x4d, 0xc3, 0x0e, 0x0c, 0x41, 0xc6, 0x0e, 0x08,
    0x41, 0xc7, 0x0e, 0x04, 0x28, 0x00, 0x00, 0x00, 0x4c, 0x02, 0x00, 0x00,
    0x70, 0xfa, 0xff, 0xff, 0x18, 0x00, 0x00, 0x00, 0x00, 0x41, 0x0e, 0x08,
    0x87, 0x02, 0x46, 0x0e, 0x0c, 0x86, 0x03, 0x41, 0x0e, 0x10, 0x83, 0x04,
    0x4d, 0xc3, 0x0e, 0x0c, 0x41, 0xc6, 0x0e, 0x08, 0x41, 0xc7, 0x0e, 0x04,
    0x28, 0x00, 0x00, 0x00, 0x78, 0x02, 0x00, 0x00, 0x64, 0xfa, 0xff, 0xff,
    0x18, 0x00, 0x00, 0x00, 0x00, 0x41, 0x0e, 0x08, 0x87, 0x02, 0x46, 0x0e,
    0x0c, 0x86, 0x03, 0x41, 0x0e, 0x10, 0x83, 0x04, 0x4d, 0xc3, 0x0e, 0x0c,
    0x41, 0xc6, 0x0e, 0x08, 0x41, 0xc7, 0x0e, 0x04, 0x28, 0x00, 0x00, 0x00,
    0xa4, 0x02, 0x00, 0x00, 0x58, 0xfa, 0xff, 0xff, 0x18, 0x00, 0x00, 0x00,
    0x00, 0x41, 0x0e, 0x08, 0x87, 0x02, 0x46, 0x0e, 0x0c, 0x86, 0x03, 0x41,
    0x0e, 0x10, 0x83, 0x04, 0x4d, 0xc3, 0x0e, 0x0c, 0x41, 0xc6, 0x0e, 0x08,
    0x41, 0xc7, 0x0e, 0x04, 0x28, 0x00, 0x00, 0x00, 0xd0, 0x02, 0x00, 0x00,
    0x4c, 0xfa, 0xff, 0xff, 0x1c, 0x00, 0x00, 0x00, 0x00, 0x43, 0x0e, 0x08,
    0x87, 0x02, 0x46, 0x0e, 0x0c, 0x86, 0x03, 0x45, 0x0e, 0x10, 0x83, 0x04,
    0x4b, 0xc3, 0x0e, 0x0c, 0x41, 0xc6, 0x0e, 0x08, 0x41, 0xc7, 0x0e, 0x04,
    0x1c, 0x00, 0x00, 0x00, 0xfc, 0x02, 0x00, 0x00, 0x40, 0xfa, 0xff, 0xff,
    0x16, 0x00, 0x00, 0x00, 0x00, 0x41, 0x0e, 0x08, 0x87, 0x02, 0x46, 0x0e,
    0x0c, 0x86, 0x03, 0x41, 0x0e, 0x10, 0x83, 0x04, 0x34, 0x00, 0x00, 0x00,
    0x1c, 0x03, 0x00, 0x00, 0x40, 0xfa, 0xff, 0xff, 0x3e, 0x00, 0x00, 0x00,
    0x00, 0x41, 0x0e, 0x08, 0x85, 0x02, 0x46, 0x0e, 0x0c, 0x87, 0x03, 0x41,
    0x0e, 0x10, 0x86, 0x04, 0x41, 0x0e, 0x14, 0x83, 0x05, 0x71, 0xc3, 0x0e,
    0x10, 0x41, 0xc6, 0x0e, 0x0c, 0x41, 0xc7, 0x0e, 0x08, 0x41, 0xc5, 0x0e,
    0x04, 0x00, 0x00, 0x00, 0x28, 0x00, 0x00, 0x00, 0x54, 0x03, 0x00, 0x00,
    0x48, 0xfa, 0xff, 0xff, 0x18, 0x00, 0x00, 0x00, 0x00, 0x41, 0x0e, 0x08,
    0x87, 0x02, 0x46, 0x0e, 0x0c, 0x86, 0x03, 0x41, 0x0e, 0x10, 0x83, 0x04,
    0x4d, 0xc3, 0x0e, 0x0c, 0x41, 0xc6, 0x0e, 0x08, 0x41, 0xc7, 0x0e, 0x04,
    0x28, 0x00, 0x00, 0x00, 0x80, 0x03, 0x00, 0x00, 0x3c, 0xfa, 0xff, 0xff,
    0x18, 0x00, 0x00, 0x00, 0x00, 0x41, 0x0e, 0x08, 0x87, 0x02, 0x46, 0x0e,
    0x0c, 0x86, 0x03, 0x41, 0x0e, 0x10, 0x83, 0x04, 0x4d, 0xc3, 0x0e, 0x0c,
    0x41, 0xc6, 0x0e, 0x08, 0x41, 0xc7, 0x0e, 0x04, 0x28, 0x00, 0x00, 0x00,
    0xac, 0x03, 0x00, 0x00, 0x30, 0xfa, 0xff, 0xff, 0x1c, 0x00, 0x00, 0x00,
    0x00, 0x43, 0x0e, 0x08, 0x87, 0x02, 0x46, 0x0e, 0x0c, 0x86, 0x03, 0x45,
    0x0e, 0x10, 0x83, 0x04, 0x4b, 0xc3, 0x0e, 0x0c, 0x41, 0xc6, 0x0e, 0x08,
    0x41, 0xc7, 0x0e, 0x04, 0x28, 0x00, 0x00, 0x00, 0xd8, 0x03, 0x00, 0x00,
    0x24, 0xfa, 0xff, 0xff, 0x1a, 0x00, 0x00, 0x00, 0x00, 0x43, 0x0e, 0x08,
    0x87, 0x02, 0x46, 0x0e, 0x0c, 0x86, 0x03, 0x47, 0x0e, 0x10, 0x83, 0x04,
    0x47, 0xc3, 0x0e, 0x0c, 0x41, 0xc6, 0x0e, 0x08, 0x41, 0xc7, 0x0e, 0x04,
    0x28, 0x00, 0x00, 0x00, 0x04, 0x04, 0x00, 0x00, 0x18, 0xfa, 0xff, 0xff,
    0x18, 0x00, 0x00, 0x00, 0x00, 0x41, 0x0e, 0x08, 0x87, 0x02, 0x46, 0x0e,
    0x0c, 0x86, 0x03, 0x41, 0x0e, 0x10, 0x83, 0x04, 0x4d, 0xc3, 0x0e, 0x0c,
    0x41, 0xc6, 0x0e, 0x08, 0x41, 0xc7, 0x0e, 0x04, 0x28, 0x00, 0x00, 0x00,
    0x30, 0x04, 0x00, 0x00, 0x0c, 0xfa, 0xff, 0xff, 0x18, 0x00, 0x00, 0x00,
    0x00, 0x41, 0x0e, 0x08, 0x87, 0x02, 0x46, 0x0e, 0x0c, 0x86, 0x03, 0x41,
    0x0e, 0x10, 0x83, 0x04, 0x4d, 0xc3, 0x0e, 0x0c, 0x41, 0xc6, 0x0e, 0x08,
    0x41, 0xc7, 0x0e, 0x04, 0x28, 0x00, 0x00, 0x00, 0x5c, 0x04, 0x00, 0x00,
    0x00, 0xfa, 0xff, 0xff, 0x20, 0x00, 0x00, 0x00, 0x00, 0x41, 0x0e, 0x08,
    0x87, 0x02, 0x48, 0x0e, 0x0c, 0x86, 0x03, 0x41, 0x0e, 0x10, 0x83, 0x04,
    0x53, 0xc3, 0x0e, 0x0c, 0x41, 0xc6, 0x0e, 0x08, 0x41, 0xc7, 0x0e, 0x04,
    0x28, 0x00, 0x00, 0x00, 0x88, 0x04, 0x00, 0x00, 0xf4, 0xf9, 0xff, 0xff,
    0x22, 0x00, 0x00, 0x00, 0x00, 0x41, 0x0e, 0x08, 0x87, 0x02, 0x46, 0x0e,
    0x0c, 0x86, 0x03, 0x41, 0x0e, 0x10, 0x83, 0x04, 0x57, 0xc3, 0x0e, 0x0c,
    0x41, 0xc6, 0x0e, 0x08, 0x41, 0xc7, 0x0e, 0x04, 0x30, 0x00, 0x00, 0x00,
    0xb4, 0x04, 0x00, 0x00, 0xf8, 0xf9, 0xff, 0xff, 0x58, 0x00, 0x00, 0x00,
    0x00, 0x41, 0x0e, 0x08, 0x87, 0x02, 0x43, 0x0e, 0x0c, 0x86, 0x03, 0x47,
    0x0e, 0x10, 0x83, 0x04, 0x43, 0x0e, 0x30, 0x02, 0x46, 0x0e, 0x10, 0x41,
    0xc3, 0x0e, 0x0c, 0x41, 0xc6, 0x0e, 0x08, 0x41, 0xc7, 0x0e, 0x04, 0x00,
    0x30, 0x00, 0x00, 0x00, 0xe8, 0x04, 0x00, 0x00, 0x24, 0xfa, 0xff, 0xff,
    0x58, 0x00, 0x00, 0x00, 0x00, 0x41, 0x0e, 0x08, 0x87, 0x02, 0x43, 0x0e,
    0x0c, 0x86, 0x03, 0x47, 0x0e, 0x10, 0x83, 0x04, 0x43, 0x0e, 0x30, 0x02,
    0x46, 0x0e, 0x10, 0x41, 0xc3, 0x0e, 0x0c, 0x41, 0xc6, 0x0e, 0x08, 0x41,
    0xc7, 0x0e, 0x04, 0x00, 0x28, 0x00, 0x00, 0x00, 0x1c, 0x05, 0x00, 0x00,
    0x50, 0xfa, 0xff, 0xff, 0x1a, 0x00, 0x00, 0x00, 0x00, 0x43, 0x0e, 0x08,
    0x87, 0x02, 0x46, 0x0e, 0x0c, 0x86, 0x03, 0x47, 0x0e, 0x10, 0x83, 0x04,
    0x47, 0xc3, 0x0e, 0x0c, 0x41, 0xc6, 0x0e, 0x08, 0x41, 0xc7, 0x0e, 0x04,
    0x28, 0x00, 0x00, 0x00, 0x48, 0x05, 0x00, 0x00, 0x44, 0xfa, 0xff, 0xff,
    0x1e, 0x00, 0x00, 0x00, 0x00, 0x41, 0x0e, 0x08, 0x87, 0x02, 0x46, 0x0e,
    0x0c, 0x86, 0x03, 0x43, 0x0e, 0x10, 0x83, 0x04, 0x51, 0xc3, 0x0e, 0x0c,
    0x41, 0xc6, 0x0e, 0x08, 0x41, 0xc7, 0x0e, 0x04, 0x10, 0x00, 0x00, 0x00,
    0x74, 0x05, 0x00, 0x00, 0x38, 0xfa, 0xff, 0xff, 0x2d, 0x00, 0x00, 0x00,
    0x00, 0x00, 0x00, 0x00, 0x10, 0x00, 0x00, 0x00, 0x88, 0x05, 0x00, 0x00,
    0x54, 0xfa, 0xff, 0xff, 0x01, 0x00, 0x00, 0x00, 0x00, 0x00, 0x00, 0x00,
    0x1c, 0x00, 0x00, 0x00, 0x9c, 0x05, 0x00, 0x00, 0x50, 0xfa, 0xff, 0xff,
    0x0d, 0x00, 0x00, 0x00, 0x00, 0x41, 0x0e, 0x08, 0x85, 0x02, 0x42, 0x0d,
    0x05, 0x49, 0xc5, 0x0c, 0x04, 0x04, 0x00, 0x00, 0x00, 0x00, 0x10, 0x01,
    0x47, 0x43, 0x43, 0x3a, 0x20, 0x28, 0x55, 0x62, 0x75, 0x6e, 0x74, 0x75,
    0x20, 0x31, 0x35, 0x2e, 0x32, 0x2e, 0x30, 0x2d, 0x31, 0x36, 0x75, 0x62,
    0x75, 0x6e, 0x74, 0x75, 0x31, 0x29, 0x20, 0x31, 0x35, 0x2e, 0x32, 0x2e,
    0x30, 0x00, 0x00, 0x00, 0x00, 0x00, 0x00, 0x00, 0x00, 0x00, 0x00, 0x00,
    0x00, 0x00, 0x00, 0x00, 0x00, 0x00, 0x00, 0x00, 0x01, 0x00, 0x00, 0x00,
    0x00, 0x00, 0x00, 0x00, 0x00, 0x00, 0x00, 0x00, 0x04, 0x00, 0xf1, 0xff,
    0x0a, 0x00, 0x00, 0x00, 0x98, 0x0a, 0x00, 0x01, 0x04, 0x00, 0x00, 0x00,
    0x01, 0x00, 0x04, 0x00, 0x14, 0x00, 0x00, 0x00, 0x00, 0x00, 0x00, 0x00,
    0x00, 0x00, 0x00, 0x00, 0x04, 0x00, 0xf1, 0xff, 0x1c, 0x00, 0x00, 0x00,
    0x80, 0x00, 0x00, 0x01, 0x1b, 0x00, 0x00, 0x00, 0x12, 0x00, 0x01, 0x00,
    0x24, 0x00, 0x00, 0x00, 0x50, 0x04, 0x00, 0x01, 0x1a, 0x00, 0x00, 0x00,
    0x12, 0x00, 0x01, 0x00, 0x2f, 0x00, 0x00, 0x00, 0x80, 0x02, 0x00, 0x01,
    0x18, 0x00, 0x00, 0x00, 0x12, 0x00, 0x01, 0x00, 0x35, 0x00, 0x00, 0x00,
    0x20, 0x00, 0x00, 0x01, 0x17, 0x00, 0x00, 0x00, 0x12, 0x00, 0x01, 0x00,
    0x3b, 0x00, 0x00, 0x00, 0x00, 0x01, 0x00, 0x01, 0x1a, 0x00, 0x00, 0x00,
    0x12, 0x00, 0x01, 0x00, 0x47, 0x00, 0x00, 0x00, 0xa0, 0x02, 0x00, 0x01,
    0x18, 0x00, 0x00, 0x00, 0x12, 0x00, 0x01, 0x00, 0x4e, 0x00, 0x00, 0x00,
    0x00, 0x02, 0x00, 0x01, 0x1c, 0x00, 0x00, 0x00, 0x12, 0x00, 0x01, 0x00,
    0x57, 0x00, 0x00, 0x00, 0x90, 0x04, 0x00, 0x01, 0x2d, 0x00, 0x00, 0x00,
    0x12, 0x00, 0x01, 0x00, 0x5e, 0x00, 0x00, 0x00, 0xc0, 0x02, 0x00, 0x01,
    0x1c, 0x00, 0x00, 0x00, 0x12, 0x00, 0x01, 0x00, 0x67, 0x00, 0x00, 0x00,
    0x60, 0x00, 0x00, 0x01, 0x1a, 0x00, 0x00, 0x00, 0x12, 0x00, 0x01, 0x00,
    0x71, 0x00, 0x00, 0x00, 0x00, 0x03, 0x00, 0x01, 0x18, 0x00, 0x00, 0x00,
    0x12, 0x00, 0x01, 0x00, 0x81, 0x00, 0x00, 0x00, 0x70, 0x04, 0x00, 0x01,
    0x1e, 0x00, 0x00, 0x00, 0x12, 0x00, 0x01, 0x00, 0x87, 0x00, 0x00, 0x00,
    0x40, 0x01, 0x00, 0x01, 0x1e, 0x00, 0x00, 0x00, 0x12, 0x00, 0x01, 0x00,
    0x93, 0x00, 0x00, 0x00, 0xf0, 0x03, 0x00, 0x01, 0x58, 0x00, 0x00, 0x00,
    0x12, 0x00, 0x01, 0x00, 0x9d, 0x00, 0x00, 0x00, 0x60, 0x01, 0x00, 0x01,
    0x18, 0x00, 0x00, 0x00, 0x12, 0x00, 0x01, 0x00, 0xa6, 0x00, 0x00, 0x00,
    0xa0, 0x01, 0x00, 0x01, 0x18, 0x00, 0x00, 0x00, 0x12, 0x00, 0x01, 0x00,
    0xad, 0x00, 0x00, 0x00, 0x00, 0x00, 0x00, 0x01, 0x1b, 0x00, 0x00, 0x00,
    0x12, 0x00, 0x01, 0x00, 0xb4, 0x00, 0x00, 0x00, 0xc0, 0x00, 0x00, 0x01,
    0x1e, 0x00, 0x00, 0x00, 0x12, 0x00, 0x01, 0x00, 0xbc, 0x00, 0x00, 0x00,
    0xe0, 0x02, 0x00, 0x01, 0x1a, 0x00, 0x00, 0x00, 0x12, 0x00, 0x01, 0x00,
    0xc5, 0x00, 0x00, 0x00, 0xc0, 0x01, 0x00, 0x01, 0x18, 0x00, 0x00, 0x00,
    0x12, 0x00, 0x01, 0x00, 0xcb, 0x00, 0x00, 0x00, 0x90, 0x03, 0x00, 0x01,
    0x58, 0x00, 0x00, 0x00, 0x12, 0x00, 0x01, 0x00, 0xd7, 0x00, 0x00, 0x00,
    0x40, 0x02, 0x00, 0x01, 0x3e, 0x00, 0x00, 0x00, 0x12, 0x00, 0x01, 0x00,
    0xe0, 0x00, 0x00, 0x00, 0x40, 0x03, 0x00, 0x01, 0x20, 0x00, 0x00, 0x00,
    0x12, 0x00, 0x01, 0x00, 0xea, 0x00, 0x00, 0x00, 0xd0, 0x04, 0x00, 0x01,
    0x0d, 0x00, 0x00, 0x00, 0x12, 0x00, 0x02, 0x00, 0xef, 0x00, 0x00, 0x00,
    0x40, 0x00, 0x00, 0x01, 0x1a, 0x00, 0x00, 0x00, 0x12, 0x00, 0x01, 0x00,
    0xf9, 0x00, 0x00, 0x00, 0xe0, 0x01, 0x00, 0x01, 0x18, 0x00, 0x00, 0x00,
    0x12, 0x00, 0x01, 0x00, 0x02, 0x01, 0x00, 0x00, 0xa0, 0x00, 0x00, 0x01,
    0x1e, 0x00, 0x00, 0x00, 0x12, 0x00, 0x01, 0x00, 0x0b, 0x01, 0x00, 0x00,
    0x20, 0x03, 0x00, 0x01, 0x18, 0x00, 0x00, 0x00, 0x12, 0x00, 0x01, 0x00,
    0x19, 0x01, 0x00, 0x00, 0x20, 0x01, 0x00, 0x01, 0x1a, 0x00, 0x00, 0x00,
    0x12, 0x00, 0x01, 0x00, 0x23, 0x01, 0x00, 0x00, 0xe0, 0x00, 0x00, 0x01,
    0x1a, 0x00, 0x00, 0x00, 0x12, 0x00, 0x01, 0x00, 0x2d, 0x01, 0x00, 0x00,
    0x60, 0x03, 0x00, 0x01, 0x22, 0x00, 0x00, 0x00, 0x12, 0x00, 0x01, 0x00,
    0x39, 0x01, 0x00, 0x00, 0x20, 0x02, 0x00, 0x01, 0x16, 0x00, 0x00, 0x00,
    0x12, 0x00, 0x01, 0x00, 0x3e, 0x01, 0x00, 0x00, 0x80, 0x01, 0x00, 0x01,
    0x18, 0x00, 0x00, 0x00, 0x12, 0x00, 0x01, 0x00, 0x4b, 0x01, 0x00, 0x00,
    0xc0, 0x04, 0x00, 0x01, 0x01, 0x00, 0x00, 0x00, 0x12, 0x00, 0x01, 0x00,
    0x00, 0x6c, 0x69, 0x62, 0x61, 0x6f, 0x73, 0x2e, 0x63, 0x00, 0x68, 0x65,
    0x61, 0x70, 0x5f, 0x6e, 0x65, 0x78, 0x74, 0x00, 0x63, 0x6c, 0x65, 0x61,
    0x72, 0x2e, 0x63, 0x00, 0x70, 0x75, 0x74, 0x63, 0x68, 0x61, 0x72, 0x00,
    0x73, 0x65, 0x74, 0x5f, 0x73, 0x74, 0x64, 0x6f, 0x75, 0x74, 0x00, 0x79,
    0x69, 0x65, 0x6c, 0x64, 0x00, 0x70, 0x72, 0x69, 0x6e, 0x74, 0x00, 0x66,
    0x73, 0x5f, 0x67, 0x65, 0x74, 0x5f, 0x73, 0x69, 0x7a, 0x65, 0x00, 0x67,
    0x65, 0x74, 0x70, 0x69, 0x64, 0x00, 0x67, 0x65, 0x74, 0x5f, 0x61, 0x72,
    0x67, 0x73, 0x00, 0x6d, 0x61, 0x6c, 0x6c, 0x6f, 0x63, 0x00, 0x73, 0x65,
    0x6e, 0x64, 0x5f, 0x6d, 0x73, 0x67, 0x00, 0x70, 0x72, 0x69, 0x6e, 0x74,
    0x5f, 0x64, 0x65, 0x63, 0x00, 0x72, 0x65, 0x67, 0x69, 0x73, 0x74, 0x65,
    0x72, 0x5f, 0x65, 0x76, 0x65, 0x6e, 0x74, 0x73, 0x00, 0x73, 0x70, 0x61,
    0x77, 0x6e, 0x00, 0x66, 0x73, 0x5f, 0x6c, 0x69, 0x73, 0x74, 0x5f, 0x67,
    0x65, 0x74, 0x00, 0x66, 0x69, 0x6c, 0x6c, 0x5f, 0x72, 0x65, 0x63, 0x74,
    0x00, 0x67, 0x65, 0x74, 0x5f, 0x74, 0x69, 0x63, 0x6b, 0x00, 0x72, 0x65,
    0x62, 0x6f, 0x6f, 0x74, 0x00, 0x5f, 0x73, 0x74, 0x61, 0x72, 0x74, 0x00,
    0x66, 0x73, 0x5f, 0x72, 0x65, 0x61, 0x64, 0x00, 0x72, 0x65, 0x63, 0x76,
    0x5f, 0x6d, 0x73, 0x67, 0x00, 0x70, 0x61, 0x6e, 0x69, 0x63, 0x00, 0x72,
    0x65, 0x6e, 0x64, 0x65, 0x72, 0x5f, 0x74, 0x65, 0x78, 0x74, 0x00, 0x72,
    0x65, 0x61, 0x64, 0x5f, 0x6b, 0x65, 0x79, 0x00, 0x67, 0x65, 0x74, 0x5f,
    0x6d, 0x6f, 0x75, 0x73, 0x65, 0x00, 0x6d, 0x61, 0x69, 0x6e, 0x00, 0x70,
    0x72, 0x69, 0x6e, 0x74, 0x5f, 0x68, 0x65, 0x78, 0x00, 0x73, 0x68, 0x75,
    0x74, 0x64, 0x6f, 0x77, 0x6e, 0x00, 0x66, 0x73, 0x5f, 0x77, 0x72, 0x69,
    0x74, 0x65, 0x00, 0x67, 0x65, 0x74, 0x5f, 0x65, 0x76, 0x65, 0x6e, 0x74,
    0x5f, 0x70, 0x69, 0x64, 0x00, 0x66, 0x73, 0x5f, 0x65, 0x78, 0x69, 0x73,
    0x74, 0x73, 0x00, 0x66, 0x73, 0x5f, 0x64, 0x65, 0x6c, 0x65, 0x74, 0x65,
    0x00, 0x67, 0x65, 0x74, 0x5f, 0x66, 0x62, 0x5f, 0x69, 0x6e, 0x66, 0x6f,
    0x00, 0x65, 0x78, 0x69, 0x74, 0x00, 0x63, 0x6c, 0x65, 0x61, 0x72, 0x5f,
    0x73, 0x63, 0x72, 0x65, 0x65, 0x6e, 0x00, 0x66, 0x72, 0x65, 0x65, 0x00,
    0x00, 0x2e, 0x73, 0x79, 0x6d, 0x74, 0x61, 0x62, 0x00, 0x2e, 0x73, 0x74,
    0x72, 0x74, 0x61, 0x62, 0x00, 0x2e, 0x73, 0x68, 0x73, 0x74, 0x72, 0x74,
    0x61, 0x62, 0x00, 0x2e, 0x74, 0x65, 0x78, 0x74, 0x00, 0x2e, 0x74, 0x65,
    0x78, 0x74, 0x2e, 0x73, 0x74, 0x61, 0x72, 0x74, 0x75, 0x70, 0x00, 0x2e,
    0x65, 0x68, 0x5f, 0x66, 0x72, 0x61, 0x6d, 0x65, 0x00, 0x2e, 0x64, 0x61,
    0x74, 0x61, 0x00, 0x2e, 0x63, 0x6f, 0x6d, 0x6d, 0x65, 0x6e, 0x74, 0x00,
    0x00, 0x00, 0x00, 0x00, 0x00, 0x00, 0x00, 0x00, 0x00, 0x00, 0x00, 0x00,
    0x00, 0x00, 0x00, 0x00, 0x00, 0x00, 0x00, 0x00, 0x00, 0x00, 0x00, 0x00,
    0x00, 0x00, 0x00, 0x00, 0x00, 0x00, 0x00, 0x00, 0x00, 0x00, 0x00, 0x00,
    0x00, 0x00, 0x00, 0x00, 0x1b, 0x00, 0x00, 0x00, 0x01, 0x00, 0x00, 0x00,
    0x06, 0x00, 0x00, 0x00, 0x00, 0x00, 0x00, 0x01, 0x80, 0x00, 0x00, 0x00,
    0xc1, 0x04, 0x00, 0x00, 0x00, 0x00, 0x00, 0x00, 0x00, 0x00, 0x00, 0x00,
    0x10, 0x00, 0x00, 0x00, 0x00, 0x00, 0x00, 0x00, 0x21, 0x00, 0x00, 0x00,
    0x01, 0x00, 0x00, 0x00, 0x06, 0x00, 0x00, 0x00, 0xd0, 0x04, 0x00, 0x01,
    0x50, 0x05, 0x00, 0x00, 0x0d, 0x00, 0x00, 0x00, 0x00, 0x00, 0x00, 0x00,
    0x00, 0x00, 0x00, 0x00, 0x10, 0x00, 0x00, 0x00, 0x00, 0x00, 0x00, 0x00,
    0x2f, 0x00, 0x00, 0x00, 0x01, 0x00, 0x00, 0x00, 0x02, 0x00, 0x00, 0x00,
    0xe0, 0x04, 0x00, 0x01, 0x60, 0x05, 0x00, 0x00, 0xb8, 0x05, 0x00, 0x00,
    0x00, 0x00, 0x00, 0x00, 0x00, 0x00, 0x00, 0x00, 0x04, 0x00, 0x00, 0x00,
    0x00, 0x00, 0x00, 0x00, 0x39, 0x00, 0x00, 0x00, 0x01, 0x00, 0x00, 0x00,
    0x03, 0x00, 0x00, 0x00, 0x98, 0x0a, 0x00, 0x01, 0x18, 0x0b, 0x00, 0x00,
    0x04, 0x00, 0x00, 0x00, 0x00, 0x00, 0x00, 0x00, 0x00, 0x00, 0x00, 0x00,
    0x04, 0x00, 0x00, 0x00, 0x00, 0x00, 0x00, 0x00, 0x3f, 0x00, 0x00, 0x00,
    0x01, 0x00, 0x00, 0x00, 0x30, 0x00, 0x00, 0x00, 0x00, 0x00, 0x00, 0x00,
    0x1c, 0x0b, 0x00, 0x00, 0x26, 0x00, 0x00, 0x00, 0x00, 0x00, 0x00, 0x00,
    0x00, 0x00, 0x00, 0x00, 0x01, 0x00, 0x00, 0x00, 0x01, 0x00, 0x00, 0x00,
    0x01, 0x00, 0x00, 0x00, 0x02, 0x00, 0x00, 0x00, 0x00, 0x00, 0x00, 0x00,
    0x00, 0x00, 0x00, 0x00, 0x44, 0x0b, 0x00, 0x00, 0x60, 0x02, 0x00, 0x00,
    0x07, 0x00, 0x00, 0x00, 0x04, 0x00, 0x00, 0x00, 0x04, 0x00, 0x00, 0x00,
    0x10, 0x00, 0x00, 0x00, 0x09, 0x00, 0x00, 0x00, 0x03, 0x00, 0x00, 0x00,
    0x00, 0x00, 0x00, 0x00, 0x00, 0x00, 0x00, 0x00, 0xa4, 0x0d, 0x00, 0x00,
    0x50, 0x01, 0x00, 0x00, 0x00, 0x00, 0x00, 0x00, 0x00, 0x00, 0x00, 0x00,
    0x01, 0x00, 0x00, 0x00, 0x00, 0x00, 0x00, 0x00, 0x11, 0x00, 0x00, 0x00,
    0x03, 0x00, 0x00, 0x00, 0x00, 0x00, 0x00, 0x00, 0x00, 0x00, 0x00, 0x00,
    0xf4, 0x0e, 0x00, 0x00, 0x48, 0x00, 0x00, 0x00, 0x00, 0x00, 0x00, 0x00,
    0x00, 0x00, 0x00, 0x00, 0x01, 0x00, 0x00, 0x00, 0x00, 0x00, 0x00, 0x00,
};

static const unsigned char prog_echo_elf[] = {
    0x7f, 0x45, 0x4c, 0x46, 0x01, 0x01, 0x01, 0x00, 0x00, 0x00, 0x00, 0x00,
    0x00, 0x00, 0x00, 0x00, 0x02, 0x00, 0x03, 0x00, 0x01, 0x00, 0x00, 0x00,
    0x00, 0x00, 0x00, 0x01, 0x34, 0x00, 0x00, 0x00, 0xfc, 0x10, 0x00, 0x00,
    0x00, 0x00, 0x00, 0x00, 0x34, 0x00, 0x20, 0x00, 0x02, 0x00, 0x28, 0x00,
    0x0a, 0x00, 0x09, 0x00, 0x01, 0x00, 0x00, 0x00, 0x80, 0x00, 0x00, 0x00,
    0x00, 0x00, 0x00, 0x01, 0x00, 0x00, 0x00, 0x01, 0x4c, 0x0c, 0x00, 0x00,
    0x4c, 0x0c, 0x00, 0x00, 0x07, 0x00, 0x00, 0x00, 0x20, 0x00, 0x00, 0x00,
    0x51, 0xe5, 0x74, 0x64, 0x00, 0x00, 0x00, 0x00, 0x00, 0x00, 0x00, 0x00,
    0x00, 0x00, 0x00, 0x00, 0x00, 0x00, 0x00, 0x00, 0x00, 0x00, 0x00, 0x00,
    0x06, 0x00, 0x00, 0x00, 0x10, 0x00, 0x00, 0x00, 0x00, 0x00, 0x00, 0x00,
    0x00, 0x00, 0x00, 0x00, 0x00, 0x00, 0x00, 0x00, 0x57, 0x56, 0x53, 0x31,
    0xdb, 0x89, 0xde, 0x89, 0xdf, 0xe8, 0xd2, 0x04, 0x00, 0x00, 0xb8, 0x10,
    0x00, 0x00, 0x00, 0x89, 0xd9, 0x89, 0xda, 0xcd, 0x80, 0xeb, 0xfe, 0x2e,
    0x8d, 0x74, 0x26, 0x00, 0x31, 0xc0, 0x57, 0x89, 0xc1, 0x56, 0x89, 0xc2,
    0x89, 0xc6, 0x53, 0x89, 0xc7, 0x8b, 0x5c, 0x24, 0x10, 0xcd, 0x80, 0x5b,
    0x5e, 0x5f, 0xc3, 0x90, 0x2e, 0x8d, 0xb4, 0x26, 0x00, 0x00, 0x00, 0x00,
    0x31, 0xc9, 0x57, 0xb8, 0x01, 0x00, 0x00, 0x00, 0x56, 0x89, 0xca, 0x89,
    0xce, 0x89, 0xcf, 0x53, 0x8b, 0x5c, 0x24, 0x10, 0xcd, 0x80, 0x5b, 0x5e,
    0x5f, 0xc3, 0x8d, 0xb6, 0x00, 0x00, 0x00, 0x00, 0x31, 0xc9, 0x57, 0xb8,
    0x02, 0x00, 0x00, 0x00, 0x56, 0x89, 0xca, 0x89, 0xce, 0x89, 0xcf, 0x53,
    0x8b, 0x5c, 0x24, 0x10, 0xcd, 0x80, 0x5b, 0x5e, 0x5f, 0xc3, 0x8d, 0xb6,
    0x00, 0x00, 0x00, 0x00, 0x31, 0xc9, 0x57, 0xb8, 0x03, 0x00, 0x00, 0x00,
    0x56, 0x89, 0xca, 0x89, 0xce, 0x89, 0xcf, 0x53, 0x0f, 0xbe, 0x5c, 0x24,
    0x10, 0xcd, 0x80, 0x5b, 0x5e, 0x5f, 0xc3, 0x2e, 0x8d, 0x74, 0x26, 0x00,
    0x57, 0xb8, 0x04, 0x00, 0x00, 0x00, 0x56, 0x31, 0xf6, 0x53, 0x89, 0xf7,
    0x8b, 0x4c, 0x24, 0x14, 0x8b, 0x54, 0x24, 0x18, 0x8b, 0x5c, 0x24, 0x10,
    0xcd, 0x80, 0x5b, 0x5e, 0x5f, 0xc3, 0x66, 0x90, 0x57, 0xb8, 0x05, 0x00,
    0x00, 0x00, 0x56, 0x31, 0xf6, 0x53, 0x89, 0xf7, 0x8b, 0x4c, 0x24, 0x14,
    0x8b, 0x54, 0x24, 0x18, 0x8b, 0x5c, 0x24, 0x10, 0xcd, 0x80, 0x5b, 0x5e,
    0x5f, 0xc3, 0x66, 0x90, 0x31, 0xc9, 0x57, 0xb8, 0x06, 0x00, 0x00, 0x00,
    0x56, 0x89, 0xca, 0x89, 0xce, 0x89, 0xcf, 0x53, 0x8b, 0x5c, 0x24, 0x10,
    0xcd, 0x80, 0x5b, 0x5e, 0x5f, 0xc3, 0x8d, 0xb6, 0x00, 0x00, 0x00, 0x00,
    0x31, 0xc9, 0x57, 0xb8, 0x07, 0x00, 0x00, 0x00, 0x56, 0x89, 0xca, 0x89,
    0xce, 0x89, 0xcf, 0x53, 0x8b, 0x5c, 0x24, 0x10, 0xcd, 0x80, 0x5b, 0x5e,
    0x5f, 0xc3, 0x8d, 0xb6, 0x00, 0x00, 0x00, 0x00, 0x31, 0xc9, 0x57, 0xb8,
    0x08, 0x00, 0x00, 0x00, 0x56, 0x89, 0xca, 0x89, 0xce, 0x89, 0xcf, 0x53,
    0x8b, 0x5c, 0x24, 0x10, 0xcd, 0x80, 0x5b, 0x5e, 0x5f, 0xc3, 0x8d, 0xb6,
    0x00, 0x00, 0x00, 0x00, 0x57, 0xb8, 0x09, 0x00, 0x00, 0x00, 0x56, 0x31,
    0xf6, 0x53, 0x89, 0xf7, 0x8b, 0x4c, 0x24, 0x14, 0x8b, 0x54, 0x24, 0x18,
    0x8b, 0x5c, 0x24, 0x10, 0xcd, 0x80, 0x5b, 0x5e, 0x5f, 0xc3, 0x66, 0x90,
    0x57, 0xb8, 0x0a, 0x00, 0x00, 0x00, 0x56, 0x53, 0x31, 0xdb, 0x89, 0xd9,
    0x89, 0xda, 0x89, 0xde, 0x89, 0xdf, 0xcd, 0x80, 0x5b, 0x5e, 0x5f, 0xc3,
    0x2e, 0x8d, 0xb4, 0x26, 0x00, 0x00, 0x00, 0x00, 0x57, 0xb8, 0x0b, 0x00,
    0x00, 0x00, 0x56, 0x53, 0x31, 0xdb, 0x89, 0xd9, 0x89, 0xda, 0x89, 0xde,
    0x89, 0xdf, 0xcd, 0x80, 0x5b, 0x5e, 0x5f, 0xc3, 0x2e, 0x8d, 0xb4, 0x26,
    0x00, 0x00, 0x00, 0x00, 0x57, 0xb8, 0x0c, 0x00, 0x00, 0x00, 0x56, 0x53,
    0x31, 0xdb, 0x89, 0xd9, 0x89, 0xda, 0x89, 0xde, 0x89, 0xdf, 0xcd, 0x80,
    0x5b, 0x5e, 0x5f, 0xc3, 0x2e, 0x8d, 0xb4, 0x26, 0x00, 0x00, 0x00, 0x00,
    0x57, 0xb8, 0x0d, 0x00, 0x00, 0x00, 0x56, 0x53, 0x31, 0xdb, 0x89, 0xd9,
    0x89, 0xda, 0x89, 0xde, 0x89, 0xdf, 0xcd, 0x80, 0x5b, 0x5e, 0x5f, 0xc3,
    0x2e, 0x8d, 0xb4, 0x26, 0x00, 0x00, 0x00, 0x00, 0x57, 0xb8, 0x0e, 0x00,
    0x00, 0x00, 0x56, 0x53, 0x31, 0xdb, 0x89, 0xd9, 0x89, 0xda, 0x89, 0xde,
    0x89, 0xdf, 0xcd, 0x80, 0x5b, 0x5e, 0x5f, 0xc3, 0x2e, 0x8d, 0xb4, 0x26,
    0x00, 0x00, 0x00, 0x00, 0x31, 0xd2, 0x57, 0xb8, 0x0f, 0x00, 0x00, 0x00,
    0x56, 0x89, 0xd7, 0x89, 0xd6, 0x53, 0x8b, 0x4c, 0x24, 0x14, 0x8b, 0x5c,
    0x24, 0x10, 0xcd, 0x80, 0x5b, 0x5e, 0x5f, 0xc3, 0x8d, 0x74, 0x26, 0x00,
    0x57, 0xb8, 0x10, 0x00, 0x00, 0x00, 0x56, 0x53, 0x31, 0xdb, 0x89, 0xd9,
    0x89, 0xda, 0x89, 0xde, 0x89, 0xdf, 0xcd, 0x80, 0xeb, 0xfe, 0x66, 0x90,
    0x2e, 0x8d, 0xb4, 0x26, 0x00, 0x00, 0x00, 0x00, 0x55, 0xb8, 0x11, 0x00,
    0x00, 0x00, 0x57, 0x56, 0x53, 0x31, 0xdb, 0x89, 0xd9, 0x89, 0xda, 0x89,
    0xde, 0x89, 0xdf, 0xcd, 0x80, 0x85, 0xc0, 0x79, 0x20, 0xbd, 0x12, 0x00,
    0x00, 0x00, 0x66, 0x90, 0x31, 0xdb, 0x89, 0xe8, 0x89, 0xd9, 0x89, 0xda,
    0x89, 0xde, 0x89, 0xdf, 0xcd, 0x80, 0xb8, 0x11, 0x00, 0x00, 0x00, 0xcd,
    0x80, 0x85, 0xc0, 0x78, 0xe7, 0x5b, 0x5e, 0x5f, 0x5d, 0xc3, 0x66, 0x90,
    0x57, 0xb8, 0x12, 0x00, 0x00, 0x00, 0x56, 0x53, 0x31, 0xdb, 0x89, 0xd9,
    0x89, 0xda, 0x89, 0xde, 0x89, 0xdf, 0xcd, 0x80, 0x5b, 0x5e, 0x5f, 0xc3,
    0x2e, 0x8d, 0xb4, 0x26, 0x00, 0x00, 0x00, 0x00, 0x57, 0xb8, 0x13, 0x00,
    0x00, 0x00, 0x56, 0x53, 0x31, 0xdb, 0x89, 0xd9, 0x89, 0xda, 0x89, 0xde,
    0x89, 0xdf, 0xcd, 0x80, 0x5b, 0x5e, 0x5f, 0xc3, 0x2e, 0x8d, 0xb4, 0x26,
    0x00, 0x00, 0x00, 0x00, 0x31, 0xd2, 0x57, 0xb8, 0x14, 0x00, 0x00, 0x00,
    0x56, 0x89, 0xd7, 0x89, 0xd6, 0x53, 0x8b, 0x4c, 0x24, 0x14, 0x8b, 0x5c,
    0x24, 0x10, 0xcd, 0x80, 0x5b, 0x5e, 0x5f, 0xc3, 0x8d, 0x74, 0x26, 0x00,
    0x31, 0xc9, 0x57, 0xb8, 0x15, 0x00, 0x00, 0x00, 0x56, 0x89, 0xca, 0x89,
    0xce, 0x89, 0xcf, 0x53, 0x8b, 0x5c, 0x24, 0x10, 0xcd, 0x80, 0x5b, 0x5e,
    0x5f, 0xc3, 0x8d, 0xb6, 0x00, 0x00, 0x00, 0x00, 0x57, 0xb8, 0x16, 0x00,
    0x00, 0x00, 0x56, 0x53, 0x31, 0xdb, 0x89, 0xd9, 0x89, 0xda, 0x89, 0xde,
    0x89, 0xdf, 0xcd, 0x80, 0x5b, 0x5e, 0x5f, 0xc3, 0x2e, 0x8d, 0xb4, 0x26,
    0x00, 0x00, 0x00, 0x00, 0x57, 0xb8, 0x1d, 0x00, 0x00, 0x00, 0x56, 0x53,
    0x31, 0xdb, 0x89, 0xd9, 0x89, 0xda, 0x89, 0xde, 0x89, 0xdf, 0xcd, 0x80,
    0x5b, 0x5e, 0x5f, 0xc3, 0x2e, 0x8d, 0xb4, 0x26, 0x00, 0x00, 0x00, 0x00,
    0x57, 0xb8, 0x17, 0x00, 0x00, 0x00, 0x31, 0xff, 0x56, 0x53, 0x8b, 0x4c,
    0x24, 0x14, 0x8b, 0x54, 0x24, 0x18, 0x8b, 0x5c, 0x24, 0x10, 0x8b, 0x74,
    0x24, 0x1c, 0xcd, 0x80, 0x5b, 0x5e, 0x5f, 0xc3, 0x57, 0xb8, 0x18, 0x00,
    0x00, 0x00, 0x56, 0x53, 0x8b, 0x4c, 0x24, 0x14, 0x8b, 0x54, 0x24, 0x18,
    0x8b, 0x5c, 0x24, 0x10, 0x8b, 0x74, 0x24, 0x1c, 0x8b, 0x7c, 0x24, 0x20,
    0xcd, 0x80, 0x5b, 0x5e, 0x5f, 0xc3, 0x8d, 0xb6, 0x00, 0x00, 0x00, 0x00,
    0x2e, 0x8d, 0xb4, 0x26, 0x00, 0x00, 0x00, 0x00, 0x57, 0x31, 0xc9, 0x56,
    0x89, 0xca, 0x89, 0xce, 0x89, 0xcf, 0x53, 0x83, 0xec, 0x20, 0x8b, 0x44,
    0x24, 0x30, 0x8d, 0x5c, 0x24, 0x04, 0x89, 0x44, 0x24, 0x04, 0x8b, 0x44,
    0x24, 0x34, 0x89, 0x44, 0x24, 0x08, 0x8b, 0x44, 0x24, 0x38, 0x89, 0x44,
    0x24, 0x0c, 0x8b, 0x44, 0x24, 0x3c, 0x89, 0x44, 0x24, 0x10, 0x8b, 0x44,
    0x24, 0x40, 0x89, 0x44, 0x24, 0x14, 0x8b, 0x44, 0x24, 0x44, 0x89, 0x44,
    0x24, 0x18, 0x8b, 0x44, 0x24, 0x48, 0x89, 0x44, 0x24, 0x1c, 0xb8, 0x19,
    0x00, 0x00, 0x00, 0xcd, 0x80, 0x83, 0xc4, 0x20, 0x5b, 0x5e, 0x5f, 0xc3,
    0x2e, 0x8d, 0xb4, 0x26, 0x00, 0x00, 0x00, 0x00, 0x57, 0x31, 0xc9, 0x56,
    0x89, 0xca, 0x89, 0xce, 0x89, 0xcf, 0x53, 0x83, 0xec, 0x20, 0x8b, 0x44,
    0x24, 0x30, 0x8d, 0x5c, 0x24, 0x04, 0x89, 0x44, 0x24, 0x04, 0x8b, 0x44,
    0x24, 0x34, 0x89, 0x44, 0x24, 0x08, 0x8b, 0x44, 0x24, 0x38, 0x89, 0x44,
    0x24, 0x0c, 0x8b, 0x44, 0x24, 0x3c, 0x89, 0x44, 0x24, 0x10, 0x8b, 0x44,
    0x24, 0x40, 0x89, 0x44, 0x24, 0x14, 0x8b, 0x44, 0x24, 0x44, 0x89, 0x44,
    0x24, 0x18, 0x8b, 0x44, 0x24, 0x48, 0x89, 0x44, 0x24, 0x1c, 0xb8, 0x1a,
    0x00, 0x00, 0x00, 0xcd, 0x80, 0x83, 0xc4, 0x20, 0x5b, 0x5e, 0x5f, 0xc3,
    0x2e, 0x8d, 0xb4, 0x26, 0x00, 0x00, 0x00, 0x00, 0x31, 0xc9, 0x57, 0xb8,
    0x1b, 0x00, 0x00, 0x00, 0x56, 0x89, 0xca, 0x89, 0xce, 0x89, 0xcf, 0x53,
    0x8b, 0x5c, 0x24, 0x10, 0xcd, 0x80, 0x5b, 0x5e, 0x5f, 0xc3, 0x8d, 0xb6,
    0x00, 0x00, 0x00, 0x00, 0x57, 0xb8, 0x1c, 0x00, 0x00, 0x00, 0x56, 0x31,
    0xf6, 0x53, 0x89, 0xf7, 0x8b, 0x4c, 0x24, 0x14, 0x8b, 0x54, 0x24, 0x18,
    0x8b, 0x5c, 0x24, 0x10, 0xcd, 0x80, 0x5b, 0x5e, 0x5f, 0xc3, 0x66, 0x90,
    0x8b, 0x44, 0x24, 0x04, 0x8b, 0x15, 0x48, 0x0c, 0x00, 0x01, 0x83, 0xc0,
    0x0f, 0x83, 0xe0, 0xf0, 0x01, 0xd0, 0x3d, 0x00, 0x00, 0x80, 0x01, 0x77,
    0x0f, 0xa3, 0x48, 0x0c, 0x00, 0x01, 0x89, 0xd0, 0xc3, 0x8d, 0xb4, 0x26,
    0x00, 0x00, 0x00, 0x00, 0x31, 0xd2, 0x89, 0xd0, 0xc3, 0x8d, 0x76, 0x00,
    0xc3, 0x00, 0x00, 0x00, 0x00, 0x00, 0x00, 0x00, 0x00, 0x00, 0x00, 0x00,
    0x00, 0x00, 0x00, 0x00, 0x00, 0x00, 0x00, 0x00, 0x00, 0x00, 0x00, 0x00,
    0x00, 0x00, 0x00, 0x00, 0x00, 0x00, 0x00, 0x00, 0x8d, 0x4c, 0x24, 0x04,
    0x83, 0xe4, 0xf0, 0xff, 0x71, 0xfc, 0x55, 0x89, 0xe5, 0x57, 0x56, 0x53,
    0x8d, 0x9d, 0xe8, 0xfd, 0xff, 0xff, 0x51, 0x81, 0xec, 0x20, 0x02, 0x00,
    0x00, 0x68, 0x00, 0x01, 0x00, 0x00, 0x53, 0xe8, 0xf8, 0xfc, 0xff, 0xff,
    0x0f, 0xb6, 0x95, 0xe8, 0xfd, 0xff, 0xff, 0x83, 0xc4, 0x10, 0x89, 0xd8,
    0x80, 0xfa, 0x20, 0x75, 0x13, 0x8d, 0xb4, 0x26, 0x00, 0x00, 0x00, 0x00,
    0x0f, 0xb6, 0x50, 0x01, 0x83, 0xc0, 0x01, 0x80, 0xfa, 0x20, 0x74, 0xf4,
    0x84, 0xd2, 0x0f, 0x84, 0xc4, 0x00, 0x00, 0x00, 0x0f, 0xb6, 0x10, 0x89,
    0xc1, 0x84, 0xd2, 0x75, 0x22, 0xe9, 0xc8, 0x00, 0x00, 0x00, 0x8d, 0xb6,
    0x00, 0x00, 0x00, 0x00, 0x2e, 0x8d, 0xb4, 0x26, 0x00, 0x00, 0x00, 0x00,
    0x0f, 0xb6, 0x51, 0x01, 0x83, 0xc1, 0x01, 0x84, 0xd2, 0x0f, 0x84, 0xab,
    0x00, 0x00, 0x00, 0x80, 0xfa, 0x3e, 0x75, 0xec, 0x89, 0xcb, 0x31, 0xd2,
    0x29, 0xc3, 0x39, 0xc8, 0x72, 0x09, 0xeb, 0x0d, 0x83, 0xc2, 0x01, 0x39,
    0xda, 0x74, 0x06, 0x80, 0x3c, 0x10, 0x20, 0x75, 0xf3, 0x8d, 0x79, 0x01,
    0x0f, 0xb6, 0x49, 0x01, 0x80, 0xf9, 0x20, 0x75, 0x13, 0x8d, 0xb4, 0x26,
    0x00, 0x00, 0x00, 0x00, 0x0f, 0xb6, 0x4f, 0x01, 0x83, 0xc7, 0x01, 0x80,
    0xf9, 0x20, 0x74, 0xf4, 0x84, 0xc9, 0x0f, 0x84, 0x8c, 0x00, 0x00, 0x00,
    0x31, 0xc9, 0x8d, 0xb5, 0xe8, 0xfe, 0xff, 0xff, 0x85, 0xd2, 0x75, 0x38,
    0xc6, 0x84, 0x0d, 0xe8, 0xfe, 0xff, 0xff, 0x00, 0x50, 0x52, 0x56, 0x57,
    0xe8, 0xdf, 0xfa, 0xff, 0xff, 0x83, 0xc4, 0x10, 0x8d, 0x65, 0xf0, 0x59,
    0x5b, 0x5e, 0x5f, 0x5d, 0x8d, 0x61, 0xfc, 0xc3, 0x2e, 0x8d, 0xb4, 0x26,
    0x00, 0x00, 0x00, 0x00, 0x2e, 0x8d, 0xb4, 0x26, 0x00, 0x00, 0x00, 0x00,
    0x81, 0xf9, 0xff, 0x00, 0x00, 0x00, 0x74, 0xc8, 0x0f, 0xb6, 0x1c, 0x08,
    0x88, 0x1c, 0x0e, 0x83, 0xc1, 0x01, 0x39, 0xd1, 0x72, 0xea, 0xeb, 0xb8,
    0x83, 0xec, 0x0c, 0x68, 0x28, 0x0c, 0x00, 0x01, 0xe8, 0x1b, 0xfa, 0xff,
    0xff, 0x83, 0xc4, 0x10, 0xeb, 0xba, 0x83, 0xec, 0x0c, 0x89, 0x85, 0xe4,
    0xfd, 0xff, 0xff, 0x68, 0x28, 0x0c, 0x00, 0x01, 0xe8, 0x03, 0xfa, 0xff,
    0xff, 0x8b, 0x85, 0xe4, 0xfd, 0xff, 0xff, 0x89, 0x04, 0x24, 0xe8, 0xf5,
    0xf9, 0xff, 0xff, 0x83, 0xc4, 0x10, 0xeb, 0x94, 0x83, 0xec, 0x0c, 0x68,
    0x2a, 0x0c, 0x00, 0x01, 0xe8, 0xe3, 0xf9, 0xff, 0xff, 0x83, 0xc4, 0x10,
    0xe9, 0x7f, 0xff, 0xff, 0xff, 0x00, 0x00, 0x00, 0x14, 0x00, 0x00, 0x00,
    0x00, 0x00, 0x00, 0x00, 0x01, 0x7a, 0x52, 0x00, 0x01, 0x7c, 0x08, 0x01,
    0x1b, 0x0c, 0x04, 0x04, 0x88, 0x01, 0x00, 0x00, 0x1c, 0x00, 0x00, 0x00,
    0x1c, 0x00, 0x00, 0x00, 0x98, 0xf9, 0xff, 0xff, 0x1b, 0x00, 0x00, 0x00,
    0x00, 0x41, 0x0e, 0x08, 0x87, 0x02, 0x41, 0x0e, 0x0c, 0x86, 0x03, 0x41,
    0x0e, 0x10, 0x83, 0x04, 0x28, 0x00, 0x00, 0x00, 0x3c, 0x00, 0x00, 0x00,
    0x98, 0xf9, 0xff, 0xff, 0x17, 0x00, 0x00, 0x00, 0x00, 0x43, 0x0e, 0x08,
    0x87, 0x02, 0x43, 0x0e, 0x0c, 0x86, 0x03, 0x45, 0x0e, 0x10, 0x83, 0x04,
    0x49, 0xc3, 0x0e, 0x0c, 0x41, 0xc6, 0x0e, 0x08, 0x41, 0xc7, 0x0e, 0x04,
    0x28, 0x00, 0x00, 0x00, 0x68, 0x00, 0x00, 0x00, 0x8c, 0xf9, 0xff, 0xff,
    0x1a, 0x00, 0x00, 0x00, 0x00, 0x43, 0x0e, 0x08, 0x87, 0x02, 0x46, 0x0e,
    0x0c, 0x86, 0x03, 0x47, 0x0e, 0x10, 0x83, 0x04, 0x47, 0xc3, 0x0e, 0x0c,
    0x41, 0xc6, 0x0e, 0x08, 0x41, 0xc7, 0x0e, 0x04, 0x28, 0x00, 0x00, 0x00,
    0x94, 0x00, 0x00, 0x00, 0x80, 0xf9, 0xff, 0xff, 0x1a, 0x00, 0x00, 0x00,
    0x00, 0x43, 0x0e, 0x08, 0x87, 0x02, 0x46, 0x0e, 0x0c, 0x86, 0x03, 0x47,
    0x0e, 0x10, 0x83, 0x04, 0x47, 0xc3, 0x0e, 0x0c, 0x41, 0xc6, 0x0e, 0x08,
    0x41, 0xc7, 0x0e, 0x04, 0x28, 0x00, 0x00, 0x00, 0xc0, 0x00, 0x00, 0x00,
    0x74, 0xf9, 0xff, 0xff, 0x1b, 0x00, 0x00, 0x00, 0x00, 0x43, 0x0e, 0x08,
    0x87, 0x02, 0x46, 0x0e, 0x0c, 0x86, 0x03, 0x47, 0x0e, 0x10, 0x83, 0x04,
    0x48, 0xc3, 0x0e, 0x0c, 0x41, 0xc6, 0x0e, 0x08, 0x41, 0xc7, 0x0e, 0x04,
    0x28, 0x00, 0x00, 0x00, 0xec, 0x00, 0x00, 0x00, 0x68, 0xf9, 0xff, 0xff,
    0x1e, 0x00, 0x00, 0x00, 0x00, 0x41, 0x0e, 0x08, 0x87, 0x02, 0x46, 0x0e,
    0x0c, 0x86, 0x03, 0x43, 0x0e, 0x10, 0x83, 0x04, 0x51, 0xc3, 0x0e, 0x0c,
    0x41, 0xc6, 0x0e, 0x08, 0x41, 0xc7, 0x0e, 0x04, 0x28, 0x00, 0x00, 0x00,
    0x18, 0x01, 0x00, 0x00, 0x5c, 0xf9, 0xff, 0xff, 0x1e, 0x00, 0x00, 0x00,
    0x00, 0x41, 0x0e, 0x08, 0x87, 0x02, 0x46, 0x0e, 0x0c, 0x86, 0x03, 0x43,
    0x0e, 0x10, 0x83, 0x04, 0x51, 0xc3, 0x0e, 0x0c, 0x41, 0xc6, 0x0e, 0x08,
    0x41, 0xc7, 0x0e, 0x04, 0x28, 0x00, 0x00, 0x00, 0x44, 0x01, 0x00, 0x00,
    0x50, 0xf9, 0xff, 0xff, 0x1a, 0x00, 0x00, 0x00, 0x00, 0x43, 0x0e, 0x08,
    0x87, 0x02, 0x46, 0x0e, 0x0c, 0x86, 0x03, 0x47, 0x0e, 0x10, 0x83, 0x04,
    0x47, 0xc3, 0x0e, 0x0c, 0x41, 0xc6, 0x0e, 0x08, 0x41, 0xc7, 0x0e, 0x04,
    0x28, 0x00, 0x00, 0x00, 0x70, 0x01, 0x00, 0x00, 0x44, 0xf9, 0xff, 0xff,
    0x1a, 0x00, 0x00, 0x00, 0x00, 0x43, 0x0e, 0x08, 0x87, 0x02, 0x46, 0x0e,
    0x0c, 0x86, 0x03, 0x47, 0x0e, 0x10, 0x83, 0x04, 0x47, 0xc3, 0x0e, 0x0c,
    0x41, 0xc6, 0x0e, 0x08, 0x41, 0xc7, 0x0e, 0x04, 0x28, 0x00, 0x00, 0x00,
    0x9c, 0x01, 0x00, 0x00, 0x38, 0xf9, 0xff, 0xff, 0x1a, 0x00, 0x00, 0x00,
    0x00, 0x43, 0x0e, 0x08, 0x87, 0x02, 0x46, 0x0e, 0x0c, 0x86, 0x03, 0x47,
    0x0e, 0x10, 0x83, 0x04, 0x47, 0xc3, 0x0e, 0x0c, 0x41, 0xc6, 0x0e, 0x08,
    0x41, 0xc7, 0x0e, 0x04, 0x28, 0x00, 0x00, 0x00, 0xc8, 0x01, 0x00, 0x00,
    0x2c, 0xf9, 0xff, 0xff, 0x1e, 0x00, 0x00, 0x00, 0x00, 0x41, 0x0e, 0x08,
    0x87, 0x02, 0x46, 0x0e, 0x0c, 0x86, 0x03, 0x43, 0x0e, 0x10, 0x83, 0x04,
    0x51, 0xc3, 0x0e, 0x0c, 0x41, 0xc6, 0x0e, 0x08, 0x41, 0xc7, 0x0e, 0x04,
    0x28, 0x00, 0x00, 0x00, 0xf4, 0x01, 0x00, 0x00, 0x20, 0xf9, 0xff, 0xff,
    0x18, 0x00, 0x00, 0x00, 0x00, 0x41, 0x0e, 0x08, 0x87, 0x02, 0x46, 0x0e,
    0x0c, 0x86, 0x03, 0x41, 0x0e, 0x10, 0x83, 0x04, 0x4d, 0xc3, 0x0e, 0x0c,
    0x41, 0xc6, 0x0e, 0x08, 0x41, 0xc7, 0x0e, 0x04, 0x28, 0x00, 0x00, 0x00,
    0x20, 0x02, 0x00, 0x00, 0x14, 0xf9, 0xff, 0xff, 0x18, 0x00, 0x00, 0x00,
    0x00, 0x41, 0x0e, 0x08, 0x87, 0x02, 0x46, 0x0e, 0x0c, 0x86, 0x03, 0x41,
    0x0e, 0x10, 0x83, 0x04, 0x4d, 0xc3, 0x0e, 0x0c, 0x41, 0xc6, 0x0e, 0x08,
    0x41, 0xc7, 0x0e, 0x04, 0x28, 0x00, 0x00, 0x00, 0x4c, 0x02, 0x00, 0x00,
    0x08, 0xf9, 0xff, 0xff, 0x18, 0x00, 0x00, 0x00, 0x00, 0x41, 0x0e, 0x08,
    0x87, 0x02, 0x46, 0x0e, 0x0c, 0x86, 0x03, 0x41, 0x0e, 0x10, 0x83, 0x04,
    0x4d, 0xc3, 0x0e, 0x0c, 0x41, 0xc6, 0x0e, 0x08, 0x41, 0xc7, 0x0e, 0x04,
    0x28, 0x00, 0x00, 0x00, 0x78, 0x02, 0x00, 0x00, 0xfc, 0xf8, 0xff, 0xff,
    0x18, 0x00, 0x00, 0x00, 0x00, 0x41, 0x0e, 0x08, 0x87, 0x02, 0x46, 0x0e,
    0x0c, 0x86, 0x03, 0x41, 0x0e, 0x10, 0x83, 0x04, 0x4d, 0xc3, 0x0e, 0x0c,
    0x41, 0xc6, 0x0e, 0x08, 0x41, 0xc7, 0x0e, 0x04, 0x28, 0x00, 0x00, 0x00,
    0xa4, 0x02, 0x00, 0x00, 0xf0, 0xf8, 0xff, 0xff, 0x18, 0x00, 0x00, 0x00,
    0x00, 0x41, 0x0e, 0x08, 0x87, 0x02, 0x46, 0x0e, 0x0c, 0x86, 0x03, 0x41,
    0x0e, 0x10, 0x83, 0x04, 0x4d, 0xc3, 0x0e, 0x0c, 0x41, 0xc6, 0x0e, 0x08,
    0x41, 0xc7, 0x0e, 0x04, 0x28, 0x00, 0x00, 0x00, 0xd0, 0x02, 0x00, 0x00,
    0xe4, 0xf8, 0xff, 0xff, 0x1c, 0x00, 0x00, 0x00, 0x00, 0x43, 0x0e, 0x08,
    0x87, 0x02, 0x46, 0x0e, 0x0c, 0x86, 0x03, 0x45, 0x0e, 0x10, 0x83, 0x04,
    0x4b, 0xc3, 0x0e, 0x0c, 0x41, 0xc6, 0x0e, 0x08, 0x41, 0xc7, 0x0e, 0x04,
    0x1c, 0x00, 0x00, 0x00, 0xfc, 0x02, 0x00, 0x00, 0xd8, 0xf8, 0xff, 0xff,
    0x16, 0x00, 0x00, 0x00, 0x00, 0x41, 0x0e, 0x08, 0x87, 0x02, 0x46, 0x0e,
    0x0c, 0x86, 0x03, 0x41, 0x0e, 0x10, 0x83, 0x04, 0x34, 0x00, 0x00, 0x00,
    0x1c, 0x03, 0x00, 0x00, 0xd8, 0xf8, 0xff, 0xff, 0x3e, 0x00, 0x00, 0x00,
    0x00, 0x41, 0x0e, 0x08, 0x85, 0x02, 0x46, 0x0e, 0x0c, 0x87, 0x03, 0x41,
    0x0e, 0x10, 0x86, 0x04, 0x41, 0x0e, 0x14, 0x83, 0x05, 0x71, 0xc3, 0x0e,
    0x10, 0x41, 0xc6, 0x0e, 0x0c, 0x41, 0xc7, 0x0e, 0x08, 0x41, 0xc5, 0x0e,
    0x04, 0x00, 0x00, 0x00, 0x28, 0x00, 0x00, 0x00, 0x54, 0x03, 0x00, 0x00,
    0xe0, 0xf8, 0xff, 0xff, 0x18, 0x00, 0x00, 0x00, 0x00, 0x41, 0x0e, 0x08,
    0x87, 0x02, 0x46, 0x0e, 0x0c, 0x86, 0x03, 0x41, 0x0e, 0x10, 0x83, 0x04,
    0x4d, 0xc3, 0x0e, 0x0c, 0x41, 0xc6, 0x0e, 0x08, 0x41, 0xc7, 0x0e, 0x04,
    0x28, 0x00, 0x00, 0x00, 0x80, 0x03, 0x00, 0x00, 0xd4, 0xf8, 0xff, 0xff,
    0x18, 0x00, 0x00, 0x00, 0x00, 0x41, 0x0e, 0x08, 0x87, 0x02, 0x46, 0x0e,
    0x0c, 0x86, 0x03, 0x41, 0x0e, 0x10, 0x83, 0x04, 0x4d, 0xc3, 0x0e, 0x0c,
    0x41, 0xc6, 0x0e, 0x08, 0x41, 0xc7, 0x0e, 0x04, 0x28, 0x00, 0x00, 0x00,
    0xac, 0x03, 0x00, 0x00, 0xc8, 0xf8, 0xff, 0xff, 0x1c, 0x00, 0x00, 0x00,
    0x00, 0x43, 0x0e, 0x08, 0x87, 0x02, 0x46, 0x0e, 0x0c, 0x86, 0x03, 0x45,
    0x0e, 0x10, 0x83, 0x04, 0x4b, 0xc3, 0x0e, 0x0c, 0x41, 0xc6, 0x0e, 0x08,
    0x41, 0xc7, 0x0e, 0x04, 0x28, 0x00, 0x00, 0x00, 0xd8, 0x03, 0x00, 0x00,
    0xbc, 0xf8, 0xff, 0xff, 0x1a, 0x00, 0x00, 0x00, 0x00, 0x43, 0x0e, 0x08,
    0x87, 0x02, 0x46, 0x0e, 0x0c, 0x86, 0x03, 0x47, 0x0e, 0x10, 0x83, 0x04,
    0x47, 0xc3, 0x0e, 0x0c, 0x41, 0xc6, 0x0e, 0x08, 0x41, 0xc7, 0x0e, 0x04,
    0x28, 0x00, 0x00, 0x00, 0x04, 0x04, 0x00, 0x00, 0xb0, 0xf8, 0xff, 0xff,
    0x18, 0x00, 0x00, 0x00, 0x00, 0x41, 0x0e, 0x08, 0x87, 0x02, 0x46, 0x0e,
    0x0c, 0x86, 0x03, 0x41, 0x0e, 0x10, 0x83, 0x04, 0x4d, 0xc3, 0x0e, 0x0c,
    0x41, 0xc6, 0x0e, 0x08, 0x41, 0xc7, 0x0e, 0x04, 0x28, 0x00, 0x00, 0x00,
    0x30, 0x04, 0x00, 0x00, 0xa4, 0xf8, 0xff, 0xff, 0x18, 0x00, 0x00, 0x00,
    0x00, 0x41, 0x0e, 0x08, 0x87, 0x02, 0x46, 0x0e, 0x0c, 0x86, 0x03, 0x41,
    0x0e, 0x10, 0x83, 0x04, 0x4d, 0xc3, 0x0e, 0x0c, 0x41, 0xc6, 0x0e, 0x08,
    0x41, 0xc7, 0x0e, 0x04, 0x28, 0x00, 0x00, 0x00, 0x5c, 0x04, 0x00, 0x00,
    0x98, 0xf8, 0xff, 0xff, 0x20, 0x00, 0x00, 0x00, 0x00, 0x41, 0x0e, 0x08,
    0x87, 0x02, 0x48, 0x0e, 0x0c, 0x86, 0x03, 0x41, 0x0e, 0x10, 0x83, 0x04,
    0x53, 0xc3, 0x0e, 0x0c, 0x41, 0xc6, 0x0e, 0x08, 0x41, 0xc7, 0x0e, 0x04,
    0x28, 0x00, 0x00, 0x00, 0x88, 0x04, 0x00, 0x00, 0x8c, 0xf8, 0xff, 0xff,
    0x22, 0x00, 0x00, 0x00, 0x00, 0x41, 0x0e, 0x08, 0x87, 0x02, 0x46, 0x0e,
    0x0c, 0x86, 0x03, 0x41, 0x0e, 0x10, 0x83, 0x04, 0x57, 0xc3, 0x0e, 0x0c,
    0x41, 0xc6, 0x0e, 0x08, 0x41, 0xc7, 0x0e, 0x04, 0x30, 0x00, 0x00, 0x00,
    0xb4, 0x04, 0x00, 0x00, 0x90, 0xf8, 0xff, 0xff, 0x58, 0x00, 0x00, 0x00,
    0x00, 0x41, 0x0e, 0x08, 0x87, 0x02, 0x43, 0x0e, 0x0c, 0x86, 0x03, 0x47,
    0x0e, 0x10, 0x83, 0x04, 0x43, 0x0e, 0x30, 0x02, 0x46, 0x0e, 0x10, 0x41,
    0xc3, 0x0e, 0x0c, 0x41, 0xc6, 0x0e, 0x08, 0x41, 0xc7, 0x0e, 0x04, 0x00,
    0x30, 0x00, 0x00, 0x00, 0xe8, 0x04, 0x00, 0x00, 0xbc, 0xf8, 0xff, 0xff,
    0x58, 0x00, 0x00, 0x00, 0x00, 0x41, 0x0e, 0x08, 0x87, 0x02, 0x43, 0x0e,
    0x0c, 0x86, 0x03, 0x47, 0x0e, 0x10, 0x83, 0x04, 0x43, 0x0e, 0x30, 0x02,
    0x46, 0x0e, 0x10, 0x41, 0xc3, 0x0e, 0x0c, 0x41, 0xc6, 0x0e, 0x08, 0x41,
    0xc7, 0x0e, 0x04, 0x00, 0x28, 0x00, 0x00, 0x00, 0x1c, 0x05, 0x00, 0x00,
    0xe8, 0xf8, 0xff, 0xff, 0x1a, 0x00, 0x00, 0x00, 0x00, 0x43, 0x0e, 0x08,
    0x87, 0x02, 0x46, 0x0e, 0x0c, 0x86, 0x03, 0x47, 0x0e, 0x10, 0x83, 0x04,
    0x47, 0xc3, 0x0e, 0x0c, 0x41, 0xc6, 0x0e, 0x08, 0x41, 0xc7, 0x0e, 0x04,
    0x28, 0x00, 0x00, 0x00, 0x48, 0x05, 0x00, 0x00, 0xdc, 0xf8, 0xff, 0xff,
    0x1e, 0x00, 0x00, 0x00, 0x00, 0x41, 0x0e, 0x08, 0x87, 0x02, 0x46, 0x0e,
    0x0c, 0x86, 0x03, 0x43, 0x0e, 0x10, 0x83, 0x04, 0x51, 0xc3, 0x0e, 0x0c,
    0x41, 0xc6, 0x0e, 0x08, 0x41, 0xc7, 0x0e, 0x04, 0x10, 0x00, 0x00, 0x00,
    0x74, 0x05, 0x00, 0x00, 0xd0, 0xf8, 0xff, 0xff, 0x2d, 0x00, 0x00, 0x00,
    0x00, 0x00, 0x00, 0x00, 0x10, 0x00, 0x00, 0x00, 0x88, 0x05, 0x00, 0x00,
    0xec, 0xf8, 0xff, 0xff, 0x01, 0x00, 0x00, 0x00, 0x00, 0x00, 0x00, 0x00,
    0x44, 0x00, 0x00, 0x00, 0x9c, 0x05, 0x00, 0x00, 0xf8, 0xf8, 0xff, 0xff,
    0x65, 0x01, 0x00, 0x00, 0x00, 0x44, 0x0c, 0x01, 0x00, 0x49, 0x10, 0x05,
    0x02, 0x75, 0x00, 0x43, 0x10, 0x07, 0x02, 0x75, 0x7c, 0x10, 0x06, 0x02,
    0x75, 0x78, 0x10, 0x03, 0x02, 0x75, 0x74, 0x47, 0x0f, 0x03, 0x75, 0x70,
    0x06, 0x02, 0xd1, 0x0a, 0xc1, 0x0c, 0x01, 0x00, 0x41, 0xc3, 0x41, 0xc6,
    0x41, 0xc7, 0x41, 0xc5, 0x43, 0x0c, 0x04, 0x04, 0x51, 0x0b, 0x00, 0x00,
    0x0a, 0x00, 0x0a, 0x55, 0x73, 0x61, 0x67, 0x65, 0x3a, 0x20, 0x65, 0x63,
    0x68, 0x6f, 0x20, 0x74, 0x65, 0x78, 0x74, 0x20, 0x3e, 0x20, 0x66, 0x69,
    0x6c, 0x65, 0x6e, 0x61, 0x6d, 0x65, 0x00, 0x00, 0x00, 0x00, 0x10, 0x01,
    0x47, 0x43, 0x43, 0x3a, 0x20, 0x28, 0x55, 0x62, 0x75, 0x6e, 0x74, 0x75,
    0x20, 0x31, 0x35, 0x2e, 0x32, 0x2e, 0x30, 0x2d, 0x31, 0x36, 0x75, 0x62,
    0x75, 0x6e, 0x74, 0x75, 0x31, 0x29, 0x20, 0x31, 0x35, 0x2e, 0x32, 0x2e,
    0x30, 0x00, 0x00, 0x00, 0x00, 0x00, 0x00, 0x00, 0x00, 0x00, 0x00, 0x00,
    0x00, 0x00, 0x00, 0x00, 0x00, 0x00, 0x00, 0x00, 0x01, 0x00, 0x00, 0x00,
    0x00, 0x00, 0x00, 0x00, 0x00, 0x00, 0x00, 0x00, 0x04, 0x00, 0xf1, 0xff,
    0x0a, 0x00, 0x00, 0x00, 0x48, 0x0c, 0x00, 0x01, 0x04, 0x00, 0x00, 0x00,
    0x01, 0x00, 0x05, 0x00, 0x14, 0x00, 0x00, 0x00, 0x00, 0x00, 0x00, 0x00,
    0x00, 0x00, 0x00, 0x00, 0x04, 0x00, 0xf1, 0xff, 0x1b, 0x00, 0x00, 0x00,
    0x80, 0x00, 0x00, 0x01, 0x1b, 0x00, 0x00, 0x00, 0x12, 0x00, 0x01, 0x00,
    0x23, 0x00, 0x00, 0x00, 0x50, 0x04, 0x00, 0x01, 0x1a, 0x00, 0x00, 0x00,
    0x12, 0x00, 0x01, 0x00, 0x2e, 0x00, 0x00, 0x00, 0x80, 0x02, 0x00, 0x01,
    0x18, 0x00, 0x00, 0x00, 0x12, 0x00, 0x01, 0x00, 0x34, 0x00, 0x00, 0x00,
    0x20, 0x00, 0x00, 0x01, 0x17, 0x00, 0x00, 0x00, 0x12, 0x00, 0x01, 0x00,
    0x3a, 0x00, 0x00, 0x00, 0x00, 0x01, 0x00, 0x01, 0x1a, 0x00, 0x00, 0x00,
    0x12, 0x00, 0x01, 0x00, 0x46, 0x00, 0x00, 0x00, 0xa0, 0x02, 0x00, 0x01,
    0x18, 0x00, 0x00, 0x00, 0x12, 0x00, 0x01, 0x00, 0x4d, 0x00, 0x00, 0x00,
    0x00, 0x02, 0x00, 0x01, 0x1c, 0x00, 0x00, 0x00, 0x12, 0x00, 0x01, 0x00,
    0x56, 0x00, 0x00, 0x00, 0x90, 0x04, 0x00, 0x01, 0x2d, 0x00, 0x00, 0x00,
    0x12, 0x00, 0x01, 0x00, 0x5d, 0x00, 0x00, 0x00, 0xc0, 0x02, 0x00, 0x01,
    0x1c, 0x00, 0x00, 0x00, 0x12, 0x00, 0x01, 0x00, 0x66, 0x00, 0x00, 0x00,
    0x60, 0x00, 0x00, 0x01, 0x1a, 0x00, 0x00, 0x00, 0x12, 0x00, 0x01, 0x00,
    0x70, 0x00, 0x00, 0x00, 0x00, 0x03, 0x00, 0x01, 0x18, 0x00, 0x00, 0x00,
    0x12, 0x00, 0x01, 0x00, 0x80, 0x00, 0x00, 0x00, 0x70, 0x04, 0x00, 0x01,
    0x1e, 0x00, 0x00, 0x00, 0x12, 0x00, 0x01, 0x00, 0x86, 0x00, 0x00, 0x00,
    0x40, 0x01, 0x00, 0x01, 0x1e, 0x00, 0x00, 0x00, 0x12, 0x00, 0x01, 0x00,
    0x92, 0x00, 0x00, 0x00, 0xf0, 0x03, 0x00, 0x01, 0x58, 0x00, 0x00, 0x00,
    0x12, 0x00, 0x01, 0x00, 0x9c, 0x00, 0x00, 0x00, 0x60, 0x01, 0x00, 0x01,
    0x18, 0x00, 0x00, 0x00, 0x12, 0x00, 0x01, 0x00, 0xa5, 0x00, 0x00, 0x00,
    0xa0, 0x01, 0x00, 0x01, 0x18, 0x00, 0x00, 0x00, 0x12, 0x00, 0x01, 0x00,
    0xac, 0x00, 0x00, 0x00, 0x00, 0x00, 0x00, 0x01, 0x1b, 0x00, 0x00, 0x00,
    0x12, 0x00, 0x01, 0x00, 0xb3, 0x00, 0x00, 0x00, 0xc0, 0x00, 0x00, 0x01,
    0x1e, 0x00, 0x00, 0x00, 0x12, 0x00, 0x01, 0x00, 0xbb, 0x00, 0x00, 0x00,
    0xe0, 0x02, 0x00, 0x01, 0x1a, 0x00, 0x00, 0x00, 0x12, 0x00, 0x01, 0x00,
    0xc4, 0x00, 0x00, 0x00, 0xc0, 0x01, 0x00, 0x01, 0x18, 0x00, 0x00, 0x00,
    0x12, 0x00, 0x01, 0x00, 0xca, 0x00, 0x00, 0x00, 0x90, 0x03, 0x00, 0x01,
    0x58, 0x00, 0x00, 0x00, 0x12, 0x00, 0x01, 0x00, 0xd6, 0x00, 0x00, 0x00,
    0x40, 0x02, 0x00, 0x01, 0x3e, 0x00, 0x00, 0x00, 0x12, 0x00, 0x01, 0x00,
    0xdf, 0x00, 0x00, 0x00, 0x40, 0x03, 0x00, 0x01, 0x20, 0x00, 0x00, 0x00,
    0x12, 0x00, 0x01, 0x00, 0xe9, 0x00, 0x00, 0x00, 0xe0, 0x04, 0x00, 0x01,
    0x65, 0x01, 0x00, 0x00, 0x12, 0x00, 0x02, 0x00, 0xee, 0x00, 0x00, 0x00,
    0x40, 0x00, 0x00, 0x01, 0x1a, 0x00, 0x00, 0x00, 0x12, 0x00, 0x01, 0x00,
    0xf8, 0x00, 0x00, 0x00, 0xe0, 0x01, 0x00, 0x01, 0x18, 0x00, 0x00, 0x00,
    0x12, 0x00, 0x01, 0x00, 0x01, 0x01, 0x00, 0x00, 0xa0, 0x00, 0x00, 0x01,
    0x1e, 0x00, 0x00, 0x00, 0x12, 0x00, 0x01, 0x00, 0x0a, 0x01, 0x00, 0x00,
    0x20, 0x03, 0x00, 0x01, 0x18, 0x00, 0x00, 0x00, 0x12, 0x00, 0x01, 0x00,
    0x18, 0x01, 0x00, 0x00, 0x20, 0x01, 0x00, 0x01, 0x1a, 0x00, 0x00, 0x00,
    0x12, 0x00, 0x01, 0x00, 0x22, 0x01, 0x00, 0x00, 0xe0, 0x00, 0x00, 0x01,
    0x1a, 0x00, 0x00, 0x00, 0x12, 0x00, 0x01, 0x00, 0x2c, 0x01, 0x00, 0x00,
    0x60, 0x03, 0x00, 0x01, 0x22, 0x00, 0x00, 0x00, 0x12, 0x00, 0x01, 0x00,
    0x38, 0x01, 0x00, 0x00, 0x20, 0x02, 0x00, 0x01, 0x16, 0x00, 0x00, 0x00,
    0x12, 0x00, 0x01, 0x00, 0x3d, 0x01, 0x00, 0x00, 0x80, 0x01, 0x00, 0x01,
    0x18, 0x00, 0x00, 0x00, 0x12, 0x00, 0x01, 0x00, 0x4a, 0x01, 0x00, 0x00,
    0xc0, 0x04, 0x00, 0x01, 0x01, 0x00, 0x00, 0x00, 0x12, 0x00, 0x01, 0x00,
    0x00, 0x6c, 0x69, 0x62, 0x61, 0x6f, 0x73, 0x2e, 0x63, 0x00, 0x68, 0x65,
    0x61, 0x70, 0x5f, 0x6e, 0x65, 0x78, 0x74, 0x00, 0x65, 0x63, 0x68, 0x6f,
    0x2e, 0x63, 0x00, 0x70, 0x75, 0x74, 0x63, 0x68, 0x61, 0x72, 0x00, 0x73,
    0x65, 0x74, 0x5f, 0x73, 0x74, 0x64, 0x6f, 0x75, 0x74, 0x00, 0x79, 0x69,
    0x65, 0x6c, 0x64, 0x00, 0x70, 0x72, 0x69, 0x6e, 0x74, 0x00, 0x66, 0x73,
    0x5f, 0x67, 0x65, 0x74, 0x5f, 0x73, 0x69, 0x7a, 0x65, 0x00, 0x67, 0x65,
    0x74, 0x70, 0x69, 0x64, 0x00, 0x67, 0x65, 0x74, 0x5f, 0x61, 0x72, 0x67,
    0x73, 0x00, 0x6d, 0x61, 0x6c, 0x6c, 0x6f, 0x63, 0x00, 0x73, 0x65, 0x6e,
    0x64, 0x5f, 0x6d, 0x73, 0x67, 0x00, 0x70, 0x72, 0x69, 0x6e, 0x74, 0x5f,
    0x64, 0x65, 0x63, 0x00, 0x72, 0x65, 0x67, 0x69, 0x73, 0x74, 0x65, 0x72,
    0x5f, 0x65, 0x76, 0x65, 0x6e, 0x74, 0x73, 0x00, 0x73, 0x70, 0x61, 0x77,
    0x6e, 0x00, 0x66, 0x73, 0x5f, 0x6c, 0x69, 0x73, 0x74, 0x5f, 0x67, 0x65,
    0x74, 0x00, 0x66, 0x69, 0x6c, 0x6c, 0x5f, 0x72, 0x65, 0x63, 0x74, 0x00,
    0x67, 0x65, 0x74, 0x5f, 0x74, 0x69, 0x63, 0x6b, 0x00, 0x72, 0x65, 0x62,
    0x6f, 0x6f, 0x74, 0x00, 0x5f, 0x73, 0x74, 0x61, 0x72, 0x74, 0x00, 0x66,
    0x73, 0x5f, 0x72, 0x65, 0x61, 0x64, 0x00, 0x72, 0x65, 0x63, 0x76, 0x5f,
    0x6d, 0x73, 0x67, 0x00, 0x70, 0x61, 0x6e, 0x69, 0x63, 0x00, 0x72, 0x65,
    0x6e, 0x64, 0x65, 0x72, 0x5f, 0x74, 0x65, 0x78, 0x74, 0x00, 0x72, 0x65,
    0x61, 0x64, 0x5f, 0x6b, 0x65, 0x79, 0x00, 0x67, 0x65, 0x74, 0x5f, 0x6d,
    0x6f, 0x75, 0x73, 0x65, 0x00, 0x6d, 0x61, 0x69, 0x6e, 0x00, 0x70, 0x72,
    0x69, 0x6e, 0x74, 0x5f, 0x68, 0x65, 0x78, 0x00, 0x73, 0x68, 0x75, 0x74,
    0x64, 0x6f, 0x77, 0x6e, 0x00, 0x66, 0x73, 0x5f, 0x77, 0x72, 0x69, 0x74,
    0x65, 0x00, 0x67, 0x65, 0x74, 0x5f, 0x65, 0x76, 0x65, 0x6e, 0x74, 0x5f,
    0x70, 0x69, 0x64, 0x00, 0x66, 0x73, 0x5f, 0x65, 0x78, 0x69, 0x73, 0x74,
    0x73, 0x00, 0x66, 0x73, 0x5f, 0x64, 0x65, 0x6c, 0x65, 0x74, 0x65, 0x00,
    0x67, 0x65, 0x74, 0x5f, 0x66, 0x62, 0x5f, 0x69, 0x6e, 0x66, 0x6f, 0x00,
    0x65, 0x78, 0x69, 0x74, 0x00, 0x63, 0x6c, 0x65, 0x61, 0x72, 0x5f, 0x73,
    0x63, 0x72, 0x65, 0x65, 0x6e, 0x00, 0x66, 0x72, 0x65, 0x65, 0x00, 0x00,
    0x2e, 0x73, 0x79, 0x6d, 0x74, 0x61, 0x62, 0x00, 0x2e, 0x73, 0x74, 0x72,
    0x74, 0x61, 0x62, 0x00, 0x2e, 0x73, 0x68, 0x73, 0x74, 0x72, 0x74, 0x61,
    0x62, 0x00, 0x2e, 0x74, 0x65, 0x78, 0x74, 0x00, 0x2e, 0x74, 0x65, 0x78,
    0x74, 0x2e, 0x73, 0x74, 0x61, 0x72, 0x74, 0x75, 0x70, 0x00, 0x2e, 0x65,
    0x68, 0x5f, 0x66, 0x72, 0x61, 0x6d, 0x65, 0x00, 0x2e, 0x72, 0x6f, 0x64,
    0x61, 0x74, 0x61, 0x2e, 0x73, 0x74, 0x72, 0x31, 0x2e, 0x31, 0x00, 0x2e,
    0x64, 0x61, 0x74, 0x61, 0x00, 0x2e, 0x63, 0x6f, 0x6d, 0x6d, 0x65, 0x6e,
    0x74, 0x00, 0x00, 0x00, 0x00, 0x00, 0x00, 0x00, 0x00, 0x00, 0x00, 0x00,
    0x00, 0x00, 0x00, 0x00, 0x00, 0x00, 0x00, 0x00, 0x00, 0x00, 0x00, 0x00,
    0x00, 0x00, 0x00, 0x00, 0x00, 0x00, 0x00, 0x00, 0x00, 0x00, 0x00, 0x00,
    0x00, 0x00, 0x00, 0x00, 0x00, 0x00, 0x00, 0x00, 0x1b, 0x00, 0x00, 0x00,
    0x01, 0x00, 0x00, 0x00, 0x06, 0x00, 0x00, 0x00, 0x00, 0x00, 0x00, 0x01,
    0x80, 0x00, 0x00, 0x00, 0xc1, 0x04, 0x00, 0x00, 0x00, 0x00, 0x00, 0x00,
    0x00, 0x00, 0x00, 0x00, 0x10, 0x00, 0x00, 0x00, 0x00, 0x00, 0x00, 0x00,
    0x21, 0x00, 0x00, 0x00, 0x01, 0x00, 0x00, 0x00, 0x06, 0x00, 0x00, 0x00,
    0xe0, 0x04, 0x00, 0x01, 0x60, 0x05, 0x00, 0x00, 0x65, 0x01, 0x00, 0x00,
    0x00, 0x00, 0x00, 0x00, 0x00, 0x00, 0x00, 0x00, 0x20, 0x00, 0x00, 0x00,
    0x00, 0x00, 0x00, 0x00, 0x2f, 0x00, 0x00, 0x00, 0x01, 0x00, 0x00, 0x00,
    0x02, 0x00, 0x00, 0x00, 0x48, 0x06, 0x00, 0x01, 0xc8, 0x06, 0x00, 0x00,
    0xe0, 0x05, 0x00, 0x00, 0x00, 0x00, 0x00, 0x00, 0x00, 0x00, 0x00, 0x00,
    0x04, 0x00, 0x00, 0x00, 0x00, 0x00, 0x00, 0x00, 0x39, 0x00, 0x00, 0x00,
    0x01, 0x00, 0x00, 0x00, 0x32, 0x00, 0x00, 0x00, 0x28, 0x0c, 0x00, 0x01,
    0xa8, 0x0c, 0x00, 0x00, 0x1f, 0x00, 0x00, 0x00, 0x00, 0x00, 0x00, 0x00,
    0x00, 0x00, 0x00, 0x00, 0x01, 0x00, 0x00, 0x00, 0x01, 0x00, 0x00, 0x00,
    0x48, 0x00, 0x00, 0x00, 0x01, 0x00, 0x00, 0x00, 0x03, 0x00, 0x00, 0x00,
    0x48, 0x0c, 0x00, 0x01, 0xc8, 0x0c, 0x00, 0x00, 0x04, 0x00, 0x00, 0x00,
    0x00, 0x00, 0x00, 0x00, 0x00, 0x00, 0x00, 0x00, 0x04, 0x00, 0x00, 0x00,
    0x00, 0x00, 0x00, 0x00, 0x4e, 0x00, 0x00, 0x00, 0x01, 0x00, 0x00, 0x00,
    0x30, 0x00, 0x00, 0x00, 0x00, 0x00, 0x00, 0x00, 0xcc, 0x0c, 0x00, 0x00,
    0x26, 0x00, 0x00, 0x00, 0x00, 0x00, 0x00, 0x00, 0x00, 0x00, 0x00, 0x00,
    0x01, 0x00, 0x00, 0x00, 0x01, 0x00, 0x00, 0x00, 0x01, 0x00, 0x00, 0x00,
    0x02, 0x00, 0x00, 0x00, 0x00, 0x00, 0x00, 0x00, 0x00, 0x00, 0x00, 0x00,
    0xf4, 0x0c, 0x00, 0x00, 0x60, 0x02, 0x00, 0x00, 0x08, 0x00, 0x00, 0x00,
    0x04, 0x00, 0x00, 0x00, 0x04, 0x00, 0x00, 0x00, 0x10, 0x00, 0x00, 0x00,
    0x09, 0x00, 0x00, 0x00, 0x03, 0x00, 0x00, 0x00, 0x00, 0x00, 0x00, 0x00,
    0x00, 0x00, 0x00, 0x00, 0x54, 0x0f, 0x00, 0x00, 0x4f, 0x01, 0x00, 0x00,
    0x00, 0x00, 0x00, 0x00, 0x00, 0x00, 0x00, 0x00, 0x01, 0x00, 0x00, 0x00,
    0x00, 0x00, 0x00, 0x00, 0x11, 0x00, 0x00, 0x00, 0x03, 0x00, 0x00, 0x00,
    0x00, 0x00, 0x00, 0x00, 0x00, 0x00, 0x00, 0x00, 0xa3, 0x10, 0x00, 0x00,
    0x57, 0x00, 0x00, 0x00, 0x00, 0x00, 0x00, 0x00, 0x00, 0x00, 0x00, 0x00,
    0x01, 0x00, 0x00, 0x00, 0x00, 0x00, 0x00, 0x00,
};

static const unsigned char prog_tick_elf[] = {
    0x7f, 0x45, 0x4c, 0x46, 0x01, 0x01, 0x01, 0x00, 0x00, 0x00, 0x00, 0x00,
    0x00, 0x00, 0x00, 0x00, 0x02, 0x00, 0x03, 0x00, 0x01, 0x00, 0x00, 0x00,
    0x00, 0x00, 0x00, 0x01, 0x34, 0x00, 0x00, 0x00, 0x84, 0x0f, 0x00, 0x00,
    0x00, 0x00, 0x00, 0x00, 0x34, 0x00, 0x20, 0x00, 0x02, 0x00, 0x28, 0x00,
    0x0a, 0x00, 0x09, 0x00, 0x01, 0x00, 0x00, 0x00, 0x80, 0x00, 0x00, 0x00,
    0x00, 0x00, 0x00, 0x01, 0x00, 0x00, 0x00, 0x01, 0xd4, 0x0a, 0x00, 0x00,
    0xd4, 0x0a, 0x00, 0x00, 0x07, 0x00, 0x00, 0x00, 0x10, 0x00, 0x00, 0x00,
    0x51, 0xe5, 0x74, 0x64, 0x00, 0x00, 0x00, 0x00, 0x00, 0x00, 0x00, 0x00,
    0x00, 0x00, 0x00, 0x00, 0x00, 0x00, 0x00, 0x00, 0x00, 0x00, 0x00, 0x00,
    0x06, 0x00, 0x00, 0x00, 0x10, 0x00, 0x00, 0x00, 0x00, 0x00, 0x00, 0x00,
    0x00, 0x00, 0x00, 0x00, 0x00, 0x00, 0x00, 0x00, 0x57, 0x56, 0x53, 0x31,
    0xdb, 0x89, 0xde, 0x89, 0xdf, 0xe8, 0xc2, 0x04, 0x00, 0x00, 0xb8, 0x10,
    0x00, 0x00, 0x00, 0x89, 0xd9, 0x89, 0xda, 0xcd, 0x80, 0xeb, 0xfe, 0x2e,
    0x8d, 0x74, 0x26, 0x00, 0x31, 0xc0, 0x57, 0x89, 0xc1, 0x56, 0x89, 0xc2,
    0x89, 0xc6, 0x53, 0x89, 0xc7, 0x8b, 0x5c, 0x24, 0x10, 0xcd, 0x80, 0x5b,
    0x5e, 0x5f, 0xc3, 0x90, 0x2e, 0x8d, 0xb4, 0x26, 0x00, 0x00, 0x00, 0x00,
    0x31, 0xc9, 0x57, 0xb8, 0x01, 0x00, 0x00, 0x00, 0x56, 0x89, 0xca, 0x89,
    0xce, 0x89, 0xcf, 0x53, 0x8b, 0x5c, 0x24, 0x10, 0xcd, 0x80, 0x5b, 0x5e,
    0x5f, 0xc3, 0x8d, 0xb6, 0x00, 0x00, 0x00, 0x00, 0x31, 0xc9, 0x57, 0xb8,
    0x02, 0x00, 0x00, 0x00, 0x56, 0x89, 0xca, 0x89, 0xce, 0x89, 0xcf, 0x53,
    0x8b, 0x5c, 0x24, 0x10, 0xcd, 0x80, 0x5b, 0x5e, 0x5f, 0xc3, 0x8d, 0xb6,
    0x00, 0x00, 0x00, 0x00, 0x31, 0xc9, 0x57, 0xb8, 0x03, 0x00, 0x00, 0x00,
    0x56, 0x89, 0xca, 0x89, 0xce, 0x89, 0xcf, 0x53, 0x0f, 0xbe, 0x5c, 0x24,
    0x10, 0xcd, 0x80, 0x5b, 0x5e, 0x5f, 0xc3, 0x2e, 0x8d, 0x74, 0x26, 0x00,
    0x57, 0xb8, 0x04, 0x00, 0x00, 0x00, 0x56, 0x31, 0xf6, 0x53, 0x89, 0xf7,
    0x8b, 0x4c, 0x24, 0x14, 0x8b, 0x54, 0x24, 0x18, 0x8b, 0x5c, 0x24, 0x10,
    0xcd, 0x80, 0x5b, 0x5e, 0x5f, 0xc3, 0x66, 0x90, 0x57, 0xb8, 0x05, 0x00,
    0x00, 0x00, 0x56, 0x31, 0xf6, 0x53, 0x89, 0xf7, 0x8b, 0x4c, 0x24, 0x14,
    0x8b, 0x54, 0x24, 0x18, 0x8b, 0x5c, 0x24, 0x10, 0xcd, 0x80, 0x5b, 0x5e,
    0x5f, 0xc3, 0x66, 0x90, 0x31, 0xc9, 0x57, 0xb8, 0x06, 0x00, 0x00, 0x00,
    0x56, 0x89, 0xca, 0x89, 0xce, 0x89, 0xcf, 0x53, 0x8b, 0x5c, 0x24, 0x10,
    0xcd, 0x80, 0x5b, 0x5e, 0x5f, 0xc3, 0x8d, 0xb6, 0x00, 0x00, 0x00, 0x00,
    0x31, 0xc9, 0x57, 0xb8, 0x07, 0x00, 0x00, 0x00, 0x56, 0x89, 0xca, 0x89,
    0xce, 0x89, 0xcf, 0x53, 0x8b, 0x5c, 0x24, 0x10, 0xcd, 0x80, 0x5b, 0x5e,
    0x5f, 0xc3, 0x8d, 0xb6, 0x00, 0x00, 0x00, 0x00, 0x31, 0xc9, 0x57, 0xb8,
    0x08, 0x00, 0x00, 0x00, 0x56, 0x89, 0xca, 0x89, 0xce, 0x89, 0xcf, 0x53,
    0x8b, 0x5c, 0x24, 0x10, 0xcd, 0x80, 0x5b, 0x5e, 0x5f, 0xc3, 0x8d, 0xb6,
    0x00, 0x00, 0x00, 0x00, 0x57, 0xb8, 0x09, 0x00, 0x00, 0x00, 0x56, 0x31,
    0xf6, 0x53, 0x89, 0xf7, 0x8b, 0x4c, 0x24, 0x14, 0x8b, 0x54, 0x24, 0x18,
    0x8b, 0x5c, 0x24, 0x10, 0xcd, 0x80, 0x5b, 0x5e, 0x5f, 0xc3, 0x66, 0x90,
    0x57, 0xb8, 0x0a, 0x00, 0x00, 0x00, 0x56, 0x53, 0x31, 0xdb, 0x89, 0xd9,
    0x89, 0xda, 0x89, 0xde, 0x89, 0xdf, 0xcd, 0x80, 0x5b, 0x5e, 0x5f, 0xc3,
    0x2e, 0x8d, 0xb4, 0x26, 0x00, 0x00, 0x00, 0x00, 0x57, 0xb8, 0x0b, 0x00,
    0x00, 0x00, 0x56, 0x53, 0x31, 0xdb, 0x89, 0xd9, 0x89, 0xda, 0x89, 0xde,
    0x89, 0xdf, 0xcd, 0x80, 0x5b, 0x5e, 0x5f, 0xc3, 0x2e, 0x8d, 0xb4, 0x26,
    0x00, 0x00, 0x00, 0x00, 0x57, 0xb8, 0x0c, 0x00, 0x00, 0x00, 0x56, 0x53,
    0x31, 0xdb, 0x89, 0xd9, 0x89, 0xda, 0x89, 0xde, 0x89, 0xdf, 0xcd, 0x80,
    0x5b, 0x5e, 0x5f, 0xc3, 0x2e, 0x8d, 0xb4, 0x26, 0x00, 0x00, 0x00, 0x00,
    0x57, 0xb8, 0x0d, 0x00, 0x00, 0x00, 0x56, 0x53, 0x31, 0xdb, 0x89, 0xd9,
    0x89, 0xda, 0x89, 0xde, 0x89, 0xdf, 0xcd, 0x80, 0x5b, 0x5e, 0x5f, 0xc3,
    0x2e, 0x8d, 0xb4, 0x26, 0x00, 0x00, 0x00, 0x00, 0x57, 0xb8, 0x0e, 0x00,
    0x00, 0x00, 0x56, 0x53, 0x31, 0xdb, 0x89, 0xd9, 0x89, 0xda, 0x89, 0xde,
    0x89, 0xdf, 0xcd, 0x80, 0x5b, 0x5e, 0x5f, 0xc3, 0x2e, 0x8d, 0xb4, 0x26,
    0x00, 0x00, 0x00, 0x00, 0x31, 0xd2, 0x57, 0xb8, 0x0f, 0x00, 0x00, 0x00,
    0x56, 0x89, 0xd7, 0x89, 0xd6, 0x53, 0x8b, 0x4c, 0x24, 0x14, 0x8b, 0x5c,
    0x24, 0x10, 0xcd, 0x80, 0x5b, 0x5e, 0x5f, 0xc3, 0x8d, 0x74, 0x26, 0x00,
    0x57, 0xb8, 0x10, 0x00, 0x00, 0x00, 0x56, 0x53, 0x31, 0xdb, 0x89, 0xd9,
    0x89, 0xda, 0x89, 0xde, 0x89, 0xdf, 0xcd, 0x80, 0xeb, 0xfe, 0x66, 0x90,
    0x2e, 0x8d, 0xb4, 0x26, 0x00, 0x00, 0x00, 0x00, 0x55, 0xb8, 0x11, 0x00,
    0x00, 0x00, 0x57, 0x56, 0x53, 0x31, 0xdb, 0x89, 0xd9, 0x89, 0xda, 0x89,
    0xde, 0x89, 0xdf, 0xcd, 0x80, 0x85, 0xc0, 0x79, 0x20, 0xbd, 0x12, 0x00,
    0x00, 0x00, 0x66, 0x90, 0x31, 0xdb, 0x89, 0xe8, 0x89, 0xd9, 0x89, 0xda,
    0x89, 0xde, 0x89, 0xdf, 0xcd, 0x80, 0xb8, 0x11, 0x00, 0x00, 0x00, 0xcd,
    0x80, 0x85, 0xc0, 0x78, 0xe7, 0x5b, 0x5e, 0x5f, 0x5d, 0xc3, 0x66, 0x90,
    0x57, 0xb8, 0x12, 0x00, 0x00, 0x00, 0x56, 0x53, 0x31, 0xdb, 0x89, 0xd9,
    0x89, 0xda, 0x89, 0xde, 0x89, 0xdf, 0xcd, 0x80, 0x5b, 0x5e, 0x5f, 0xc3,
    0x2e, 0x8d, 0xb4, 0x26, 0x00, 0x00, 0x00, 0x00, 0x57, 0xb8, 0x13, 0x00,
    0x00, 0x00, 0x56, 0x53, 0x31, 0xdb, 0x89, 0xd9, 0x89, 0xda, 0x89, 0xde,
    0x89, 0xdf, 0xcd, 0x80, 0x5b, 0x5e, 0x5f, 0xc3, 0x2e, 0x8d, 0xb4, 0x26,
    0x00, 0x00, 0x00, 0x00, 0x31, 0xd2, 0x57, 0xb8, 0x14, 0x00, 0x00, 0x00,
    0x56, 0x89, 0xd7, 0x89, 0xd6, 0x53, 0x8b, 0x4c, 0x24, 0x14, 0x8b, 0x5c,
    0x24, 0x10, 0xcd, 0x80, 0x5b, 0x5e, 0x5f, 0xc3, 0x8d, 0x74, 0x26, 0x00,
    0x31, 0xc9, 0x57, 0xb8, 0x15, 0x00, 0x00, 0x00, 0x56, 0x89, 0xca, 0x89,
    0xce, 0x89, 0xcf, 0x53, 0x8b, 0x5c, 0x24, 0x10, 0xcd, 0x80, 0x5b, 0x5e,
    0x5f, 0xc3, 0x8d, 0xb6, 0x00, 0x00, 0x00, 0x00, 0x57, 0xb8, 0x16, 0x00,
    0x00, 0x00, 0x56, 0x53, 0x31, 0xdb, 0x89, 0xd9, 0x89, 0xda, 0x89, 0xde,
    0x89, 0xdf, 0xcd, 0x80, 0x5b, 0x5e, 0x5f, 0xc3, 0x2e, 0x8d, 0xb4, 0x26,
    0x00, 0x00, 0x00, 0x00, 0x57, 0xb8, 0x1d, 0x00, 0x00, 0x00, 0x56, 0x53,
    0x31, 0xdb, 0x89, 0xd9, 0x89, 0xda, 0x89, 0xde, 0x89, 0xdf, 0xcd, 0x80,
    0x5b, 0x5e, 0x5f, 0xc3, 0x2e, 0x8d, 0xb4, 0x26, 0x00, 0x00, 0x00, 0x00,
    0x57, 0xb8, 0x17, 0x00, 0x00, 0x00, 0x31, 0xff, 0x56, 0x53, 0x8b, 0x4c,
    0x24, 0x14, 0x8b, 0x54, 0x24, 0x18, 0x8b, 0x5c, 0x24, 0x10, 0x8b, 0x74,
    0x24, 0x1c, 0xcd, 0x80, 0x5b, 0x5e, 0x5f, 0xc3, 0x57, 0xb8, 0x18, 0x00,
    0x00, 0x00, 0x56, 0x53, 0x8b, 0x4c, 0x24, 0x14, 0x8b, 0x54, 0x24, 0x18,
    0x8b, 0x5c, 0x24, 0x10, 0x8b, 0x74, 0x24, 0x1c, 0x8b, 0x7c, 0x24, 0x20,
    0xcd, 0x80, 0x5b, 0x5e, 0x5f, 0xc3, 0x8d, 0xb6, 0x00, 0x00, 0x00, 0x00,
    0x2e, 0x8d, 0xb4, 0x26, 0x00, 0x00, 0x00, 0x00, 0x57, 0x31, 0xc9, 0x56,
    0x89, 0xca, 0x89, 0xce, 0x89, 0xcf, 0x53, 0x83, 0xec, 0x20, 0x8b, 0x44,
    0x24, 0x30, 0x8d, 0x5c, 0x24, 0x04, 0x89, 0x44, 0x24, 0x04, 0x8b, 0x44,
    0x24, 0x34, 0x89, 0x44, 0x24, 0x08, 0x8b, 0x44, 0x24, 0x38, 0x89, 0x44,
    0x24, 0x0c, 0x8b, 0x44, 0x24, 0x3c, 0x89, 0x44, 0x24, 0x10, 0x8b, 0x44,
    0x24, 0x40, 0x89, 0x44, 0x24, 0x14, 0x8b, 0x44, 0x24, 0x44, 0x89, 0x44,
    0x24, 0x18, 0x8b, 0x44, 0x24, 0x48, 0x89, 0x44, 0x24, 0x1c, 0xb8, 0x19,
    0x00, 0x00, 0x00, 0xcd, 0x80, 0x83, 0xc4, 0x20, 0x5b, 0x5e, 0x5f, 0xc3,
    0x2e, 0x8d, 0xb4, 0x26, 0x00, 0x00, 0x00, 0x00, 0x57, 0x31, 0xc9, 0x56,
    0x89, 0xca, 0x89, 0xce, 0x89, 0xcf, 0x53, 0x83, 0xec, 0x20, 0x8b, 0x44,
    0x24, 0x30, 0x8d, 0x5c, 0x24, 0x04, 0x89, 0x44, 0x24, 0x04, 0x8b, 0x44,
    0x24, 0x34, 0x89, 0x44, 0x24, 0x08, 0x8b, 0x44, 0x24, 0x38, 0x89, 0x44,
    0x24, 0x0c, 0x8b, 0x44, 0x24, 0x3c, 0x89, 0x44, 0x24, 0x10, 0x8b, 0x44,
    0x24, 0x40, 0x89, 0x44, 0x24, 0x14, 0x8b, 0x44, 0x24, 0x44, 0x89, 0x44,
    0x24, 0x18, 0x8b, 0x44, 0x24, 0x48, 0x89, 0x44, 0x24, 0x1c, 0xb8, 0x1a,
    0x00, 0x00, 0x00, 0xcd, 0x80, 0x83, 0xc4, 0x20, 0x5b, 0x5e, 0x5f, 0xc3,
    0x2e, 0x8d, 0xb4, 0x26, 0x00, 0x00, 0x00, 0x00, 0x31, 0xc9, 0x57, 0xb8,
    0x1b, 0x00, 0x00, 0x00, 0x56, 0x89, 0xca, 0x89, 0xce, 0x89, 0xcf, 0x53,
    0x8b, 0x5c, 0x24, 0x10, 0xcd, 0x80, 0x5b, 0x5e, 0x5f, 0xc3, 0x8d, 0xb6,
    0x00, 0x00, 0x00, 0x00, 0x57, 0xb8, 0x1c, 0x00, 0x00, 0x00, 0x56, 0x31,
    0xf6, 0x53, 0x89, 0xf7, 0x8b, 0x4c, 0x24, 0x14, 0x8b, 0x54, 0x24, 0x18,
    0x8b, 0x5c, 0x24, 0x10, 0xcd, 0x80, 0x5b, 0x5e, 0x5f, 0xc3, 0x66, 0x90,
    0x8b, 0x44, 0x24, 0x04, 0x8b, 0x15, 0xd0, 0x0a, 0x00, 0x01, 0x83, 0xc0,
    0x0f, 0x83, 0xe0, 0xf0, 0x01, 0xd0, 0x3d, 0x00, 0x00, 0x80, 0x01, 0x77,
    0x0f, 0xa3, 0xd0, 0x0a, 0x00, 0x01, 0x89, 0xd0, 0xc3, 0x8d, 0xb4, 0x26,
    0x00, 0x00, 0x00, 0x00, 0x31, 0xd2, 0x89, 0xd0, 0xc3, 0x8d, 0x76, 0x00,
    0xc3, 0x00, 0x00, 0x00, 0x00, 0x00, 0x00, 0x00, 0x00, 0x00, 0x00, 0x00,
    0x00, 0x00, 0x00, 0x00, 0x8d, 0x4c, 0x24, 0x04, 0x83, 0xe4, 0xf0, 0xff,
    0x71, 0xfc, 0x55, 0x89, 0xe5, 0x51, 0x83, 0xec, 0x10, 0x68, 0xc8, 0x0a,
    0x00, 0x01, 0xe8, 0x35, 0xfb, 0xff, 0xff, 0xe8, 0x70, 0xfc, 0xff, 0xff,
    0x89, 0x04, 0x24, 0xe8, 0x48, 0xfb, 0xff, 0xff, 0x8b, 0x4d, 0xfc, 0x83,
    0xc4, 0x10, 0xc9, 0x8d, 0x61, 0xfc, 0xc3, 0x00, 0x14, 0x00, 0x00, 0x00,
    0x00, 0x00, 0x00, 0x00, 0x01, 0x7a, 0x52, 0x00, 0x01, 0x7c, 0x08, 0x01,
    0x1b, 0x0c, 0x04, 0x04, 0x88, 0x01, 0x00, 0x00, 0x1c, 0x00, 0x00, 0x00,
    0x1c, 0x00, 0x00, 0x00, 0xdc, 0xfa, 0xff, 0xff, 0x1b, 0x00, 0x00, 0x00,
    0x00, 0x41, 0x0e, 0x08, 0x87, 0x02, 0x41, 0x0e, 0x0c, 0x86, 0x03, 0x41,
    0x0e, 0x10, 0x83, 0x04, 0x28, 0x00, 0x00, 0x00, 0x3c, 0x00, 0x00, 0x00,
    0xdc, 0xfa, 0xff, 0xff, 0x17, 0x00, 0x00, 0x00, 0x00, 0x43, 0x0e, 0x08,
    0x87, 0x02, 0x43, 0x0e, 0x0c, 0x86, 0x03, 0x45, 0x0e, 0x10, 0x83, 0x04,
    0x49, 0xc3, 0x0e, 0x0c, 0x41, 0xc6, 0x0e, 0x08, 0x41, 0xc7, 0x0e, 0x04,
    0x28, 0x00, 0x00, 0x00, 0x68, 0x00, 0x00, 0x00, 0xd0, 0xfa, 0xff, 0xff,
    0x1a, 0x00, 0x00, 0x00, 0x00, 0x43, 0x0e, 0x08, 0x87, 0x02, 0x46, 0x0e,
    0x0c, 0x86, 0x03, 0x47, 0x0e, 0x10, 0x83, 0x04, 0x47, 0xc3, 0x0e, 0x0c,
    0x41, 0xc6, 0x0e, 0x08, 0x41, 0xc7, 0x0e, 0x04, 0x28, 0x00, 0x00, 0x00,
    0x94, 0x00, 0x00, 0x00, 0xc4, 0xfa, 0xff, 0xff, 0x1a, 0x00, 0x00, 0x00,
    0x00, 0x43, 0x0e, 0x08, 0x87, 0x02, 0x46, 0x0e, 0x0c, 0x86, 0x03, 0x47,
    0x0e, 0x10, 0x83, 0x04, 0x47, 0xc3, 0x0e, 0x0c, 0x41, 0xc6, 0x0e, 0x08,
    0x41, 0xc7, 0x0e, 0x04, 0x28, 0x00, 0x00, 0x00, 0xc0, 0x00, 0x00, 0x00,
    0xb8, 0xfa, 0xff, 0xff, 0x1b, 0x00, 0x00, 0x00, 0x00, 0x43, 0x0e, 0x08,
    0x87, 0x02, 0x46, 0x0e, 0x0c, 0x86, 0x03, 0x47, 0x0e, 0x10, 0x83, 0x04,
    0x48, 0xc3, 0x0e, 0x0c, 0x41, 0xc6, 0x0e, 0x08, 0x41, 0xc7, 0x0e, 0x04,
    0x28, 0x00, 0x00, 0x00, 0xec, 0x00, 0x00, 0x00, 0xac, 0xfa, 0xff, 0xff,
    0x1e, 0x00, 0x00, 0x00, 0x00, 0x41, 0x0e, 0x08, 0x87, 0x02, 0x46, 0x0e,
    0x0c, 0x86, 0x03, 0x43, 0x0e, 0x10, 0x83, 0x04, 0x51, 0xc3, 0x0e, 0x0c,
    0x41, 0xc6, 0x0e, 0x08, 0x41, 0xc7, 0x0e, 0x04, 0x28, 0x00, 0x00, 0x00,
    0x18, 0x01, 0x00, 0x00, 0xa0, 0xfa, 0xff, 0xff, 0x1e, 0x00, 0x00, 0x00,
    0x00, 0x41, 0x0e, 0x08, 0x87, 0x02, 0x46, 0x0e, 0x0c, 0x86, 0x03, 0x43,
    0x0e, 0x10, 0x83, 0x04, 0x51, 0xc3, 0x0e, 0x0c, 0x41, 0xc6, 0x0e, 0x08,
    0x41, 0xc7, 0x0e, 0x04, 0x28, 0x00, 0x00, 0x00, 0x44, 0x01, 0x00, 0x00,
    0x94, 0xfa, 0xff, 0xff, 0x1a, 0x00, 0x00, 0x00, 0x00, 0x43, 0x0e, 0x08,
    0x87, 0x02, 0x46, 0x0e, 0x0c, 0x86, 0x03, 0x47, 0x0e, 0x10, 0x83, 0x04,
    0x47, 0xc3, 0x0e, 0x0c, 0x41, 0xc6, 0x0e, 0x08, 0x41, 0xc7, 0x0e, 0x04,
    0x28, 0x00, 0x00, 0x00, 0x70, 0x01, 0x00, 0x00, 0x88, 0xfa, 0xff, 0xff,
    0x1a, 0x00, 0x00, 0x00, 0x00, 0x43, 0x0e, 0x08, 0x87, 0x02, 0x46, 0x0e,
    0x0c, 0x86, 0x03, 0x47, 0x0e, 0x10, 0x83, 0x04, 0x47, 0xc3, 0x0e, 0x0c,
    0x41, 0xc6, 0x0e, 0x08, 0x41, 0xc7, 0x0e, 0x04, 0x28, 0x00, 0x00, 0x00,
    0x9c, 0x01, 0x00, 0x00, 0x7c, 0xfa, 0xff, 0xff, 0x1a, 0x00, 0x00, 0x00,
    0x00, 0x43, 0x0e, 0x08, 0x87, 0x02, 0x46, 0x0e, 0x0c, 0x86, 0x03, 0x47,
    0x0e, 0x10, 0x83, 0x04, 0x47, 0xc3, 0x0e, 0x0c, 0x41, 0xc6, 0x0e, 0x08,
    0x41, 0xc7, 0x0e, 0x04, 0x28, 0x00, 0x00, 0x00, 0xc8, 0x01, 0x00, 0x00,
    0x70, 0xfa, 0xff, 0xff, 0x1e, 0x00, 0x00, 0x00, 0x00, 0x41, 0x0e, 0x08,
    0x87, 0x02, 0x46, 0x0e, 0x0c, 0x86, 0x03, 0x43, 0x0e, 0x10, 0x83, 0x04,
    0x51, 0xc3, 0x0e, 0x0c, 0x41, 0xc6, 0x0e, 0x08, 0x41, 0xc7, 0x0e, 0x04,
    0x28, 0x00, 0x00, 0x00, 0xf4, 0x01, 0x00, 0x00, 0x64, 0xfa, 0xff, 0xff,
    0x18, 0x00, 0x00, 0x00, 0x00, 0x41, 0x0e, 0x08, 0x87, 0x02, 0x46, 0x0e,
    0x0c, 0x86, 0x03, 0x41, 0x0e, 0x10, 0x83, 0x04, 0x4d, 0xc3, 0x0e, 0x0c,
    0x41, 0xc6, 0x0e, 0x08, 0x41, 0xc7, 0x0e, 0x04, 0x28, 0x00, 0x00, 0x00,
    0x20, 0x02, 0x00, 0x00, 0x58, 0xfa, 0xff, 0xff, 0x18, 0x00, 0x00, 0x00,
    0x00, 0x41, 0x0e, 0x08, 0x87, 0x02, 0x46, 0x0e, 0x0c, 0x86, 0x03, 0x41,
    0x0e, 0x10, 0x83, 0x04, 0x4d, 0xc3, 0x0e, 0x0c, 0x41, 0xc6, 0x0e, 0x08,
    0x41, 0xc7, 0x0e, 0x04, 0x28, 0x00, 0x00, 0x00, 0x4c, 0x02, 0x00, 0x00,
    0x4c, 0xfa, 0xff, 0xff, 0x18, 0x00, 0x00, 0x00, 0x00, 0x41, 0x0e, 0x08,
    0x87, 0x02, 0x46, 0x0e, 0x0c, 0x86, 0x03, 0x41, 0x0e, 0x10, 0x83, 0x04,
    0x4d, 0xc3, 0x0e, 0x0c, 0x41, 0xc6, 0x0e, 0x08, 0x41, 0xc7, 0x0e, 0x04,
    0x28, 0x00, 0x00, 0x00, 0x78, 0x02, 0x00, 0x00, 0x40, 0xfa, 0xff, 0xff,
    0x18, 0x00, 0x00, 0x00, 0x00, 0x41, 0x0e, 0x08, 0x87, 0x02, 0x46, 0x0e,
    0x0c, 0x86, 0x03, 0x41, 0x0e, 0x10, 0x83, 0x04, 0x4d, 0xc3, 0x0e, 0x0c,
    0x41, 0xc6, 0x0e, 0x08, 0x41, 0xc7, 0x0e, 0x04, 0x28, 0x00, 0x00, 0x00,
    0xa4, 0x02, 0x00, 0x00, 0x34, 0xfa, 0xff, 0xff, 0x18, 0x00, 0x00, 0x00,
    0x00, 0x41, 0x0e, 0x08, 0x87, 0x02, 0x46, 0x0e, 0x0c, 0x86, 0x03, 0x41,
    0x0e, 0x10, 0x83, 0x04, 0x4d, 0xc3, 0x0e, 0x0c, 0x41, 0xc6, 0x0e, 0x08,
    0x41, 0xc7, 0x0e, 0x04, 0x28, 0x00, 0x00, 0x00, 0xd0, 0x02, 0x00, 0x00,
    0x28, 0xfa, 0xff, 0xff, 0x1c, 0x00, 0x00, 0x00, 0x00, 0x43, 0x0e, 0x08,
    0x87, 0x02, 0x46, 0x0e, 0x0c, 0x86, 0x03, 0x45, 0x0e, 0x10, 0x83, 0x04,
    0x4b, 0xc3, 0x0e, 0x0c, 0x41, 0xc6, 0x0e, 0x08, 0x41, 0xc7, 0x0e, 0x04,
    0x1c, 0x00, 0x00, 0x00, 0xfc, 0x02, 0x00, 0x00, 0x1c, 0xfa, 0xff, 0xff,
    0x16, 0x00, 0x00, 0x00, 0x00, 0x41, 0x0e, 0x08, 0x87, 0x02, 0x46, 0x0e,
    0x0c, 0x86, 0x03, 0x41, 0x0e, 0x10, 0x83, 0x04, 0x34, 0x00, 0x00, 0x00,
    0x1c, 0x03, 0x00, 0x00, 0x1c, 0xfa, 0xff, 0xff, 0x3e, 0x00, 0x00, 0x00,
    0x00, 0x41, 0x0e, 0x08, 0x85, 0x02, 0x46, 0x0e, 0x0c, 0x87, 0x03, 0x41,
    0x0e, 0x10, 0x86, 0x04, 0x41, 0x0e, 0x14, 0x83, 0x05, 0x71, 0xc3, 0x0e,
    0x10, 0x41, 0xc6, 0x0e, 0x0c, 0x41, 0xc7, 0x0e, 0x08, 0x41, 0xc5, 0x0e,
    0x04, 0x00, 0x00, 0x00, 0x28, 0x00, 0x00, 0x00, 0x54, 0x03, 0x00, 0x00,
    0x24, 0xfa, 0xff, 0xff, 0x18, 0x00, 0x00, 0x00, 0x00, 0x41, 0x0e, 0x08,
    0x87, 0x02, 0x46, 0x0e, 0x0c, 0x86, 0x03, 0x41, 0x0e, 0x10, 0x83, 0x04,
    0x4d, 0xc3, 0x0e, 0x0c, 0x41, 0xc6, 0x0e, 0x08, 0x41, 0xc7, 0x0e, 0x04,
    0x28, 0x00, 0x00, 0x00, 0x80, 0x03, 0x00, 0x00, 0x18, 0xfa, 0xff, 0xff,
    0x18, 0x00, 0x00, 0x00, 0x00, 0x41, 0x0e, 0x08, 0x87, 0x02, 0x46, 0x0e,
    0x0c, 0x86, 0x03, 0x41, 0x0e, 0x10, 0x83, 0x04, 0x4d, 0xc3, 0x0e, 0x0c,
    0x41, 0xc6, 0x0e, 0x08, 0x41, 0xc7, 0x0e, 0x04, 0x28, 0x00, 0x00, 0x00,
    0xac, 0x03, 0x00, 0x00, 0x0c, 0xfa, 0xff, 0xff, 0x1c, 0x00, 0x00, 0x00,
    0x00, 0x43, 0x0e, 0x08, 0x87, 0x02, 0x46, 0x0e, 0x0c, 0x86, 0x03, 0x45,
    0x0e, 0x10, 0x83, 0x04, 0x4b, 0xc3, 0x0e, 0x0c, 0x41, 0xc6, 0x0e, 0x08,
    0x41, 0xc7, 0x0e, 0x04, 0x28, 0x00, 0x00, 0x00, 0xd8, 0x03, 0x00, 0x00,
    0x00, 0xfa, 0xff, 0xff, 0x1a, 0x00, 0x00, 0x00, 0x00, 0x43, 0x0e, 0x08,
    0x87, 0x02, 0x46, 0x0e, 0x0c, 0x86, 0x03, 0x47, 0x0e, 0x10, 0x83, 0x04,
    0x47, 0xc3, 0x0e, 0x0c, 0x41, 0xc6, 0x0e, 0x08, 0x41, 0xc7, 0x0e, 0x04,
    0x28, 0x00, 0x00, 0x00, 0x04, 0x04, 0x00, 0x00, 0xf4, 0xf9, 0xff, 0xff,
    0x18, 0x00, 0x00, 0x00, 0x00, 0x41, 0x0e, 0x08, 0x87, 0x02, 0x46, 0x0e,
    0x0c, 0x86, 0x03, 0x41, 0x0e, 0x10, 0x83, 0x04, 0x4d, 0xc3, 0x0e, 0x0c,
    0x41, 0xc6, 0x0e, 0x08, 0x41, 0xc7, 0x0e, 0x04, 0x28, 0x00, 0x00, 0x00,
    0x30, 0x04, 0x00, 0x00, 0xe8, 0xf9, 0xff, 0xff, 0x18, 0x00, 0x00, 0x00,
    0x00, 0x41, 0x0e, 0x08, 0x87, 0x02, 0x46, 0x0e, 0x0c, 0x86, 0x03, 0x41,
    0x0e, 0x10, 0x83, 0x04, 0x4d, 0xc3, 0x0e, 0x0c, 0x41, 0xc6, 0x0e, 0x08,
    0x41, 0xc7, 0x0e, 0x04, 0x28, 0x00, 0x00, 0x00, 0x5c, 0x04, 0x00, 0x00,
    0xdc, 0xf9, 0xff, 0xff, 0x20, 0x00, 0x00, 0x00, 0x00, 0x41, 0x0e, 0x08,
    0x87, 0x02, 0x48, 0x0e, 0x0c, 0x86, 0x03, 0x41, 0x0e, 0x10, 0x83, 0x04,
    0x53, 0xc3, 0x0e, 0x0c, 0x41, 0xc6, 0x0e, 0x08, 0x41, 0xc7, 0x0e, 0x04,
    0x28, 0x00, 0x00, 0x00, 0x88, 0x04, 0x00, 0x00, 0xd0, 0xf9, 0xff, 0xff,
    0x22, 0x00, 0x00, 0x00, 0x00, 0x41, 0x0e, 0x08, 0x87, 0x02, 0x46, 0x0e,
    0x0c, 0x86, 0x03, 0x41, 0x0e, 0x10, 0x83, 0x04, 0x57, 0xc3, 0x0e, 0x0c,
    0x41, 0xc6, 0x0e, 0x08, 0x41, 0xc7, 0x0e, 0x04, 0x30, 0x00, 0x00, 0x00,
    0xb4, 0x04, 0x00, 0x00, 0xd4, 0xf9, 0xff, 0xff, 0x58, 0x00, 0x00, 0x00,
    0x00, 0x41, 0x0e, 0x08, 0x87, 0x02, 0x43, 0x0e, 0x0c, 0x86, 0x03, 0x47,
    0x0e, 0x10, 0x83, 0x04, 0x43, 0x0e, 0x30, 0x02, 0x46, 0x0e, 0x10, 0x41,
    0xc3, 0x0e, 0x0c, 0x41, 0xc6, 0x0e, 0x08, 0x41, 0xc7, 0x0e, 0x04, 0x00,
    0x30, 0x00, 0x00, 0x00, 0xe8, 0x04, 0x00, 0x00, 0x00, 0xfa, 0xff, 0xff,
    0x58, 0x00, 0x00, 0x00, 0x00, 0x41, 0x0e, 0x08, 0x87, 0x02, 0x43, 0x0e,
    0x0c, 0x86, 0x03, 0x47, 0x0e, 0x10, 0x83, 0x04, 0x43, 0x0e, 0x30, 0x02,
    0x46, 0x0e, 0x10, 0x41, 0xc3, 0x0e, 0x0c, 0x41, 0xc6, 0x0e, 0x08, 0x41,
    0xc7, 0x0e, 0x04, 0x00, 0x28, 0x00, 0x00, 0x00, 0x1c, 0x05, 0x00, 0x00,
    0x2c, 0xfa, 0xff, 0xff, 0x1a, 0x00, 0x00, 0x00, 0x00, 0x43, 0x0e, 0x08,
    0x87, 0x02, 0x46, 0x0e, 0x0c, 0x86, 0x03, 0x47, 0x0e, 0x10, 0x83, 0x04,
    0x47, 0xc3, 0x0e, 0x0c, 0x41, 0xc6, 0x0e, 0x08, 0x41, 0xc7, 0x0e, 0x04,
    0x28, 0x00, 0x00, 0x00, 0x48, 0x05, 0x00, 0x00, 0x20, 0xfa, 0xff, 0xff,
    0x1e, 0x00, 0x00, 0x00, 0x00, 0x41, 0x0e, 0x08, 0x87, 0x02, 0x46, 0x0e,
    0x0c, 0x86, 0x03, 0x43, 0x0e, 0x10, 0x83, 0x04, 0x51, 0xc3, 0x0e, 0x0c,
    0x41, 0xc6, 0x0e, 0x08, 0x41, 0xc7, 0x0e, 0x04, 0x10, 0x00, 0x00, 0x00,
    0x74, 0x05, 0x00, 0x00, 0x14, 0xfa, 0xff, 0xff, 0x2d, 0x00, 0x00, 0x00,
    0x00, 0x00, 0x00, 0x00, 0x10, 0x00, 0x00, 0x00, 0x88, 0x05, 0x00, 0x00,
    0x30, 0xfa, 0xff, 0xff, 0x01, 0x00, 0x00, 0x00, 0x00, 0x00, 0x00, 0x00,
    0x28, 0x00, 0x00, 0x00, 0x9c, 0x05, 0x00, 0x00, 0x2c, 0xfa, 0xff, 0xff,
    0x33, 0x00, 0x00, 0x00, 0x00, 0x44, 0x0c, 0x01, 0x00, 0x49, 0x10, 0x05,
    0x02, 0x75, 0x00, 0x41, 0x0f, 0x03, 0x75, 0x7c, 0x06, 0x5d, 0x0c, 0x01,
    0x00, 0x44, 0xc5, 0x43, 0x0c, 0x04, 0x04, 0x00, 0x0a, 0x54, 0x69, 0x63,
    0x6b, 0x3a, 0x20, 0x00, 0x00, 0x00, 0x10, 0x01, 0x47, 0x43, 0x43, 0x3a,
    0x20, 0x28, 0x55, 0x62, 0x75, 0x6e, 0x74, 0x75, 0x20, 0x31, 0x35, 0x2e,
    0x32, 0x2e, 0x30, 0x2d, 0x31, 0x36, 0x75, 0x62, 0x75, 0x6e, 0x74, 0x75,
    0x31, 0x29, 0x20, 0x31, 0x35, 0x2e, 0x32, 0x2e, 0x30, 0x00, 0x00, 0x00,
    0x00, 0x00, 0x00, 0x00, 0x00, 0x00, 0x00, 0x00, 0x00, 0x00, 0x00, 0x00,
    0x00, 0x00, 0x00, 0x00, 0x01, 0x00, 0x00, 0x00, 0x00, 0x00, 0x00, 0x00,
    0x00, 0x00, 0x00, 0x00, 0x04, 0x00, 0xf1, 0xff, 0x0a, 0x00, 0x00, 0x00,
    0xd0, 0x0a, 0x00, 0x01, 0x04, 0x00, 0x00, 0x00, 0x01, 0x00, 0x05, 0x00,
    0x14, 0x00, 0x00, 0x00, 0x00, 0x00, 0x00, 0x00, 0x00, 0x00, 0x00, 0x00,
    0x04, 0x00, 0xf1, 0xff, 0x1b, 0x00, 0x00, 0x00, 0x80, 0x00, 0x00, 0x01,
    0x1b, 0x00, 0x00, 0x00, 0x12, 0x00, 0x01, 0x00, 0x23, 0x00, 0x00, 0x00,
    0x50, 0x04, 0x00, 0x01, 0x1a, 0x00, 0x00, 0x00, 0x12, 0x00, 0x01, 0x00,
    0x2e, 0x00, 0x00, 0x00, 0x80, 0x02, 0x00, 0x01, 0x18, 0x00, 0x00, 0x00,
    0x12, 0x00, 0x01, 0x00, 0x34, 0x00, 0x00, 0x00, 0x20, 0x00, 0x00, 0x01,
    0x17, 0x00, 0x00, 0x00, 0x12, 0x00, 0x01, 0x00, 0x3a, 0x00, 0x00, 0x00,
    0x00, 0x01, 0x00, 0x01, 0x1a, 0x00, 0x00, 0x00, 0x12, 0x00, 0x01, 0x00,
    0x46, 0x00, 0x00, 0x00, 0xa0, 0x02, 0x00, 0x01, 0x18, 0x00, 0x00, 0x00,
    0x12, 0x00, 0x01, 0x00, 0x4d, 0x00, 0x00, 0x00, 0x00, 0x02, 0x00, 0x01,
    0x1c, 0x00, 0x00, 0x00, 0x12, 0x00, 0x01, 0x00, 0x56, 0x00, 0x00, 0x00,
    0x90, 0x04, 0x00, 0x01, 0x2d, 0x00, 0x00, 0x00, 0x12, 0x00, 0x01, 0x00,
    0x5d, 0x00, 0x00, 0x00, 0xc0, 0x02, 0x00, 0x01, 0x1c, 0x00, 0x00, 0x00,
    0x12, 0x00, 0x01, 0x00, 0x66, 0x00, 0x00, 0x00, 0x60, 0x00, 0x00, 0x01,
    0x1a, 0x00, 0x00, 0x00, 0x12, 0x00, 0x01, 0x00, 0x70, 0x00, 0x00, 0x00,
    0x00, 0x03, 0x00, 0x01, 0x18, 0x00, 0x00, 0x00, 0x12, 0x00, 0x01, 0x00,
    0x80, 0x00, 0x00, 0x00, 0x70, 0x04, 0x00, 0x01, 0x1e, 0x00, 0x00, 0x00,
    0x12, 0x00, 0x01, 0x00, 0x86, 0x00, 0x00, 0x00, 0x40, 0x01, 0x00, 0x01,
    0x1e, 0x00, 0x00, 0x00, 0x12, 0x00, 0x01, 0x00, 0x92, 0x00, 0x00, 0x00,
    0xf0, 0x03, 0x00, 0x01, 0x58, 0x00, 0x00, 0x00, 0x12, 0x00, 0x01, 0x00,
    0x9c, 0x00, 0x00, 0x00, 0x60, 0x01, 0x00, 0x01, 0x18, 0x00, 0x00, 0x00,
    0x12, 0x00, 0x01, 0x00, 0xa5, 0x00, 0x00, 0x00, 0xa0, 0x01, 0x00, 0x01,
    0x18, 0x00, 0x00, 0x00, 0x12, 0x00, 0x01, 0x00, 0xac, 0x00, 0x00, 0x00,
    0x00, 0x00, 0x00, 0x01, 0x1b, 0x00, 0x00, 0x00, 0x12, 0x00, 0x01, 0x00,
    0xb3, 0x00, 0x00, 0x00, 0xc0, 0x00, 0x00, 0x01, 0x1e, 0x00, 0x00, 0x00,
    0x12, 0x00, 0x01, 0x00, 0xbb, 0x00, 0x00, 0x00, 0xe0, 0x02, 0x00, 0x01,
    0x1a, 0x00, 0x00, 0x00, 0x12, 0x00, 0x01, 0x00, 0xc4, 0x00, 0x00, 0x00,
    0xc0, 0x01, 0x00, 0x01, 0x18, 0x00, 0x00, 0x00, 0x12, 0x00, 0x01, 0x00,
    0xca, 0x00, 0x00, 0x00, 0x90, 0x03, 0x00, 0x01, 0x58, 0x00, 0x00, 0x00,
    0x12, 0x00, 0x01, 0x00, 0xd6, 0x00, 0x00, 0x00, 0x40, 0x02, 0x00, 0x01,
    0x3e, 0x00, 0x00, 0x00, 0x12, 0x00, 0x01, 0x00, 0xdf, 0x00, 0x00, 0x00,
    0x40, 0x03, 0x00, 0x01, 0x20, 0x00, 0x00, 0x00, 0x12, 0x00, 0x01, 0x00,
    0xe9, 0x00, 0x00, 0x00, 0xd0, 0x04, 0x00, 0x01, 0x33, 0x00, 0x00, 0x00,
    0x12, 0x00, 0x02, 0x00, 0xee, 0x00, 0x00, 0x00, 0x40, 0x00, 0x00, 0x01,
    0x1a, 0x00, 0x00, 0x00, 0x12, 0x00, 0x01, 0x00, 0xf8, 0x00, 0x00, 0x00,
    0xe0, 0x01, 0x00, 0x01, 0x18, 0x00, 0x00, 0x00, 0x12, 0x00, 0x01, 0x00,
    0x01, 0x01, 0x00, 0x00, 0xa0, 0x00, 0x00, 0x01, 0x1e, 0x00, 0x00, 0x00,
    0x12, 0x00, 0x01, 0x00, 0x0a, 0x01, 0x00, 0x00, 0x20, 0x03, 0x00, 0x01,
    0x18, 0x00, 0x00, 0x00, 0x12, 0x00, 0x01, 0x00, 0x18, 0x01, 0x00, 0x00,
    0x20, 0x01, 0x00, 0x01, 0x1a, 0x00, 0x00, 0x00, 0x12, 0x00, 0x01, 0x00,
    0x22, 0x01, 0x00, 0x00, 0xe0, 0x00, 0x00, 0x01, 0x1a, 0x00, 0x00, 0x00,
    0x12, 0x00, 0x01, 0x00, 0x2c, 0x01, 0x00, 0x00, 0x60, 0x03, 0x00, 0x01,
    0x22, 0x00, 0x00, 0x00, 0x12, 0x00, 0x01, 0x00, 0x38, 0x01, 0x00, 0x00,
    0x20, 0x02, 0x00, 0x01, 0x16, 0x00, 0x00, 0x00, 0x12, 0x00, 0x01, 0x00,
    0x3d, 0x01, 0x00, 0x00, 0x80, 0x01, 0x00, 0x01, 0x18, 0x00, 0x00, 0x00,
    0x12, 0x00, 0x01, 0x00, 0x4a, 0x01, 0x00, 0x00, 0xc0, 0x04, 0x00, 0x01,
    0x01, 0x00, 0x00, 0x00, 0x12, 0x00, 0x01, 0x00, 0x00, 0x6c, 0x69, 0x62,
    0x61, 0x6f, 0x73, 0x2e, 0x63, 0x00, 0x68, 0x65, 0x61, 0x70, 0x5f, 0x6e,
    0x65, 0x78, 0x74, 0x00, 0x74, 0x69, 0x63, 0x6b, 0x2e, 0x63, 0x00, 0x70,
    0x75, 0x74, 0x63, 0x68, 0x61, 0x72, 0x00, 0x73, 0x65, 0x74, 0x5f, 0x73,
    0x74, 0x64, 0x6f, 0x75, 0x74, 0x00, 0x79, 0x69, 0x65, 0x6c, 0x64, 0x00,
    0x70, 0x72, 0x69, 0x6e, 0x74, 0x00, 0x66, 0x73, 0x5f, 0x67, 0x65, 0x74,
    0x5f, 0x73, 0x69, 0x7a, 0x65, 0x00, 0x67, 0x65, 0x74, 0x70, 0x69, 0x64,
    0x00, 0x67, 0x65, 0x74, 0x5f, 0x61, 0x72, 0x67, 0x73, 0x00, 0x6d, 0x61,
    0x6c, 0x6c, 0x6f, 0x63, 0x00, 0x73, 0x65, 0x6e, 0x64, 0x5f, 0x6d, 0x73,
    0x67, 0x00, 0x70, 0x72, 0x69, 0x6e, 0x74, 0x5f, 0x64, 0x65, 0x63, 0x00,
    0x72, 0x65, 0x67, 0x69, 0x73, 0x74, 0x65, 0x72, 0x5f, 0x65, 0x76, 0x65,
    0x6e, 0x74, 0x73, 0x00, 0x73, 0x70, 0x61, 0x77, 0x6e, 0x00, 0x66, 0x73,
    0x5f, 0x6c, 0x69, 0x73, 0x74, 0x5f, 0x67, 0x65, 0x74, 0x00, 0x66, 0x69,
    0x6c, 0x6c, 0x5f, 0x72, 0x65, 0x63, 0x74, 0x00, 0x67, 0x65, 0x74, 0x5f,
    0x74, 0x69, 0x63, 0x6b, 0x00, 0x72, 0x65, 0x62, 0x6f, 0x6f, 0x74, 0x00,
    0x5f, 0x73, 0x74, 0x61, 0x72, 0x74, 0x00, 0x66, 0x73, 0x5f, 0x72, 0x65,
    0x61, 0x64, 0x00, 0x72, 0x65, 0x63, 0x76, 0x5f, 0x6d, 0x73, 0x67, 0x00,
    0x70, 0x61, 0x6e, 0x69, 0x63, 0x00, 0x72, 0x65, 0x6e, 0x64, 0x65, 0x72,
    0x5f, 0x74, 0x65, 0x78, 0x74, 0x00, 0x72, 0x65, 0x61, 0x64, 0x5f, 0x6b,
    0x65, 0x79, 0x00, 0x67, 0x65, 0x74, 0x5f, 0x6d, 0x6f, 0x75, 0x73, 0x65,
    0x00, 0x6d, 0x61, 0x69, 0x6e, 0x00, 0x70, 0x72, 0x69, 0x6e, 0x74, 0x5f,
    0x68, 0x65, 0x78, 0x00, 0x73, 0x68, 0x75, 0x74, 0x64, 0x6f, 0x77, 0x6e,
    0x00, 0x66, 0x73, 0x5f, 0x77, 0x72, 0x69, 0x74, 0x65, 0x00, 0x67, 0x65,
    0x74, 0x5f, 0x65, 0x76, 0x65, 0x6e, 0x74, 0x5f, 0x70, 0x69, 0x64, 0x00,
    0x66, 0x73, 0x5f, 0x65, 0x78, 0x69, 0x73, 0x74, 0x73, 0x00, 0x66, 0x73,
    0x5f, 0x64, 0x65, 0x6c, 0x65, 0x74, 0x65, 0x00, 0x67, 0x65, 0x74, 0x5f,
    0x66, 0x62, 0x5f, 0x69, 0x6e, 0x66, 0x6f, 0x00, 0x65, 0x78, 0x69, 0x74,
    0x00, 0x63, 0x6c, 0x65, 0x61, 0x72, 0x5f, 0x73, 0x63, 0x72, 0x65, 0x65,
    0x6e, 0x00, 0x66, 0x72, 0x65, 0x65, 0x00, 0x00, 0x2e, 0x73, 0x79, 0x6d,
    0x74, 0x61, 0x62, 0x00, 0x2e, 0x73, 0x74, 0x72, 0x74, 0x61, 0x62, 0x00,
    0x2e, 0x73, 0x68, 0x73, 0x74, 0x72, 0x74, 0x61, 0x62, 0x00, 0x2e, 0x74,
    0x65, 0x78, 0x74, 0x00, 0x2e, 0x74, 0x65, 0x78, 0x74, 0x2e, 0x73, 0x74,
    0x61, 0x72, 0x74, 0x75, 0x70, 0x00, 0x2e, 0x65, 0x68, 0x5f, 0x66, 0x72,
    0x61, 0x6d, 0x65, 0x00, 0x2e, 0x72, 0x6f, 0x64, 0x61, 0x74, 0x61, 0x2e,
    0x73, 0x74, 0x72, 0x31, 0x2e, 0x31, 0x00, 0x2e, 0x64, 0x61, 0x74, 0x61,
    0x00, 0x2e, 0x63, 0x6f, 0x6d, 0x6d, 0x65, 0x6e, 0x74, 0x00, 0x00, 0x00,
    0x00, 0x00, 0x00, 0x00, 0x00, 0x00, 0x00, 0x00, 0x00, 0x00, 0x00, 0x00,
    0x00, 0x00, 0x00, 0x00, 0x00, 0x00, 0x00, 0x00, 0x00, 0x00, 0x00, 0x00,
    0x00, 0x00, 0x00, 0x00, 0x00, 0x00, 0x00, 0x00, 0x00, 0x00, 0x00, 0x00,
    0x00, 0x00, 0x00, 0x00, 0x1b, 0x00, 0x00, 0x00, 0x01, 0x00, 0x00, 0x00,
    0x06, 0x00, 0x00, 0x00, 0x00, 0x00, 0x00, 0x01, 0x80, 0x00, 0x00, 0x00,
    0xc1, 0x04, 0x00, 0x00, 0x00, 0x00, 0x00, 0x00, 0x00, 0x00, 0x00, 0x00,
    0x10, 0x00, 0x00, 0x00, 0x00, 0x00, 0x00, 0x00, 0x21, 0x00, 0x00, 0x00,
    0x01, 0x00, 0x00, 0x00, 0x06, 0x00, 0x00, 0x00, 0xd0, 0x04, 0x00, 0x01,
    0x50, 0x05, 0x00, 0x00, 0x33, 0x00, 0x00, 0x00, 0x00, 0x00, 0x00, 0x00,
    0x00, 0x00, 0x00, 0x00, 0x10, 0x00, 0x00, 0x00, 0x00, 0x00, 0x00, 0x00,
    0x2f, 0x00, 0x00, 0x00, 0x01, 0x00, 0x00, 0x00, 0x02, 0x00, 0x00, 0x00,
    0x04, 0x05, 0x00, 0x01, 0x84, 0x05, 0x00, 0x00, 0xc4, 0x05, 0x00, 0x00,
    0x00, 0x00, 0x00, 0x00, 0x00, 0x00, 0x00, 0x00, 0x04, 0x00, 0x00, 0x00,
    0x00, 0x00, 0x00, 0x00, 0x39, 0x00, 0x00, 0x00, 0x01, 0x00, 0x00, 0x00,
    0x32, 0x00, 0x00, 0x00, 0xc8, 0x0a, 0x00, 0x01, 0x48, 0x0b, 0x00, 0x00,
    0x08, 0x00, 0x00, 0x00, 0x00, 0x00, 0x00, 0x00, 0x00, 0x00, 0x00, 0x00,
    0x01, 0x00, 0x00, 0x00, 0x01, 0x00, 0x00, 0x00, 0x48, 0x00, 0x00, 0x00,
    0x01, 0x00, 0x00, 0x00, 0x03, 0x00, 0x00, 0x00, 0xd0, 0x0a, 0x00, 0x01,
    0x50, 0x0b, 0x00, 0x00, 0x04, 0x00, 0x00, 0x00, 0x00, 0x00, 0x00, 0x00,
    0x00, 0x00, 0x00, 0x00, 0x04, 0x00, 0x00, 0x00, 0x00, 0x00, 0x00, 0x00,
    0x4e, 0x00, 0x00, 0x00, 0x01, 0x00, 0x00, 0x00, 0x30, 0x00, 0x00, 0x00,
    0x00, 0x00, 0x00, 0x00, 0x54, 0x0b, 0x00, 0x00, 0x26, 0x00, 0x00, 0x00,
    0x00, 0x00, 0x00, 0x00, 0x00, 0x00, 0x00, 0x00, 0x01, 0x00, 0x00, 0x00,
    0x01, 0x00, 0x00, 0x00, 0x01, 0x00, 0x00, 0x00, 0x02, 0x00, 0x00, 0x00,
    0x00, 0x00, 0x00, 0x00, 0x00, 0x00, 0x00, 0x00, 0x7c, 0x0b, 0x00, 0x00,
    0x60, 0x02, 0x00, 0x00, 0x08, 0x00, 0x00, 0x00, 0x04, 0x00, 0x00, 0x00,
    0x04, 0x00, 0x00, 0x00, 0x10, 0x00, 0x00, 0x00, 0x09, 0x00, 0x00, 0x00,
    0x03, 0x00, 0x00, 0x00, 0x00, 0x00, 0x00, 0x00, 0x00, 0x00, 0x00, 0x00,
    0xdc, 0x0d, 0x00, 0x00, 0x4f, 0x01, 0x00, 0x00, 0x00, 0x00, 0x00, 0x00,
    0x00, 0x00, 0x00, 0x00, 0x01, 0x00, 0x00, 0x00, 0x00, 0x00, 0x00, 0x00,
    0x11, 0x00, 0x00, 0x00, 0x03, 0x00, 0x00, 0x00, 0x00, 0x00, 0x00, 0x00,
    0x00, 0x00, 0x00, 0x00, 0x2b, 0x0f, 0x00, 0x00, 0x57, 0x00, 0x00, 0x00,
    0x00, 0x00, 0x00, 0x00, 0x00, 0x00, 0x00, 0x00, 0x01, 0x00, 0x00, 0x00,
    0x00, 0x00, 0x00, 0x00,
};

static const unsigned char prog_info_elf[] = {
    0x7f, 0x45, 0x4c, 0x46, 0x01, 0x01, 0x01, 0x00, 0x00, 0x00, 0x00, 0x00,
    0x00, 0x00, 0x00, 0x00, 0x02, 0x00, 0x03, 0x00, 0x01, 0x00, 0x00, 0x00,
    0x00, 0x00, 0x00, 0x01, 0x34, 0x00, 0x00, 0x00, 0x28, 0x10, 0x00, 0x00,
    0x00, 0x00, 0x00, 0x00, 0x34, 0x00, 0x20, 0x00, 0x02, 0x00, 0x28, 0x00,
    0x0b, 0x00, 0x0a, 0x00, 0x01, 0x00, 0x00, 0x00, 0x80, 0x00, 0x00, 0x00,
    0x00, 0x00, 0x00, 0x01, 0x00, 0x00, 0x00, 0x01, 0x68, 0x0b, 0x00, 0x00,
    0x68, 0x0b, 0x00, 0x00, 0x07, 0x00, 0x00, 0x00, 0x10, 0x00, 0x00, 0x00,
    0x51, 0xe5, 0x74, 0x64, 0x00, 0x00, 0x00, 0x00, 0x00, 0x00, 0x00, 0x00,
    0x00, 0x00, 0x00, 0x00, 0x00, 0x00, 0x00, 0x00, 0x00, 0x00, 0x00, 0x00,
    0x06, 0x00, 0x00, 0x00, 0x10, 0x00, 0x00, 0x00, 0x00, 0x00, 0x00, 0x00,
    0x00, 0x00, 0x00, 0x00, 0x00, 0x00, 0x00, 0x00, 0x57, 0x56, 0x53, 0x31,
    0xdb, 0x89, 0xde, 0x89, 0xdf, 0xe8, 0xc2, 0x04, 0x00, 0x00, 0xb8, 0x10,
    0x00, 0x00, 0x00, 0x89, 0xd9, 0x89, 0xda, 0xcd, 0x80, 0xeb, 0xfe, 0x2e,
    0x8d, 0x74, 0x26, 0x00, 0x31, 0xc0, 0x57, 0x89, 0xc1, 0x56, 0x89, 0xc2,
    0x89, 0xc6, 0x53, 0x89, 0xc7, 0x8b, 0x5c, 0x24, 0x10, 0xcd, 0x80, 0x5b,
    0x5e, 0x5f, 0xc3, 0x90, 0x2e, 0x8d, 0xb4, 0x26, 0x00, 0x00, 0x00, 0x00,
    0x31, 0xc9, 0x57, 0xb8, 0x01, 0x00, 0x00, 0x00, 0x56, 0x89, 0xca, 0x89,
    0xce, 0x89, 0xcf, 0x53, 0x8b, 0x5c, 0x24, 0x10, 0xcd, 0x80, 0x5b, 0x5e,
    0x5f, 0xc3, 0x8d, 0xb6, 0x00, 0x00, 0x00, 0x00, 0x31, 0xc9, 0x57, 0xb8,
    0x02, 0x00, 0x00, 0x00, 0x56, 0x89, 0xca, 0x89, 0xce, 0x89, 0xcf, 0x53,
    0x8b, 0x5c, 0x24, 0x10, 0xcd, 0x80, 0x5b, 0x5e, 0x5f, 0xc3, 0x8d, 0xb6,
    0x00, 0x00, 0x00, 0x00, 0x31, 0xc9, 0x57, 0xb8, 0x03, 0x00, 0x00, 0x00,
    0x56, 0x89, 0xca, 0x89, 0xce, 0x89, 0xcf, 0x53, 0x0f, 0xbe, 0x5c, 0x24,
    0x10, 0xcd, 0x80, 0x5b, 0x5e, 0x5f, 0xc3, 0x2e, 0x8d, 0x74, 0x26, 0x00,
    0x57, 0xb8, 0x04, 0x00, 0x00, 0x00, 0x56, 0x31, 0xf6, 0x53, 0x89, 0xf7,
    0x8b, 0x4c, 0x24, 0x14, 0x8b, 0x54, 0x24, 0x18, 0x8b, 0x5c, 0x24, 0x10,
    0xcd, 0x80, 0x5b, 0x5e, 0x5f, 0xc3, 0x66, 0x90, 0x57, 0xb8, 0x05, 0x00,
    0x00, 0x00, 0x56, 0x31, 0xf6, 0x53, 0x89, 0xf7, 0x8b, 0x4c, 0x24, 0x14,
    0x8b, 0x54, 0x24, 0x18, 0x8b, 0x5c, 0x24, 0x10, 0xcd, 0x80, 0x5b, 0x5e,
    0x5f, 0xc3, 0x66, 0x90, 0x31, 0xc9, 0x57, 0xb8, 0x06, 0x00, 0x00, 0x00,
    0x56, 0x89, 0xca, 0x89, 0xce, 0x89, 0xcf, 0x53, 0x8b, 0x5c, 0x24, 0x10,
    0xcd, 0x80, 0x5b, 0x5e, 0x5f, 0xc3, 0x8d, 0xb6, 0x00, 0x00, 0x00, 0x00,
    0x31, 0xc9, 0x57, 0xb8, 0x07, 0x00, 0x00, 0x00, 0x56, 0x89, 0xca, 0x89,
    0xce, 0x89, 0xcf, 0x53, 0x8b, 0x5c, 0x24, 0x10, 0xcd, 0x80, 0x5b, 0x5e,
    0x5f, 0xc3, 0x8d, 0xb6, 0x00, 0x00, 0x00, 0x00, 0x31, 0xc9, 0x57, 0xb8,
    0x08, 0x00, 0x00, 0x00, 0x56, 0x89, 0xca, 0x89, 0xce, 0x89, 0xcf, 0x53,
    0x8b, 0x5c, 0x24, 0x10, 0xcd, 0x80, 0x5b, 0x5e, 0x5f, 0xc3, 0x8d, 0xb6,
    0x00, 0x00, 0x00, 0x00, 0x57, 0xb8, 0x09, 0x00, 0x00, 0x00, 0x56, 0x31,
    0xf6, 0x53, 0x89, 0xf7, 0x8b, 0x4c, 0x24, 0x14, 0x8b, 0x54, 0x24, 0x18,
    0x8b, 0x5c, 0x24, 0x10, 0xcd, 0x80, 0x5b, 0x5e, 0x5f, 0xc3, 0x66, 0x90,
    0x57, 0xb8, 0x0a, 0x00, 0x00, 0x00, 0x56, 0x53, 0x31, 0xdb, 0x89, 0xd9,
    0x89, 0xda, 0x89, 0xde, 0x89, 0xdf, 0xcd, 0x80, 0x5b, 0x5e, 0x5f, 0xc3,
    0x2e, 0x8d, 0xb4, 0x26, 0x00, 0x00, 0x00, 0x00, 0x57, 0xb8, 0x0b, 0x00,
    0x00, 0x00, 0x56, 0x53, 0x31, 0xdb, 0x89, 0xd9, 0x89, 0xda, 0x89, 0xde,
    0x89, 0xdf, 0xcd, 0x80, 0x5b, 0x5e, 0x5f, 0xc3, 0x2e, 0x8d, 0xb4, 0x26,
    0x00, 0x00, 0x00, 0x00, 0x57, 0xb8, 0x0c, 0x00, 0x00, 0x00, 0x56, 0x53,
    0x31, 0xdb, 0x89, 0xd9, 0x89, 0xda, 0x89, 0xde, 0x89, 0xdf, 0xcd, 0x80,
    0x5b, 0x5e, 0x5f, 0xc3, 0x2e, 0x8d, 0xb4, 0x26, 0x00, 0x00, 0x00, 0x00,
    0x57, 0xb8, 0x0d, 0x00, 0x00, 0x00, 0x56, 0x53, 0x31, 0xdb, 0x89, 0xd9,
    0x89, 0xda, 0x89, 0xde, 0x89, 0xdf, 0xcd, 0x80, 0x5b, 0x5e, 0x5f, 0xc3,
    0x2e, 0x8d, 0xb4, 0x26, 0x00, 0x00, 0x00, 0x00, 0x57, 0xb8, 0x0e, 0x00,
    0x00, 0x00, 0x56, 0x53, 0x31, 0xdb, 0x89, 0xd9, 0x89, 0xda, 0x89, 0xde,
    0x89, 0xdf, 0xcd, 0x80, 0x5b, 0x5e, 0x5f, 0xc3, 0x2e, 0x8d, 0xb4, 0x26,
    0x00, 0x00, 0x00, 0x00, 0x31, 0xd2, 0x57, 0xb8, 0x0f, 0x00, 0x00, 0x00,
    0x56, 0x89, 0xd7, 0x89, 0xd6, 0x53, 0x8b, 0x4c, 0x24, 0x14, 0x8b, 0x5c,
    0x24, 0x10, 0xcd, 0x80, 0x5b, 0x5e, 0x5f, 0xc3, 0x8d, 0x74, 0x26, 0x00,
    0x57, 0xb8, 0x10, 0x00, 0x00, 0x00, 0x56, 0x53, 0x31, 0xdb, 0x89, 0xd9,
    0x89, 0xda, 0x89, 0xde, 0x89, 0xdf, 0xcd, 0x80, 0xeb, 0xfe, 0x66, 0x90,
    0x2e, 0x8d, 0xb4, 0x26, 0x00, 0x00, 0x00, 0x00, 0x55, 0xb8, 0x11, 0x00,
    0x00, 0x00, 0x57, 0x56, 0x53, 0x31, 0xdb, 0x89, 0xd9, 0x89, 0xda, 0x89,
    0xde, 0x89, 0xdf, 0xcd, 0x80, 0x85, 0xc0, 0x79, 0x20, 0xbd, 0x12, 0x00,
    0x00, 0x00, 0x66, 0x90, 0x31, 0xdb, 0x89, 0xe8, 0x89, 0xd9, 0x89, 0xda,
    0x89, 0xde, 0x89, 0xdf, 0xcd, 0x80, 0xb8, 0x11, 0x00, 0x00, 0x00, 0xcd,
    0x80, 0x85, 0xc0, 0x78, 0xe7, 0x5b, 0x5e, 0x5f, 0x5d, 0xc3, 0x66, 0x90,
    0x57, 0xb8, 0x12, 0x00, 0x00, 0x00, 0x56, 0x53, 0x31, 0xdb, 0x89, 0xd9,
    0x89, 0xda, 0x89, 0xde, 0x89, 0xdf, 0xcd, 0x80, 0x5b, 0x5e, 0x5f, 0xc3,
    0x2e, 0x8d, 0xb4, 0x26, 0x00, 0x00, 0x00, 0x00, 0x57, 0xb8, 0x13, 0x00,
    0x00, 0x00, 0x56, 0x53, 0x31, 0xdb, 0x89, 0xd9, 0x89, 0xda, 0x89, 0xde,
    0x89, 0xdf, 0xcd, 0x80, 0x5b, 0x5e, 0x5f, 0xc3, 0x2e, 0x8d, 0xb4, 0x26,
    0x00, 0x00, 0x00, 0x00, 0x31, 0xd2, 0x57, 0xb8, 0x14, 0x00, 0x00, 0x00,
    0x56, 0x89, 0xd7, 0x89, 0xd6, 0x53, 0x8b, 0x4c, 0x24, 0x14, 0x8b, 0x5c,
    0x24, 0x10, 0xcd, 0x80, 0x5b, 0x5e, 0x5f, 0xc3, 0x8d, 0x74, 0x26, 0x00,
    0x31, 0xc9, 0x57, 0xb8, 0x15, 0x00, 0x00, 0x00, 0x56, 0x89, 0xca, 0x89,
    0xce, 0x89, 0xcf, 0x53, 0x8b, 0x5c, 0x24, 0x10, 0xcd, 0x80, 0x5b, 0x5e,
    0x5f, 0xc3, 0x8d, 0xb6, 0x00, 0x00, 0x00, 0x00, 0x57, 0xb8, 0x16, 0x00,
    0x00, 0x00, 0x56, 0x53, 0x31, 0xdb, 0x89, 0xd9, 0x89, 0xda, 0x89, 0xde,
    0x89, 0xdf, 0xcd, 0x80, 0x5b, 0x5e, 0x5f, 0xc3, 0x2e, 0x8d, 0xb4, 0x26,
    0x00, 0x00, 0x00, 0x00, 0x57, 0xb8, 0x1d, 0x00, 0x00, 0x00, 0x56, 0x53,
    0x31, 0xdb, 0x89, 0xd9, 0x89, 0xda, 0x89, 0xde, 0x89, 0xdf, 0xcd, 0x80,
    0x5b, 0x5e, 0x5f, 0xc3, 0x2e, 0x8d, 0xb4, 0x26, 0x00, 0x00, 0x00, 0x00,
    0x57, 0xb8, 0x17, 0x00, 0x00, 0x00, 0x31, 0xff, 0x56, 0x53, 0x8b, 0x4c,
    0x24, 0x14, 0x8b, 0x54, 0x24, 0x18, 0x8b, 0x5c, 0x24, 0x10, 0x8b, 0x74,
    0x24, 0x1c, 0xcd, 0x80, 0x5b, 0x5e, 0x5f, 0xc3, 0x57, 0xb8, 0x18, 0x00,
    0x00, 0x00, 0x56, 0x53, 0x8b, 0x4c, 0x24, 0x14, 0x8b, 0x54, 0x24, 0x18,
    0x8b, 0x5c, 0x24, 0x10, 0x8b, 0x74, 0x24, 0x1c, 0x8b, 0x7c, 0x24, 0x20,
    0xcd, 0x80, 0x5b, 0x5e, 0x5f, 0xc3, 0x8d, 0xb6, 0x00, 0x00, 0x00, 0x00,
    0x2e, 0x8d, 0xb4, 0x26, 0x00, 0x00, 0x00, 0x00, 0x57, 0x31, 0xc9, 0x56,
    0x89, 0xca, 0x89, 0xce, 0x89, 0xcf, 0x53, 0x83, 0xec, 0x20, 0x8b, 0x44,
    0x24, 0x30, 0x8d, 0x5c, 0x24, 0x04, 0x89, 0x44, 0x24, 0x04, 0x8b, 0x44,
    0x24, 0x34, 0x89, 0x44, 0x24, 0x08, 0x8b, 0x44, 0x24, 0x38, 0x89, 0x44,
    0x24, 0x0c, 0x8b, 0x44, 0x24, 0x3c, 0x89, 0x44, 0x24, 0x10, 0x8b, 0x44,
    0x24, 0x40, 0x89, 0x44, 0x24, 0x14, 0x8b, 0x44, 0x24, 0x44, 0x89, 0x44,
    0x24, 0x18, 0x8b, 0x44, 0x24, 0x48, 0x89, 0x44, 0x24, 0x1c, 0xb8, 0x19,
    0x00, 0x00, 0x00, 0xcd, 0x80, 0x83, 0xc4, 0x20, 0x5b, 0x5e, 0x5f, 0xc3,
    0x2e, 0x8d, 0xb4, 0x26, 0x00, 0x00, 0x00, 0x00, 0x57, 0x31, 0xc9, 0x56,
    0x89, 0xca, 0x89, 0xce, 0x89, 0xcf, 0x53, 0x83, 0xec, 0x20, 0x8b, 0x44,
    0x24, 0x30, 0x8d, 0x5c, 0x24, 0x04, 0x89, 0x44, 0x24, 0x04, 0x8b, 0x44,
    0x24, 0x34, 0x89, 0x44, 0x24, 0x08, 0x8b, 0x44, 0x24, 0x38, 0x89, 0x44,
    0x24, 0x0c, 0x8b, 0x44, 0x24, 0x3c, 0x89, 0x44, 0x24, 0x10, 0x8b, 0x44,
    0x24, 0x40, 0x89, 0x44, 0x24, 0x14, 0x8b, 0x44, 0x24, 0x44, 0x89, 0x44,
    0x24, 0x18, 0x8b, 0x44, 0x24, 0x48, 0x89, 0x44, 0x24, 0x1c, 0xb8, 0x1a,
    0x00, 0x00, 0x00, 0xcd, 0x80, 0x83, 0xc4, 0x20, 0x5b, 0x5e, 0x5f, 0xc3,
    0x2e, 0x8d, 0xb4, 0x26, 0x00, 0x00, 0x00, 0x00, 0x31, 0xc9, 0x57, 0xb8,
    0x1b, 0x00, 0x00, 0x00, 0x56, 0x89, 0xca, 0x89, 0xce, 0x89, 0xcf, 0x53,
    0x8b, 0x5c, 0x24, 0x10, 0xcd, 0x80, 0x5b, 0x5e, 0x5f, 0xc3, 0x8d, 0xb6,
    0x00, 0x00, 0x00, 0x00, 0x57, 0xb8, 0x1c, 0x00, 0x00, 0x00, 0x56, 0x31,
    0xf6, 0x53, 0x89, 0xf7, 0x8b, 0x4c, 0x24, 0x14, 0x8b, 0x54, 0x24, 0x18,
    0x8b, 0x5c, 0x24, 0x10, 0xcd, 0x80, 0x5b, 0x5e, 0x5f, 0xc3, 0x66, 0x90,
    0x8b, 0x44, 0x24, 0x04, 0x8b, 0x15, 0x64, 0x0b, 0x00, 0x01, 0x83, 0xc0,
    0x0f, 0x83, 0xe0, 0xf0, 0x01, 0xd0, 0x3d, 0x00, 0x00, 0x80, 0x01, 0x77,
    0x0f, 0xa3, 0x64, 0x0b, 0x00, 0x01, 0x89, 0xd0, 0xc3, 0x8d, 0xb4, 0x26,
    0x00, 0x00, 0x00, 0x00, 0x31, 0xd2, 0x89, 0xd0, 0xc3, 0x8d, 0x76, 0x00,
    0xc3, 0x00, 0x00, 0x00, 0x00, 0x00, 0x00, 0x00, 0x00, 0x00, 0x00, 0x00,
    0x00, 0x00, 0x00, 0x00, 0x8d, 0x4c, 0x24, 0x04, 0x83, 0xe4, 0xf0, 0xff,
    0x71, 0xfc, 0x55, 0x89, 0xe5, 0x51, 0x83, 0xec, 0x10, 0x68, 0xe0, 0x0a,
    0x00, 0x01, 0xe8, 0x35, 0xfb, 0xff, 0xff, 0xc7, 0x04, 0x24, 0xf1, 0x0a,
    0x00, 0x01, 0xe8, 0x29, 0xfb, 0xff, 0xff, 0xc7, 0x04, 0x24, 0x14, 0x0b,
    0x00, 0x01, 0xe8, 0x1d, 0xfb, 0xff, 0xff, 0xc7, 0x04, 0x24, 0x03, 0x0b,
    0x00, 0x01, 0xe8, 0x11, 0xfb, 0xff, 0xff, 0x8b, 0x4d, 0xfc, 0x83, 0xc4,
    0x10, 0xc9, 0x8d, 0x61, 0xfc, 0xc3, 0x00, 0x00, 0x14, 0x00, 0x00, 0x00,
    0x00, 0x00, 0x00, 0x00, 0x01, 0x7a, 0x52, 0x00, 0x01, 0x7c, 0x08, 0x01,
    0x1b, 0x0c, 0x04, 0x04, 0x88, 0x01, 0x00, 0x00, 0x1c, 0x00, 0x00, 0x00,
    0x1c, 0x00, 0x00, 0x00, 0xc4, 0xfa, 0xff, 0xff, 0x1b, 0x00, 0x00, 0x00,
    0x00, 0x41, 0x0e, 0x08, 0x87, 0x02, 0x41, 0x0e, 0x0c, 0x86, 0x03, 0x41,
    0x0e, 0x10, 0x83, 0x04, 0x28, 0x00, 0x00, 0x00, 0x3c, 0x00, 0x00, 0x00,
    0xc4, 0xfa, 0xff, 0xff, 0x17, 0x00, 0x00, 0x00, 0x00, 0x43, 0x0e, 0x08,
    0x87, 0x02, 0x43, 0x0e, 0x0c, 0x86, 0x03, 0x45, 0x0e, 0x10, 0x83, 0x04,
    0x49, 0xc3, 0x0e, 0x0c, 0x41, 0xc6, 0x0e, 0x08, 0x41, 0xc7, 0x0e, 0x04,
    0x28, 0x00, 0x00, 0x00, 0x68, 0x00, 0x00, 0x00, 0xb8, 0xfa, 0xff, 0xff,
    0x1a, 0x00, 0x00, 0x00, 0x00, 0x43, 0x0e, 0x08, 0x87, 0x02, 0x46, 0x0e,
    0x0c, 0x86, 0x03, 0x47, 0x0e, 0x10, 0x83, 0x04, 0x47, 0xc3, 0x0e, 0x0c,
    0x41, 0xc6, 0x0e, 0x08, 0x41, 0xc7, 0x0e, 0x04, 0x28, 0x00, 0x00, 0x00,
    0x94, 0x00, 0x00, 0x00, 0xac, 0xfa, 0xff, 0xff, 0x1a, 0x00, 0x00, 0x00,
    0x00, 0x43, 0x0e, 0x08, 0x87, 0x02, 0x46, 0x0e, 0x0c, 0x86, 0x03, 0x47,
    0x0e, 0x10, 0x83, 0x04, 0x47, 0xc3, 0x0e, 0x0c, 0x41, 0xc6, 0x0e, 0x08,
    0x41, 0xc7, 0x0e, 0x04, 0x28, 0x00, 0x00, 0x00, 0xc0, 0x00, 0x00, 0x00,
    0xa0, 0xfa, 0xff, 0xff, 0x1b, 0x00, 0x00, 0x00, 0x00, 0x43, 0x0e, 0x08,
    0x87, 0x02, 0x46, 0x0e, 0x0c, 0x86, 0x03, 0x47, 0x0e, 0x10, 0x83, 0x04,
    0x48, 0xc3, 0x0e, 0x0c, 0x41, 0xc6, 0x0e, 0x08, 0x41, 0xc7, 0x0e, 0x04,
    0x28, 0x00, 0x00, 0x00, 0xec, 0x00, 0x00, 0x00, 0x94, 0xfa, 0xff, 0xff,
    0x1e, 0x00, 0x00, 0x00, 0x00, 0x41, 0x0e, 0x08, 0x87, 0x02, 0x46, 0x0e,
    0x0c, 0x86, 0x03, 0x43, 0x0e, 0x10, 0x83, 0x04, 0x51, 0xc3, 0x0e, 0x0c,
    0x41, 0xc6, 0x0e, 0x08, 0x41, 0xc7, 0x0e, 0x04, 0x28, 0x00, 0x00, 0x00,
    0x18, 0x01, 0x00, 0x00, 0x88, 0xfa, 0xff, 0xff, 0x1e, 0x00, 0x00, 0x00,
    0x00, 0x41, 0x0e, 0x08, 0x87, 0x02, 0x46, 0x0e, 0x0c, 0x86, 0x03, 0x43,
    0x0e, 0x10, 0x83, 0x04, 0x51, 0xc3, 0x0e, 0x0c, 0x41, 0xc6, 0x0e, 0x08,
    0x41, 0xc7, 0x0e, 0x04, 0x28, 0x00, 0x00, 0x00, 0x44, 0x01, 0x00, 0x00,
    0x7c, 0xfa, 0xff, 0xff, 0x1a, 0x00, 0x00, 0x00, 0x00, 0x43, 0x0e, 0x08,
    0x87, 0x02, 0x46, 0x0e, 0x0c, 0x86, 0x03, 0x47, 0x0e, 0x10, 0x83, 0x04,
    0x47, 0xc3, 0x0e, 0x0c, 0x41, 0xc6, 0x0e, 0x08, 0x41, 0xc7, 0x0e, 0x04,
    0x28, 0x00, 0x00, 0x00, 0x70, 0x01, 0x00, 0x00, 0x70, 0xfa, 0xff, 0xff,
    0x1a, 0x00, 0x00, 0x00, 0x00, 0x43, 0x0e, 0x08, 0x87, 0x02, 0x46, 0x0e,
    0x0c, 0x86, 0x03, 0x47, 0x0e, 0x10, 0x83, 0x04, 0x47, 0xc3, 0x0e, 0x0c,
    0x41, 0xc6, 0x0e, 0x08, 0x41, 0xc7, 0x0e, 0x04, 0x28, 0x00, 0x00, 0x00,
    0x9c, 0x01, 0x00, 0x00, 0x64, 0xfa, 0xff, 0xff, 0x1a, 0x00, 0x00, 0x00,
    0x00, 0x43, 0x0e, 0x08, 0x87, 0x02, 0x46, 0x0e, 0x0c, 0x86, 0x03, 0x47,
    0x0e, 0x10, 0x83, 0x04, 0x47, 0xc3, 0x0e, 0x0c, 0x41, 0xc6, 0x0e, 0x08,
    0x41, 0xc7, 0x0e, 0x04, 0x28, 0x00, 0x00, 0x00, 0xc8, 0x01, 0x00, 0x00,
    0x58, 0xfa, 0xff, 0xff, 0x1e, 0x00, 0x00, 0x00, 0x00, 0x41, 0x0e, 0x08,
    0x87, 0x02, 0x46, 0x0e, 0x0c, 0x86, 0x03, 0x43, 0x0e, 0x10, 0x83, 0x04,
    0x51, 0xc3, 0x0e, 0x0c, 0x41, 0xc6, 0x0e, 0x08, 0x41, 0xc7, 0x0e, 0x04,
    0x28, 0x00, 0x00, 0x00, 0xf4, 0x01, 0x00, 0x00, 0x4c, 0xfa, 0xff, 0xff,
    0x18, 0x00, 0x00, 0x00, 0x00, 0x41, 0x0e, 0x08, 0x87, 0x02, 0x46, 0x0e,
    0x0c, 0x86, 0x03, 0x41, 0x0e, 0x10, 0x83, 0x04, 0x4d, 0xc3, 0x0e, 0x0c,
    0x41, 0xc6, 0x0e, 0x08, 0x41, 0xc7, 0x0e, 0x04, 0x28, 0x00, 0x00, 0x00,
    0x20, 0x02, 0x00, 0x00, 0x40, 0xfa, 0xff, 0xff, 0x18, 0x00, 0x00, 0x00,
    0x00, 0x41, 0x0e, 0x08, 0x87, 0x02, 0x46, 0x0e, 0x0c, 0x86, 0x03, 0x41,
    0x0e, 0x10, 0x83, 0x04, 0x4d, 0xc3, 0x0e, 0x0c, 0x41, 0xc6, 0x0e, 0x08,
    0x41, 0xc7, 0x0e, 0x04, 0x28, 0x00, 0x00, 0x00, 0x4c, 0x02, 0x00, 0x00,
    0x34, 0xfa, 0xff, 0xff, 0x18, 0x00, 0x00, 0x00, 0x00, 0x41, 0x0e, 0x08,
    0x87, 0x02, 0x46, 0x0e, 0x0c, 0x86, 0x03, 0x41, 0x0e, 0x10, 0x83, 0x04,
    0x4d, 0xc3, 0x0e, 0x0c, 0x41, 0xc6, 0x0e, 0x08, 0x41, 0xc7, 0x0e, 0x04,
    0x28, 0x00, 0x00, 0x00, 0x78, 0x02, 0x00, 0x00, 0x28, 0xfa, 0xff, 0xff,
    0x18, 0x00, 0x00, 0x00, 0x00, 0x41, 0x0e, 0x08, 0x87, 0x02, 0x46, 0x0e,
    0x0c, 0x86, 0x03, 0x41, 0x0e, 0x10, 0x83, 0x04, 0x4d, 0xc3, 0x0e, 0x0c,
    0x41, 0xc6, 0x0e, 0x08, 0x41, 0xc7, 0x0e, 0x04, 0x28, 0x00, 0x00, 0x00,
    0xa4, 0x02, 0x00, 0x00, 0x1c, 0xfa, 0xff, 0xff, 0x18, 0x00, 0x00, 0x00,
    0x00, 0x41, 0x0e, 0x08, 0x87, 0x02, 0x46, 0x0e, 0x0c, 0x86, 0x03, 0x41,
    0x0e, 0x10, 0x83, 0x04, 0x4d, 0xc3, 0x0e, 0x0c, 0x41, 0xc6, 0x0e, 0x08,
    0x41, 0xc7, 0x0e, 0x04, 0x28, 0x00, 0x00, 0x00, 0xd0, 0x02, 0x00, 0x00,
    0x10, 0xfa, 0xff, 0xff, 0x1c, 0x00, 0x00, 0x00, 0x00, 0x43, 0x0e, 0x08,
    0x87, 0x02, 0x46, 0x0e, 0x0c, 0x86, 0x03, 0x45, 0x0e, 0x10, 0x83, 0x04,
    0x4b, 0xc3, 0x0e, 0x0c, 0x41, 0xc6, 0x0e, 0x08, 0x41, 0xc7, 0x0e, 0x04,
    0x1c, 0x00, 0x00, 0x00, 0xfc, 0x02, 0x00, 0x00, 0x04, 0xfa, 0xff, 0xff,
    0x16, 0x00, 0x00, 0x00, 0x00, 0x41, 0x0e, 0x08, 0x87, 0x02, 0x46, 0x0e,
    0x0c, 0x86, 0x03, 0x41, 0x0e, 0x10, 0x83, 0x04, 0x34, 0x00, 0x00, 0x00,
    0x1c, 0x03, 0x00, 0x00, 0x04, 0xfa, 0xff, 0xff, 0x3e, 0x00, 0x00, 0x00,
    0x00, 0x41, 0x0e, 0x08, 0x85, 0x02, 0x46, 0x0e, 0x0c, 0x87, 0x03, 0x41,
    0x0e, 0x10, 0x86, 0x04, 0x41, 0x0e, 0x14, 0x83, 0x05, 0x71, 0xc3, 0x0e,
    0x10, 0x41, 0xc6, 0x0e, 0x0c, 0x41, 0xc7, 0x0e, 0x08, 0x41, 0xc5, 0x0e,
    0x04, 0x00, 0x00, 0x00, 0x28, 0x00, 0x00, 0x00, 0x54, 0x03, 0x00, 0x00,
    0x0c, 0xfa, 0xff, 0xff, 0x18, 0x00, 0x00, 0x00, 0x00, 0x41, 0x0e, 0x08,
    0x87, 0x02, 0x46, 0x0e, 0x0c, 0x86, 0x03, 0x41, 0x0e, 0x10, 0x83, 0x04,
    0x4d, 0xc3, 0x0e, 0x0c, 0x41, 0xc6, 0x0e, 0x08, 0x41, 0xc7, 0x0e, 0x04,
    0x28, 0x00, 0x00, 0x00, 0x80, 0x03, 0x00, 0x00, 0x00, 0xfa, 0xff, 0xff,
    0x18, 0x00, 0x00, 0x00, 0x00, 0x41, 0x0e, 0x08, 0x87, 0x02, 0x46, 0x0e,
    0x0c, 0x86, 0x03, 0x41, 0x0e, 0x10, 0x83, 0x04, 0x4d, 0xc3, 0x0e, 0x0c,
    0x41, 0xc6, 0x0e, 0x08, 0x41, 0xc7, 0x0e, 0x04, 0x28, 0x00, 0x00, 0x00,
    0xac, 0x03, 0x00, 0x00, 0xf4, 0xf9, 0xff, 0xff, 0x1c, 0x00, 0x00, 0x00,
    0x00, 0x43, 0x0e, 0x08, 0x87, 0x02, 0x46, 0x0e, 0x0c, 0x86, 0x03, 0x45,
    0x0e, 0x10, 0x83, 0x04, 0x4b, 0xc3, 0x0e, 0x0c, 0x41, 0xc6, 0x0e, 0x08,
    0x41, 0xc7, 0x0e, 0x04, 0x28, 0x00, 0x00, 0x00, 0xd8, 0x03, 0x00, 0x00,
    0xe8, 0xf9, 0xff, 0xff, 0x1a, 0x00, 0x00, 0x00, 0x00, 0x43, 0x0e, 0x08,
    0x87, 0x02, 0x46, 0x0e, 0x0c, 0x86, 0x03, 0x47, 0x0e, 0x10, 0x83, 0x04,
    0x47, 0xc3, 0x0e, 0x0c, 0x41, 0xc6, 0x0e, 0x08, 0x41, 0xc7, 0x0e, 0x04,
    0x28, 0x00, 0x00, 0x00, 0x04, 0x04, 0x00, 0x00, 0xdc, 0xf9, 0xff, 0xff,
    0x18, 0x00, 0x00, 0x00, 0x00, 0x41, 0x0e, 0x08, 0x87, 0x02, 0x46, 0x0e,
    0x0c, 0x86, 0x03, 0x41, 0x0e, 0x10, 0x83, 0x04, 0x4d, 0xc3, 0x0e, 0x0c,
    0x41, 0xc6, 0x0e, 0x08, 0x41, 0xc7, 0x0e, 0x04, 0x28, 0x00, 0x00, 0x00,
    0x30, 0x04, 0x00, 0x00, 0xd0, 0xf9, 0xff, 0xff, 0x18, 0x00, 0x00, 0x00,
    0x00, 0x41, 0x0e, 0x08, 0x87, 0x02, 0x46, 0x0e, 0x0c, 0x86, 0x03, 0x41,
    0x0e, 0x10, 0x83, 0x04, 0x4d, 0xc3, 0x0e, 0x0c, 0x41, 0xc6, 0x0e, 0x08,
    0x41, 0xc7, 0x0e, 0x04, 0x28, 0x00, 0x00, 0x00, 0x5c, 0x04, 0x00, 0x00,
    0xc4, 0xf9, 0xff, 0xff, 0x20, 0x00, 0x00, 0x00, 0x00, 0x41, 0x0e, 0x08,
    0x87, 0x02, 0x48, 0x0e, 0x0c, 0x86, 0x03, 0x41, 0x0e, 0x10, 0x83, 0x04,
    0x53, 0xc3, 0x0e, 0x0c, 0x41, 0xc6, 0x0e, 0x08, 0x41, 0xc7, 0x0e, 0x04,
    0x28, 0x00, 0x00, 0x00, 0x88, 0x04, 0x00, 0x00, 0xb8, 0xf9, 0xff, 0xff,
    0x22, 0x00, 0x00, 0x00, 0x00, 0x41, 0x0e, 0x08, 0x87, 0x02, 0x46, 0x0e,
    0x0c, 0x86, 0x03, 0x41, 0x0e, 0x10, 0x83, 0x04, 0x57, 0xc3, 0x0e, 0x0c,
    0x41, 0xc6, 0x0e, 0x08, 0x41, 0xc7, 0x0e, 0x04, 0x30, 0x00, 0x00, 0x00,
    0xb4, 0x04, 0x00, 0x00, 0xbc, 0xf9, 0xff, 0xff, 0x58, 0x00, 0x00, 0x00,
    0x00, 0x41, 0x0e, 0x08, 0x87, 0x02, 0x43, 0x0e, 0x0c, 0x86, 0x03, 0x47,
    0x0e, 0x10, 0x83, 0x04, 0x43, 0x0e, 0x30, 0x02, 0x46, 0x0e, 0x10, 0x41,
    0xc3, 0x0e, 0x0c, 0x41, 0xc6, 0x0e, 0x08, 0x41, 0xc7, 0x0e, 0x04, 0x00,
    0x30, 0x00, 0x00, 0x00, 0xe8, 0x04, 0x00, 0x00, 0xe8, 0xf9, 0xff, 0xff,
    0x58, 0x00, 0x00, 0x00, 0x00, 0x41, 0x0e, 0x08, 0x87, 0x02, 0x43, 0x0e,
    0x0c, 0x86, 0x03, 0x47, 0x0e, 0x10, 0x83, 0x04, 0x43, 0x0e, 0x30, 0x02,
    0x46, 0x0e, 0x10, 0x41, 0xc3, 0x0e, 0x0c, 0x41, 0xc6, 0x0e, 0x08, 0x41,
    0xc7, 0x0e, 0x04, 0x00, 0x28, 0x00, 0x00, 0x00, 0x1c, 0x05, 0x00, 0x00,
    0x14, 0xfa, 0xff, 0xff, 0x1a, 0x00, 0x00, 0x00, 0x00, 0x43, 0x0e, 0x08,
    0x87, 0x02, 0x46, 0x0e, 0x0c, 0x86, 0x03, 0x47, 0x0e, 0x10, 0x83, 0x04,
    0x47, 0xc3, 0x0e, 0x0c, 0x41, 0xc6, 0x0e, 0x08, 0x41, 0xc7, 0x0e, 0x04,
    0x28, 0x00, 0x00, 0x00, 0x48, 0x05, 0x00, 0x00, 0x08, 0xfa, 0xff, 0xff,
    0x1e, 0x00, 0x00, 0x00, 0x00, 0x41, 0x0e, 0x08, 0x87, 0x02, 0x46, 0x0e,
    0x0c, 0x86, 0x03, 0x43, 0x0e, 0x10, 0x83, 0x04, 0x51, 0xc3, 0x0e, 0x0c,
    0x41, 0xc6, 0x0e, 0x08, 0x41, 0xc7, 0x0e, 0x04, 0x10, 0x00, 0x00, 0x00,
    0x74, 0x05, 0x00, 0x00, 0xfc, 0xf9, 0xff, 0xff, 0x2d, 0x00, 0x00, 0x00,
    0x00, 0x00, 0x00, 0x00, 0x10, 0x00, 0x00, 0x00, 0x88, 0x05, 0x00, 0x00,
    0x18, 0xfa, 0xff, 0xff, 0x01, 0x00, 0x00, 0x00, 0x00, 0x00, 0x00, 0x00,
    0x28, 0x00, 0x00, 0x00, 0x9c, 0x05, 0x00, 0x00, 0x14, 0xfa, 0xff, 0xff,
    0x4a, 0x00, 0x00, 0x00, 0x00, 0x44, 0x0c, 0x01, 0x00, 0x49, 0x10, 0x05,
    0x02, 0x75, 0x00, 0x41, 0x0f, 0x03, 0x75, 0x7c, 0x06, 0x74, 0x0c, 0x01,
    0x00, 0x44, 0xc5, 0x43, 0x0c, 0x04, 0x04, 0x00, 0x0a, 0x41, 0x4f, 0x53,
    0x20, 0x4b, 0x65, 0x72, 0x6e, 0x65, 0x6c, 0x20, 0x76, 0x30, 0x2e, 0x32,
    0x00, 0x0a, 0x41, 0x72, 0x63, 0x68, 0x3a, 0x20, 0x78, 0x38, 0x36, 0x20,
    0x28, 0x69, 0x33, 0x38, 0x36, 0x29, 0x00, 0x0a, 0x54, 0x69, 0x63, 0x6b,
    0x20, 0x72, 0x61, 0x74, 0x65, 0x3a, 0x20, 0x7e, 0x31, 0x6d, 0x73, 0x00,
    0x0a, 0x46, 0x65, 0x61, 0x74, 0x75, 0x72, 0x65, 0x73, 0x3a, 0x20, 0x47,
    0x44, 0x54, 0x2c, 0x20, 0x49, 0x44, 0x54, 0x2c, 0x20, 0x50, 0x49, 0x43,
    0x2c, 0x20, 0x50, 0x49, 0x54, 0x2c, 0x20, 0x4b, 0x65, 0x79, 0x62, 0x6f,
    0x61, 0x72, 0x64, 0x2c, 0x20, 0x56, 0x47, 0x41, 0x2c, 0x20, 0x53, 0x65,
    0x72, 0x69, 0x61, 0x6c, 0x2c, 0x20, 0x53, 0x46, 0x53, 0x2c, 0x20, 0x45,
    0x4c, 0x46, 0x2c, 0x20, 0x50, 0x61, 0x67, 0x69, 0x6e, 0x67, 0x2c, 0x20,
    0x52, 0x69, 0x6e, 0x67, 0x33, 0x00, 0x00, 0x00, 0x00, 0x00, 0x10, 0x01,
    0x47, 0x43, 0x43, 0x3a, 0x20, 0x28, 0x55, 0x62, 0x75, 0x6e, 0x74, 0x75,
    0x20, 0x31, 0x35, 0x2e, 0x32, 0x2e, 0x30, 0x2d, 0x31, 0x36, 0x75, 0x62,
    0x75, 0x6e, 0x74, 0x75, 0x31, 0x29, 0x20, 0x31, 0x35, 0x2e, 0x32, 0x2e,
    0x30, 0x00, 0x00, 0x00, 0x00, 0x00, 0x00, 0x00, 0x00, 0x00, 0x00, 0x00,
    0x00, 0x00, 0x00, 0x00, 0x00, 0x00, 0x00, 0x00, 0x01, 0x00, 0x00, 0x00,
    0x00, 0x00, 0x00, 0x00, 0x00, 0x00, 0x00, 0x00, 0x04, 0x00, 0xf1, 0xff,
    0x0a, 0x00, 0x00, 0x00, 0x64, 0x0b, 0x00, 0x01, 0x04, 0x00, 0x00, 0x00,
    0x01, 0x00, 0x06, 0x00, 0x14, 0x00, 0x00, 0x00, 0x00, 0x00, 0x00, 0x00,
    0x00, 0x00, 0x00, 0x00, 0x04, 0x00, 0xf1, 0xff, 0x1b, 0x00, 0x00, 0x00,
    0x80, 0x00, 0x00, 0x01, 0x1b, 0x00, 0x00, 0x00, 0x12, 0x00, 0x01, 0x00,
    0x23, 0x00, 0x00, 0x00, 0x50, 0x04, 0x00, 0x01, 0x1a, 0x00, 0x00, 0x00,
    0x12, 0x00, 0x01, 0x00, 0x2e, 0x00, 0x00, 0x00, 0x80, 0x02, 0x00, 0x01,
    0x18, 0x00, 0x00, 0x00, 0x12, 0x00, 0x01, 0x00, 0x34, 0x00, 0x00, 0x00,
    0x20, 0x00, 0x00, 0x01, 0x17, 0x00, 0x00, 0x00, 0x12, 0x00, 0x01, 0x00,
    0x3a, 0x00, 0x00, 0x00, 0x00, 0x01, 0x00, 0x01, 0x1a, 0x00, 0x00, 0x00,
    0x12, 0x00, 0x01, 0x00, 0x46, 0x00, 0x00, 0x00, 0xa0, 0x02, 0x00, 0x01,
    0x18, 0x00, 0x00, 0x00, 0x12, 0x00, 0x01, 0x00, 0x4d, 0x00, 0x00, 0x00,
    0x00, 0x02, 0x00, 0x01, 0x1c, 0x00, 0x00, 0x00, 0x12, 0x00, 0x01, 0x00,
    0x56, 0x00, 0x00, 0x00, 0x90, 0x04, 0x00, 0x01, 0x2d, 0x00, 0x00, 0x00,
    0x12, 0x00, 0x01, 0x00, 0x5d, 0x00, 0x00, 0x00, 0xc0, 0x02, 0x00, 0x01,
    0x1c, 0x00, 0x00, 0x00, 0x12, 0x00, 0x01, 0x00, 0x66, 0x00, 0x00, 0x00,
    0x60, 0x00, 0x00, 0x01, 0x1a, 0x00, 0x00, 0x00, 0x12, 0x00, 0x01, 0x00,
    0x70, 0x00, 0x00, 0x00, 0x00, 0x03, 0x00, 0x01, 0x18, 0x00, 0x00, 0x00,
    0x12, 0x00, 0x01, 0x00, 0x80, 0x00, 0x00, 0x00, 0x70, 0x04, 0x00, 0x01,
    0x1e, 0x00, 0x00, 0x00, 0x12, 0x00, 0x01, 0x00, 0x86, 0x00, 0x00, 0x00,
    0x40, 0x01, 0x00, 0x01, 0x1e, 0x00, 0x00, 0x00, 0x12, 0x00, 0x01, 0x00,
    0x92, 0x00, 0x00, 0x00, 0xf0, 0x03, 0x00, 0x01, 0x58, 0x00, 0x00, 0x00,
    0x12, 0x00, 0x01, 0x00, 0x9c, 0x00, 0x00, 0x00, 0x60, 0x01, 0x00, 0x01,
    0x18, 0x00, 0x00, 0x00, 0x12, 0x00, 0x01, 0x00, 0xa5, 0x00, 0x00, 0x00,
    0xa0, 0x01, 0x00, 0x01, 0x18, 0x00, 0x00, 0x00, 0x12, 0x00, 0x01, 0x00,
    0xac, 0x00, 0x00, 0x00, 0x00, 0x00, 0x00, 0x01, 0x1b, 0x00, 0x00, 0x00,
    0x12, 0x00, 0x01, 0x00, 0xb3, 0x00, 0x00, 0x00, 0xc0, 0x00, 0x00, 0x01,
    0x1e, 0x00, 0x00, 0x00, 0x12, 0x00, 0x01, 0x00, 0xbb, 0x00, 0x00, 0x00,
    0xe0, 0x02, 0x00, 0x01, 0x1a, 0x00, 0x00, 0x00, 0x12, 0x00, 0x01, 0x00,
    0xc4, 0x00, 0x00, 0x00, 0xc0, 0x01, 0x00, 0x01, 0x18, 0x00, 0x00, 0x00,
    0x12, 0x00, 0x01, 0x00, 0xca, 0x00, 0x00, 0x00, 0x90, 0x03, 0x00, 0x01,
    0x58, 0x00, 0x00, 0x00, 0x12, 0x00, 0x01, 0x00, 0xd6, 0x00, 0x00, 0x00,
    0x40, 0x02, 0x00, 0x01, 0x3e, 0x00, 0x00, 0x00, 0x12, 0x00, 0x01, 0x00,
    0xdf, 0x00, 0x00, 0x00, 0x40, 0x03, 0x00, 0x01, 0x20, 0x00, 0x00, 0x00,
    0x12, 0x00, 0x01, 0x00, 0xe9, 0x00, 0x00, 0x00, 0xd0, 0x04, 0x00, 0x01,
    0x4a, 0x00, 0x00, 0x00, 0x12, 0x00, 0x02, 0x00, 0xee, 0x00, 0x00, 0x00,
    0x40, 0x00, 0x00, 0x01, 0x1a, 0x00, 0x00, 0x00, 0x12, 0x00, 0x01, 0x00,
    0xf8, 0x00, 0x00, 0x00, 0xe0, 0x01, 0x00, 0x01, 0x18, 0x00, 0x00, 0x00,
    0x12, 0x00, 0x01, 0x00, 0x01, 0x01, 0x00, 0x00, 0xa0, 0x00, 0x00, 0x01,
    0x1e, 0x00, 0x00, 0x00, 0x12, 0x00, 0x01, 0x00, 0x0a, 0x01, 0x00, 0x00,
    0x20, 0x03, 0x00, 0x01, 0x18, 0x00, 0x00, 0x00, 0x12, 0x00, 0x01, 0x00,
    0x18, 0x01, 0x00, 0x00, 0x20, 0x01, 0x00, 0x01, 0x1a, 0x00, 0x00, 0x00,
    0x12, 0x00, 0x01, 0x00, 0x22, 0x01, 0x00, 0x00, 0xe0, 0x00, 0x00, 0x01,
    0x1a, 0x00, 0x00, 0x00, 0x12, 0x00, 0x01, 0x00, 0x2c, 0x01, 0x00, 0x00,
    0x60, 0x03, 0x00, 0x01, 0x22, 0x00, 0x00, 0x00, 0x12, 0x00, 0x01, 0x00,
    0x38, 0x01, 0x00, 0x00, 0x20, 0x02, 0x00, 0x01, 0x16, 0x00, 0x00, 0x00,
    0x12, 0x00, 0x01, 0x00, 0x3d, 0x01, 0x00, 0x00, 0x80, 0x01, 0x00, 0x01,
    0x18, 0x00, 0x00, 0x00, 0x12, 0x00, 0x01, 0x00, 0x4a, 0x01, 0x00, 0x00,
    0xc0, 0x04, 0x00, 0x01, 0x01, 0x00, 0x00, 0x00, 0x12, 0x00, 0x01, 0x00,
    0x00, 0x6c, 0x69, 0x62, 0x61, 0x6f, 0x73, 0x2e, 0x63, 0x00, 0x68, 0x65,
    0x61, 0x70, 0x5f, 0x6e, 0x65, 0x78, 0x74, 0x00, 0x69, 0x6e, 0x66, 0x6f,
    0x2e, 0x63, 0x00, 0x70, 0x75, 0x74, 0x63, 0x68, 0x61, 0x72, 0x00, 0x73,
    0x65, 0x74, 0x5f, 0x73, 0x74, 0x64, 0x6f, 0x75, 0x74, 0x00, 0x79, 0x69,
    0x65, 0x6c, 0x64, 0x00, 0x70, 0x72, 0x69, 0x6e, 0x74, 0x00, 0x66, 0x73,
    0x5f, 0x67, 0x65, 0x74, 0x5f, 0x73, 0x69, 0x7a, 0x65, 0x00, 0x67, 0x65,
    0x74, 0x70, 0x69, 0x64, 0x00, 0x67, 0x65, 0x74, 0x5f, 0x61, 0x72, 0x67,
    0x73, 0x00, 0x6d, 0x61, 0x6c, 0x6c, 0x6f, 0x63, 0x00, 0x73, 0x65, 0x6e,
    0x64, 0x5f, 0x6d, 0x73, 0x67, 0x00, 0x70, 0x72, 0x69, 0x6e, 0x74, 0x5f,
    0x64, 0x65, 0x63, 0x00, 0x72, 0x65, 0x67, 0x69, 0x73, 0x74, 0x65, 0x72,
    0x5f, 0x65, 0x76, 0x65, 0x6e, 0x74, 0x73, 0x00, 0x73, 0x70, 0x61, 0x77,
    0x6e, 0x00, 0x66, 0x73, 0x5f, 0x6c, 0x69, 0x73, 0x74, 0x5f, 0x67, 0x65,
    0x74, 0x00, 0x66, 0x69, 0x6c, 0x6c, 0x5f, 0x72, 0x65, 0x63, 0x74, 0x00,
    0x67, 0x65, 0x74, 0x5f, 0x74, 0x69, 0x63, 0x6b, 0x00, 0x72, 0x65, 0x62,
    0x6f, 0x6f, 0x74, 0x00, 0x5f, 0x73, 0x74, 0x61, 0x72, 0x74, 0x00, 0x66,
    0x73, 0x5f, 0x72, 0x65, 0x61, 0x64, 0x00, 0x72, 0x65, 0x63, 0x76, 0x5f,
    0x6d, 0x73, 0x67, 0x00, 0x70, 0x61, 0x6e, 0x69, 0x63, 0x00, 0x72, 0x65,
    0x6e, 0x64, 0x65, 0x72, 0x5f, 0x74, 0x65, 0x78, 0x74, 0x00, 0x72, 0x65,
    0x61, 0x64, 0x5f, 0x6b, 0x65, 0x79, 0x00, 0x67, 0x65, 0x74, 0x5f, 0x6d,
    0x6f, 0x75, 0x73, 0x65, 0x00, 0x6d, 0x61, 0x69, 0x6e, 0x00, 0x70, 0x72,
    0x69, 0x6e, 0x74, 0x5f, 0x68, 0x65, 0x78, 0x00, 0x73, 0x68, 0x75, 0x74,
    0x64, 0x6f, 0x77, 0x6e, 0x00, 0x66, 0x73, 0x5f, 0x77, 0x72, 0x69, 0x74,
    0x65, 0x00, 0x67, 0x65, 0x74, 0x5f, 0x65, 0x76, 0x65, 0x6e, 0x74, 0x5f,
    0x70, 0x69, 0x64, 0x00, 0x66, 0x73, 0x5f, 0x65, 0x78, 0x69, 0x73, 0x74,
    0x73, 0x00, 0x66, 0x73, 0x5f, 0x64, 0x65, 0x6c, 0x65, 0x74, 0x65, 0x00,
    0x67, 0x65, 0x74, 0x5f, 0x66, 0x62, 0x5f, 0x69, 0x6e, 0x66, 0x6f, 0x00,
    0x65, 0x78, 0x69, 0x74, 0x00, 0x63, 0x6c, 0x65, 0x61, 0x72, 0x5f, 0x73,
    0x63, 0x72, 0x65, 0x65, 0x6e, 0x00, 0x66, 0x72, 0x65, 0x65, 0x00, 0x00,
    0x2e, 0x73, 0x79, 0x6d, 0x74, 0x61, 0x62, 0x00, 0x2e, 0x73, 0x74, 0x72,
    0x74, 0x61, 0x62, 0x00, 0x2e, 0x73, 0x68, 0x73, 0x74, 0x72, 0x74, 0x61,
    0x62, 0x00, 0x2e, 0x74, 0x65, 0x78, 0x74, 0x00, 0x2e, 0x74, 0x65, 0x78,
    0x74, 0x2e, 0x73, 0x74, 0x61, 0x72, 0x74, 0x75, 0x70, 0x00, 0x2e, 0x65,
    0x68, 0x5f, 0x66, 0x72, 0x61, 0x6d, 0x65, 0x00, 0x2e, 0x72, 0x6f, 0x64,
    0x61, 0x74, 0x61, 0x2e, 0x73, 0x74, 0x72, 0x31, 0x2e, 0x31, 0x00, 0x2e,
    0x72, 0x6f, 0x64, 0x61, 0x74, 0x61, 0x2e, 0x73, 0x74, 0x72, 0x31, 0x2e,
    0x34, 0x00, 0x2e, 0x64, 0x61, 0x74, 0x61, 0x00, 0x2e, 0x63, 0x6f, 0x6d,
    0x6d, 0x65, 0x6e, 0x74, 0x00, 0x00, 0x00, 0x00, 0x00, 0x00, 0x00, 0x00,
    0x00, 0x00, 0x00, 0x00, 0x00, 0x00, 0x00, 0x00, 0x00, 0x00, 0x00, 0x00,
    0x00, 0x00, 0x00, 0x00, 0x00, 0x00, 0x00, 0x00, 0x00, 0x00, 0x00, 0x00,
    0x00, 0x00, 0x00, 0x00, 0x00, 0x00, 0x00, 0x00, 0x00, 0x00, 0x00, 0x00,
    0x1b, 0x00, 0x00, 0x00, 0x01, 0x00, 0x00, 0x00, 0x06, 0x00, 0x00, 0x00,
    0x00, 0x00, 0x00, 0x01, 0x80, 0x00, 0x00, 0x00, 0xc1, 0x04, 0x00, 0x00,
    0x00, 0x00, 0x00, 0x00, 0x00, 0x00, 0x00, 0x00, 0x10, 0x00, 0x00, 0x00,
    0x00, 0x00, 0x00, 0x00, 0x21, 0x00, 0x00, 0x00, 0x01, 0x00, 0x00, 0x00,
    0x06, 0x00, 0x00, 0x00, 0xd0, 0x04, 0x00, 0x01, 0x50, 0x05, 0x00, 0x00,
    0x4a, 0x00, 0x00, 0x00, 0x00, 0x00, 0x00, 0x00, 0x00, 0x00, 0x00, 0x00,
    0x10, 0x00, 0x00, 0x00, 0x00, 0x00, 0x00, 0x00, 0x2f, 0x00, 0x00, 0x00,
    0x01, 0x00, 0x00, 0x00, 0x02, 0x00, 0x00, 0x00, 0x1c, 0x05, 0x00, 0x01,
    0x9c, 0x05, 0x00, 0x00, 0xc4, 0x05, 0x00, 0x00, 0x00, 0x00, 0x00, 0x00,
    0x00, 0x00, 0x00, 0x00, 0x04, 0x00, 0x00, 0x00, 0x00, 0x00, 0x00, 0x00,
    0x39, 0x00, 0x00, 0x00, 0x01, 0x00, 0x00, 0x00, 0x32, 0x00, 0x00, 0x00,
    0xe0, 0x0a, 0x00, 0x01, 0x60, 0x0b, 0x00, 0x00, 0x34, 0x00, 0x00, 0x00,
    0x00, 0x00, 0x00, 0x00, 0x00, 0x00, 0x00, 0x00, 0x01, 0x00, 0x00, 0x00,
    0x01, 0x00, 0x00, 0x00, 0x48, 0x00, 0x00, 0x00, 0x01, 0x00, 0x00, 0x00,
    0x32, 0x00, 0x00, 0x00, 0x14, 0x0b, 0x00, 0x01, 0x94, 0x0b, 0x00, 0x00,
    0x4e, 0x00, 0x00, 0x00, 0x00, 0x00, 0x00, 0x00, 0x00, 0x00, 0x00, 0x00,
    0x04, 0x00, 0x00, 0x00, 0x01, 0x00, 0x00, 0x00, 0x57, 0x00, 0x00, 0x00,
    0x01, 0x00, 0x00, 0x00, 0x03, 0x00, 0x00, 0x00, 0x64, 0x0b, 0x00, 0x01,
    0xe4, 0x0b, 0x00, 0x00, 0x04, 0x00, 0x00, 0x00, 0x00, 0x00, 0x00, 0x00,
    0x00, 0x00, 0x00, 0x00, 0x04, 0x00, 0x00, 0x00, 0x00, 0x00, 0x00, 0x00,
    0x5d, 0x00, 0x00, 0x00, 0x01, 0x00, 0x00, 0x00, 0x30, 0x00, 0x00, 0x00,
    0x00, 0x00, 0x00, 0x00, 0xe8, 0x0b, 0x00, 0x00, 0x26, 0x00, 0x00, 0x00,
    0x00, 0x00, 0x00, 0x00, 0x00, 0x00, 0x00, 0x00, 0x01, 0x00, 0x00, 0x00,
    0x01, 0x00, 0x00, 0x00, 0x01, 0x00, 0x00, 0x00, 0x02, 0x00, 0x00, 0x00,
    0x00, 0x00, 0x00, 0x00, 0x00, 0x00, 0x00, 0x00, 0x10, 0x0c, 0x00, 0x00,
    0x60, 0x02, 0x00, 0x00, 0x09, 0x00, 0x00, 0x00, 0x04, 0x00, 0x00, 0x00,
    0x04, 0x00, 0x00, 0x00, 0x10, 0x00, 0x00, 0x00, 0x09, 0x00, 0x00, 0x00,
    0x03, 0x00, 0x00, 0x00, 0x00, 0x00, 0x00, 0x00, 0x00, 0x00, 0x00, 0x00,
    0x70, 0x0e, 0x00, 0x00, 0x4f, 0x01, 0x00, 0x00, 0x00, 0x00, 0x00, 0x00,
    0x00, 0x00, 0x00, 0x00, 0x01, 0x00, 0x00, 0x00, 0x00, 0x00, 0x00, 0x00,
    0x11, 0x00, 0x00, 0x00, 0x03, 0x00, 0x00, 0x00, 0x00, 0x00, 0x00, 0x00,
    0x00, 0x00, 0x00, 0x00, 0xbf, 0x0f, 0x00, 0x00, 0x66, 0x00, 0x00, 0x00,
    0x00, 0x00, 0x00, 0x00, 0x00, 0x00, 0x00, 0x00, 0x01, 0x00, 0x00, 0x00,
    0x00, 0x00, 0x00, 0x00,
};

static const unsigned char prog_reboot_elf[] = {
    0x7f, 0x45, 0x4c, 0x46, 0x01, 0x01, 0x01, 0x00, 0x00, 0x00, 0x00, 0x00,
    0x00, 0x00, 0x00, 0x00, 0x02, 0x00, 0x03, 0x00, 0x01, 0x00, 0x00, 0x00,
    0x00, 0x00, 0x00, 0x01, 0x34, 0x00, 0x00, 0x00, 0x84, 0x0f, 0x00, 0x00,
    0x00, 0x00, 0x00, 0x00, 0x34, 0x00, 0x20, 0x00, 0x02, 0x00, 0x28, 0x00,
    0x0a, 0x00, 0x09, 0x00, 0x01, 0x00, 0x00, 0x00, 0x80, 0x00, 0x00, 0x00,
    0x00, 0x00, 0x00, 0x01, 0x00, 0x00, 0x00, 0x01, 0xd4, 0x0a, 0x00, 0x00,
    0xd4, 0x0a, 0x00, 0x00, 0x07, 0x00, 0x00, 0x00, 0x10, 0x00, 0x00, 0x00,
    0x51, 0xe5, 0x74, 0x64, 0x00, 0x00, 0x00, 0x00, 0x00, 0x00, 0x00, 0x00,
    0x00, 0x00, 0x00, 0x00, 0x00, 0x00, 0x00, 0x00, 0x00, 0x00, 0x00, 0x00,
    0x06, 0x00, 0x00, 0x00, 0x10, 0x00, 0x00, 0x00, 0x00, 0x00, 0x00, 0x00,
    0x00, 0x00, 0x00, 0x00, 0x00, 0x00, 0x00, 0x00, 0x57, 0x56, 0x53, 0x31,
    0xdb, 0x89, 0xde, 0x89, 0xdf, 0xe8, 0xc2, 0x04, 0x00, 0x00, 0xb8, 0x10,
    0x00, 0x00, 0x00, 0x89, 0xd9, 0x89, 0xda, 0xcd, 0x80, 0xeb, 0xfe, 0x2e,
    0x8d, 0x74, 0x26, 0x00, 0x31, 0xc0, 0x57, 0x89, 0xc1, 0x56, 0x89, 0xc2,
    0x89, 0xc6, 0x53, 0x89, 0xc7, 0x8b, 0x5c, 0x24, 0x10, 0xcd, 0x80, 0x5b,
    0x5e, 0x5f, 0xc3, 0x90, 0x2e, 0x8d, 0xb4, 0x26, 0x00, 0x00, 0x00, 0x00,
    0x31, 0xc9, 0x57, 0xb8, 0x01, 0x00, 0x00, 0x00, 0x56, 0x89, 0xca, 0x89,
    0xce, 0x89, 0xcf, 0x53, 0x8b, 0x5c, 0x24, 0x10, 0xcd, 0x80, 0x5b, 0x5e,
    0x5f, 0xc3, 0x8d, 0xb6, 0x00, 0x00, 0x00, 0x00, 0x31, 0xc9, 0x57, 0xb8,
    0x02, 0x00, 0x00, 0x00, 0x56, 0x89, 0xca, 0x89, 0xce, 0x89, 0xcf, 0x53,
    0x8b, 0x5c, 0x24, 0x10, 0xcd, 0x80, 0x5b, 0x5e, 0x5f, 0xc3, 0x8d, 0xb6,
    0x00, 0x00, 0x00, 0x00, 0x31, 0xc9, 0x57, 0xb8, 0x03, 0x00, 0x00, 0x00,
    0x56, 0x89, 0xca, 0x89, 0xce, 0x89, 0xcf, 0x53, 0x0f, 0xbe, 0x5c, 0x24,
    0x10, 0xcd, 0x80, 0x5b, 0x5e, 0x5f, 0xc3, 0x2e, 0x8d, 0x74, 0x26, 0x00,
    0x57, 0xb8, 0x04, 0x00, 0x00, 0x00, 0x56, 0x31, 0xf6, 0x53, 0x89, 0xf7,
    0x8b, 0x4c, 0x24, 0x14, 0x8b, 0x54, 0x24, 0x18, 0x8b, 0x5c, 0x24, 0x10,
    0xcd, 0x80, 0x5b, 0x5e, 0x5f, 0xc3, 0x66, 0x90, 0x57, 0xb8, 0x05, 0x00,
    0x00, 0x00, 0x56, 0x31, 0xf6, 0x53, 0x89, 0xf7, 0x8b, 0x4c, 0x24, 0x14,
    0x8b, 0x54, 0x24, 0x18, 0x8b, 0x5c, 0x24, 0x10, 0xcd, 0x80, 0x5b, 0x5e,
    0x5f, 0xc3, 0x66, 0x90, 0x31, 0xc9, 0x57, 0xb8, 0x06, 0x00, 0x00, 0x00,
    0x56, 0x89, 0xca, 0x89, 0xce, 0x89, 0xcf, 0x53, 0x8b, 0x5c, 0x24, 0x10,
    0xcd, 0x80, 0x5b, 0x5e, 0x5f, 0xc3, 0x8d, 0xb6, 0x00, 0x00, 0x00, 0x00,
    0x31, 0xc9, 0x57, 0xb8, 0x07, 0x00, 0x00, 0x00, 0x56, 0x89, 0xca, 0x89,
    0xce, 0x89, 0xcf, 0x53, 0x8b, 0x5c, 0x24, 0x10, 0xcd, 0x80, 0x5b, 0x5e,
    0x5f, 0xc3, 0x8d, 0xb6, 0x00, 0x00, 0x00, 0x00, 0x31, 0xc9, 0x57, 0xb8,
    0x08, 0x00, 0x00, 0x00, 0x56, 0x89, 0xca, 0x89, 0xce, 0x89, 0xcf, 0x53,
    0x8b, 0x5c, 0x24, 0x10, 0xcd, 0x80, 0x5b, 0x5e, 0x5f, 0xc3, 0x8d, 0xb6,
    0x00, 0x00, 0x00, 0x00, 0x57, 0xb8, 0x09, 0x00, 0x00, 0x00, 0x56, 0x31,
    0xf6, 0x53, 0x89, 0xf7, 0x8b, 0x4c, 0x24, 0x14, 0x8b, 0x54, 0x24, 0x18,
    0x8b, 0x5c, 0x24, 0x10, 0xcd, 0x80, 0x5b, 0x5e, 0x5f, 0xc3, 0x66, 0x90,
    0x57, 0xb8, 0x0a, 0x00, 0x00, 0x00, 0x56, 0x53, 0x31, 0xdb, 0x89, 0xd9,
    0x89, 0xda, 0x89, 0xde, 0x89, 0xdf, 0xcd, 0x80, 0x5b, 0x5e, 0x5f, 0xc3,
    0x2e, 0x8d, 0xb4, 0x26, 0x00, 0x00, 0x00, 0x00, 0x57, 0xb8, 0x0b, 0x00,
    0x00, 0x00, 0x56, 0x53, 0x31, 0xdb, 0x89, 0xd9, 0x89, 0xda, 0x89, 0xde,
    0x89, 0xdf, 0xcd, 0x80, 0x5b, 0x5e, 0x5f, 0xc3, 0x2e, 0x8d, 0xb4, 0x26,
    0x00, 0x00, 0x00, 0x00, 0x57, 0xb8, 0x0c, 0x00, 0x00, 0x00, 0x56, 0x53,
    0x31, 0xdb, 0x89, 0xd9, 0x89, 0xda, 0x89, 0xde, 0x89, 0xdf, 0xcd, 0x80,
    0x5b, 0x5e, 0x5f, 0xc3, 0x2e, 0x8d, 0xb4, 0x26, 0x00, 0x00, 0x00, 0x00,
    0x57, 0xb8, 0x0d, 0x00, 0x00, 0x00, 0x56, 0x53, 0x31, 0xdb, 0x89, 0xd9,
    0x89, 0xda, 0x89, 0xde, 0x89, 0xdf, 0xcd, 0x80, 0x5b, 0x5e, 0x5f, 0xc3,
    0x2e, 0x8d, 0xb4, 0x26, 0x00, 0x00, 0x00, 0x00, 0x57, 0xb8, 0x0e, 0x00,
    0x00, 0x00, 0x56, 0x53, 0x31, 0xdb, 0x89, 0xd9, 0x89, 0xda, 0x89, 0xde,
    0x89, 0xdf, 0xcd, 0x80, 0x5b, 0x5e, 0x5f, 0xc3, 0x2e, 0x8d, 0xb4, 0x26,
    0x00, 0x00, 0x00, 0x00, 0x31, 0xd2, 0x57, 0xb8, 0x0f, 0x00, 0x00, 0x00,
    0x56, 0x89, 0xd7, 0x89, 0xd6, 0x53, 0x8b, 0x4c, 0x24, 0x14, 0x8b, 0x5c,
    0x24, 0x10, 0xcd, 0x80, 0x5b, 0x5e, 0x5f, 0xc3, 0x8d, 0x74, 0x26, 0x00,
    0x57, 0xb8, 0x10, 0x00, 0x00, 0x00, 0x56, 0x53, 0x31, 0xdb, 0x89, 0xd9,
    0x89, 0xda, 0x89, 0xde, 0x89, 0xdf, 0xcd, 0x80, 0xeb, 0xfe, 0x66, 0x90,
    0x2e, 0x8d, 0xb4, 0x26, 0x00, 0x00, 0x00, 0x00, 0x55, 0xb8, 0x11, 0x00,
    0x00, 0x00, 0x57, 0x56, 0x53, 0x31, 0xdb, 0x89, 0xd9, 0x89, 0xda, 0x89,
    0xde, 0x89, 0xdf, 0xcd, 0x80, 0x85, 0xc0, 0x79, 0x20, 0xbd, 0x12, 0x00,
    0x00, 0x00, 0x66, 0x90, 0x31, 0xdb, 0x89, 0xe8, 0x89, 0xd9, 0x89, 0xda,
    0x89, 0xde, 0x89, 0xdf, 0xcd, 0x80, 0xb8, 0x11, 0x00, 0x00, 0x00, 0xcd,
    0x80, 0x85, 0xc0, 0x78, 0xe7, 0x5b, 0x5e, 0x5f, 0x5d, 0xc3, 0x66, 0x90,
    0x57, 0xb8, 0x12, 0x00, 0x00, 0x00, 0x56, 0x53, 0x31, 0xdb, 0x89, 0xd9,
    0x89, 0xda, 0x89, 0xde, 0x89, 0xdf, 0xcd, 0x80, 0x5b, 0x5e, 0x5f, 0xc3,
    0x2e, 0x8d, 0xb4, 0x26, 0x00, 0x00, 0x00, 0x00, 0x57, 0xb8, 0x13, 0x00,
    0x00, 0x00, 0x56, 0x53, 0x31, 0xdb, 0x89, 0xd9, 0x89, 0xda, 0x89, 0xde,
    0x89, 0xdf, 0xcd, 0x80, 0x5b, 0x5e, 0x5f, 0xc3, 0x2e, 0x8d, 0xb4, 0x26,
    0x00, 0x00, 0x00, 0x00, 0x31, 0xd2, 0x57, 0xb8, 0x14, 0x00, 0x00, 0x00,
    0x56, 0x89, 0xd7, 0x89, 0xd6, 0x53, 0x8b, 0x4c, 0x24, 0x14, 0x8b, 0x5c,
    0x24, 0x10, 0xcd, 0x80, 0x5b, 0x5e, 0x5f, 0xc3, 0x8d, 0x74, 0x26, 0x00,
    0x31, 0xc9, 0x57, 0xb8, 0x15, 0x00, 0x00, 0x00, 0x56, 0x89, 0xca, 0x89,
    0xce, 0x89, 0xcf, 0x53, 0x8b, 0x5c, 0x24, 0x10, 0xcd, 0x80, 0x5b, 0x5e,
    0x5f, 0xc3, 0x8d, 0xb6, 0x00, 0x00, 0x00, 0x00, 0x57, 0xb8, 0x16, 0x00,
    0x00, 0x00, 0x56, 0x53, 0x31, 0xdb, 0x89, 0xd9, 0x89, 0xda, 0x89, 0xde,
    0x89, 0xdf, 0xcd, 0x80, 0x5b, 0x5e, 0x5f, 0xc3, 0x2e, 0x8d, 0xb4, 0x26,
    0x00, 0x00, 0x00, 0x00, 0x57, 0xb8, 0x1d, 0x00, 0x00, 0x00, 0x56, 0x53,
    0x31, 0xdb, 0x89, 0xd9, 0x89, 0xda, 0x89, 0xde, 0x89, 0xdf, 0xcd, 0x80,
    0x5b, 0x5e, 0x5f, 0xc3, 0x2e, 0x8d, 0xb4, 0x26, 0x00, 0x00, 0x00, 0x00,
    0x57, 0xb8, 0x17, 0x00, 0x00, 0x00, 0x31, 0xff, 0x56, 0x53, 0x8b, 0x4c,
    0x24, 0x14, 0x8b, 0x54, 0x24, 0x18, 0x8b, 0x5c, 0x24, 0x10, 0x8b, 0x74,
    0x24, 0x1c, 0xcd, 0x80, 0x5b, 0x5e, 0x5f, 0xc3, 0x57, 0xb8, 0x18, 0x00,
    0x00, 0x00, 0x56, 0x53, 0x8b, 0x4c, 0x24, 0x14, 0x8b, 0x54, 0x24, 0x18,
    0x8b, 0x5c, 0x24, 0x10, 0x8b, 0x74, 0x24, 0x1c, 0x8b, 0x7c, 0x24, 0x20,
    0xcd, 0x80, 0x5b, 0x5e, 0x5f, 0xc3, 0x8d, 0xb6, 0x00, 0x00, 0x00, 0x00,
    0x2e, 0x8d, 0xb4, 0x26, 0x00, 0x00, 0x00, 0x00, 0x57, 0x31, 0xc9, 0x56,
    0x89, 0xca, 0x89, 0xce, 0x89, 0xcf, 0x53, 0x83, 0xec, 0x20, 0x8b, 0x44,
    0x24, 0x30, 0x8d, 0x5c, 0x24, 0x04, 0x89, 0x44, 0x24, 0x04, 0x8b, 0x44,
    0x24, 0x34, 0x89, 0x44, 0x24, 0x08, 0x8b, 0x44, 0x24, 0x38, 0x89, 0x44,
    0x24, 0x0c, 0x8b, 0x44, 0x24, 0x3c, 0x89, 0x44, 0x24, 0x10, 0x8b, 0x44,
    0x24, 0x40, 0x89, 0x44, 0x24, 0x14, 0x8b, 0x44, 0x24, 0x44, 0x89, 0x44,
    0x24, 0x18, 0x8b, 0x44, 0x24, 0x48, 0x89, 0x44, 0x24, 0x1c, 0xb8, 0x19,
    0x00, 0x00, 0x00, 0xcd, 0x80, 0x83, 0xc4, 0x20, 0x5b, 0x5e, 0x5f, 0xc3,
    0x2e, 0x8d, 0xb4, 0x26, 0x00, 0x00, 0x00, 0x00, 0x57, 0x31, 0xc9, 0x56,
    0x89, 0xca, 0x89, 0xce, 0x89, 0xcf, 0x53, 0x83, 0xec, 0x20, 0x8b, 0x44,
    0x24, 0x30, 0x8d, 0x5c, 0x24, 0x04, 0x89, 0x44, 0x24, 0x04, 0x8b, 0x44,
    0x24, 0x34, 0x89, 0x44, 0x24, 0x08, 0x8b, 0x44, 0x24, 0x38, 0x89, 0x44,
    0x24, 0x0c, 0x8b, 0x44, 0x24, 0x3c, 0x89, 0x44, 0x24, 0x10, 0x8b, 0x44,
    0x24, 0x40, 0x89, 0x44, 0x24, 0x14, 0x8b, 0x44, 0x24, 0x44, 0x89, 0x44,
    0x24, 0x18, 0x8b, 0x44, 0x24, 0x48, 0x89, 0x44, 0x24, 0x1c, 0xb8, 0x1a,
    0x00, 0x00, 0x00, 0xcd, 0x80, 0x83, 0xc4, 0x20, 0x5b, 0x5e, 0x5f, 0xc3,
    0x2e, 0x8d, 0xb4, 0x26, 0x00, 0x00, 0x00, 0x00, 0x31, 0xc9, 0x57, 0xb8,
    0x1b, 0x00, 0x00, 0x00, 0x56, 0x89, 0xca, 0x89, 0xce, 0x89, 0xcf, 0x53,
    0x8b, 0x5c, 0x24, 0x10, 0xcd, 0x80, 0x5b, 0x5e, 0x5f, 0xc3, 0x8d, 0xb6,
    0x00, 0x00, 0x00, 0x00, 0x57, 0xb8, 0x1c, 0x00, 0x00, 0x00, 0x56, 0x31,
    0xf6, 0x53, 0x89, 0xf7, 0x8b, 0x4c, 0x24, 0x14, 0x8b, 0x54, 0x24, 0x18,
    0x8b, 0x5c, 0x24, 0x10, 0xcd, 0x80, 0x5b, 0x5e, 0x5f, 0xc3, 0x66, 0x90,
    0x8b, 0x44, 0x24, 0x04, 0x8b, 0x15, 0xd0, 0x0a, 0x00, 0x01, 0x83, 0xc0,
    0x0f, 0x83, 0xe0, 0xf0, 0x01, 0xd0, 0x3d, 0x00, 0x00, 0x80, 0x01, 0x77,
    0x0f, 0xa3, 0xd0, 0x0a, 0x00, 0x01, 0x89, 0xd0, 0xc3, 0x8d, 0xb4, 0x26,
    0x00, 0x00, 0x00, 0x00, 0x31, 0xd2, 0x89, 0xd0, 0xc3, 0x8d, 0x76, 0x00,
    0xc3, 0x00, 0x00, 0x00, 0x00, 0x00, 0x00, 0x00, 0x00, 0x00, 0x00, 0x00,
    0x00, 0x00, 0x00, 0x00, 0x8d, 0x4c, 0x24, 0x04, 0x83, 0xe4, 0xf0, 0xff,
    0x71, 0xfc, 0x55, 0x89, 0xe5, 0x51, 0x83, 0xec, 0x10, 0x68, 0xc0, 0x0a,
    0x00, 0x01, 0xe8, 0x35, 0xfb, 0xff, 0xff, 0xe8, 0xb0, 0xfc, 0xff, 0xff,
    0x8b, 0x4d, 0xfc, 0x83, 0xc4, 0x10, 0xc9, 0x8d, 0x61, 0xfc, 0xc3, 0x00,
    0x14, 0x00, 0x00, 0x00, 0x00, 0x00, 0x00, 0x00, 0x01, 0x7a, 0x52, 0x00,
    0x01, 0x7c, 0x08, 0x01, 0x1b, 0x0c, 0x04, 0x04, 0x88, 0x01, 0x00, 0x00,
    0x1c, 0x00, 0x00, 0x00, 0x1c, 0x00, 0x00, 0x00, 0xe4, 0xfa, 0xff, 0xff,
    0x1b, 0x00, 0x00, 0x00, 0x00, 0x41, 0x0e, 0x08, 0x87, 0x02, 0x41, 0x0e,
    0x0c, 0x86, 0x03, 0x41, 0x0e, 0x10, 0x83, 0x04, 0x28, 0x00, 0x00, 0x00,
    0x3c, 0x00, 0x00, 0x00, 0xe4, 0xfa, 0xff, 0xff, 0x17, 0x00, 0x00, 0x00,
    0x00, 0x43, 0x0e, 0x08, 0x87, 0x02, 0x43, 0x0e, 0x0c, 0x86, 0x03, 0x45,
    0x0e, 0x10, 0x83, 0x04, 0x49, 0xc3, 0x0e, 0x0c, 0x41, 0xc6, 0x0e, 0x08,
    0x41, 0xc7, 0x0e, 0x04, 0x28, 0x00, 0x00, 0x00, 0x68, 0x00, 0x00, 0x00,
    0xd8, 0xfa, 0xff, 0xff, 0x1a, 0x00, 0x00, 0x00, 0x00, 0x43, 0x0e, 0x08,
    0x87, 0x02, 0x46, 0x0e, 0x0c, 0x86, 0x03, 0x47, 0x0e, 0x10, 0x83, 0x04,
    0x47, 0xc3, 0x0e, 0x0c, 0x41, 0xc6, 0x0e, 0x08, 0x41, 0xc7, 0x0e, 0x04,
    0x28, 0x00, 0x00, 0x00, 0x94, 0x00, 0x00, 0x00, 0xcc, 0xfa, 0xff, 0xff,
    0x1a, 0x00, 0x00, 0x00, 0x00, 0x43, 0x0e, 0x08, 0x87, 0x02, 0x46, 0x0e,
    0x0c, 0x86, 0x03, 0x47, 0x0e, 0x10, 0x83, 0x04, 0x47, 0xc3, 0x0e, 0x0c,
    0x41, 0xc6, 0x0e, 0x08, 0x41, 0xc7, 0x0e, 0x04, 0x28, 0x00, 0x00, 0x00,
    0xc0, 0x00, 0x00, 0x00, 0xc0, 0xfa, 0xff, 0xff, 0x1b, 0x00, 0x00, 0x00,
    0x00, 0x43, 0x0e, 0x08, 0x87, 0x02, 0x46, 0x0e, 0x0c, 0x86, 0x03, 0x47,
    0x0e, 0x10, 0x83, 0x04, 0x48, 0xc3, 0x0e, 0x0c, 0x41, 0xc6, 0x0e, 0x08,
    0x41, 0xc7, 0x0e, 0x04, 0x28, 0x00, 0x00, 0x00, 0xec, 0x00, 0x00, 0x00,
    0xb4, 0xfa, 0xff, 0xff, 0x1e, 0x00, 0x00, 0x00, 0x00, 0x41, 0x0e, 0x08,
    0x87, 0x02, 0x46, 0x0e, 0x0c, 0x86, 0x03, 0x43, 0x0e, 0x10, 0x83, 0x04,
    0x51, 0xc3, 0x0e, 0x0c, 0x41, 0xc6, 0x0e, 0x08, 0x41, 0xc7, 0x0e, 0x04,
    0x28, 0x00, 0x00, 0x00, 0x18, 0x01, 0x00, 0x00, 0xa8, 0xfa, 0xff, 0xff,
    0x1e, 0x00, 0x00, 0x00, 0x00, 0x41, 0x0e, 0x08, 0x87, 0x02, 0x46, 0x0e,
    0x0c, 0x86, 0x03, 0x43, 0x0e, 0x10, 0x83, 0x04, 0x51, 0xc3, 0x0e, 0x0c,
    0x41, 0xc6, 0x0e, 0x08, 0x41, 0xc7, 0x0e, 0x04, 0x28, 0x00, 0x00, 0x00,
    0x44, 0x01, 0x00, 0x00, 0x9c, 0xfa, 0xff, 0xff, 0x1a, 0x00, 0x00, 0x00,
    0x00, 0x43, 0x0e, 0x08, 0x87, 0x02, 0x46, 0x0e, 0x0c, 0x86, 0x03, 0x47,
    0x0e, 0x10, 0x83, 0x04, 0x47, 0xc3, 0x0e, 0x0c, 0x41, 0xc6, 0x0e, 0x08,
    0x41, 0xc7, 0x0e, 0x04, 0x28, 0x00, 0x00, 0x00, 0x70, 0x01, 0x00, 0x00,
    0x90, 0xfa, 0xff, 0xff, 0x1a, 0x00, 0x00, 0x00, 0x00, 0x43, 0x0e, 0x08,
    0x87, 0x02, 0x46, 0x0e, 0x0c, 0x86, 0x03, 0x47, 0x0e, 0x10, 0x83, 0x04,
    0x47, 0xc3, 0x0e, 0x0c, 0x41, 0xc6, 0x0e, 0x08, 0x41, 0xc7, 0x0e, 0x04,
    0x28, 0x00, 0x00, 0x00, 0x9c, 0x01, 0x00, 0x00, 0x84, 0xfa, 0xff, 0xff,
    0x1a, 0x00, 0x00, 0x00, 0x00, 0x43, 0x0e, 0x08, 0x87, 0x02, 0x46, 0x0e,
    0x0c, 0x86, 0x03, 0x47, 0x0e, 0x10, 0x83, 0x04, 0x47, 0xc3, 0x0e, 0x0c,
    0x41, 0xc6, 0x0e, 0x08, 0x41, 0xc7, 0x0e, 0x04, 0x28, 0x00, 0x00, 0x00,
    0xc8, 0x01, 0x00, 0x00, 0x78, 0xfa, 0xff, 0xff, 0x1e, 0x00, 0x00, 0x00,
    0x00, 0x41, 0x0e, 0x08, 0x87, 0x02, 0x46, 0x0e, 0x0c, 0x86, 0x03, 0x43,
    0x0e, 0x10, 0x83, 0x04, 0x51, 0xc3, 0x0e, 0x0c, 0x41, 0xc6, 0x0e, 0x08,
    0x41, 0xc7, 0x0e, 0x04, 0x28, 0x00, 0x00, 0x00, 0xf4, 0x01, 0x00, 0x00,
    0x6c, 0xfa, 0xff, 0xff, 0x18, 0x00, 0x00, 0x00, 0x00, 0x41, 0x0e, 0x08,
    0x87, 0x02, 0x46, 0x0e, 0x0c, 0x86, 0x03, 0x41, 0x0e, 0x10, 0x83, 0x04,
    0x4d, 0xc3, 0x0e, 0x0c, 0x41, 0xc6, 0x0e, 0x08, 0x41, 0xc7, 0x0e, 0x04,
    0x28, 0x00, 0x00, 0x00, 0x20, 0x02, 0x00, 0x00, 0x60, 0xfa, 0xff, 0xff,
    0x18, 0x00, 0x00, 0x00, 0x00, 0x41, 0x0e, 0x08, 0x87, 0x02, 0x46, 0x0e,
    0x0c, 0x86, 0x03, 0x41, 0x0e, 0x10, 0x83, 0x04, 0x4d, 0xc3, 0x0e, 0x0c,
    0x41, 0xc6, 0x0e, 0x08, 0x41, 0xc7, 0x0e, 0x04, 0x28, 0x00, 0x00, 0x00,
    0x4c, 0x02, 0x00, 0x00, 0x54, 0xfa, 0xff, 0xff, 0x18, 0x00, 0x00, 0x00,
    0x00, 0x41, 0x0e, 0x08, 0x87, 0x02, 0x46, 0x0e, 0x0c, 0x86, 0x03, 0x41,
    0x0e, 0x10, 0x83, 0x04, 0x4d, 0xc3, 0x0e, 0x0c, 0x41, 0xc6, 0x0e, 0x08,
    0x41, 0xc7, 0x0e, 0x04, 0x28, 0x00, 0x00, 0x00, 0x78, 0x02, 0x00, 0x00,
    0x48, 0xfa, 0xff, 0xff, 0x18, 0x00, 0x00, 0x00, 0x00, 0x41, 0x0e, 0x08,
    0x87, 0x02, 0x46, 0x0e, 0x0c, 0x86, 0x03, 0x41, 0x0e, 0x10, 0x83, 0x04,
    0x4d, 0xc3, 0x0e, 0x0c, 0x41, 0xc6, 0x0e, 0x08, 0x41, 0xc7, 0x0e, 0x04,
    0x28, 0x00, 0x00, 0x00, 0xa4, 0x02, 0x00, 0x00, 0x3c, 0xfa, 0xff, 0xff,
    0x18, 0x00, 0x00, 0x00, 0x00, 0x41, 0x0e, 0x08, 0x87, 0x02, 0x46, 0x0e,
    0x0c, 0x86, 0x03, 0x41, 0x0e, 0x10, 0x83, 0x04, 0x4d, 0xc3, 0x0e, 0x0c,
    0x41, 0xc6, 0x0e, 0x08, 0x41, 0xc7, 0x0e, 0x04, 0x28, 0x00, 0x00, 0x00,
    0xd0, 0x02, 0x00, 0x00, 0x30, 0xfa, 0xff, 0xff, 0x1c, 0x00, 0x00, 0x00,
    0x00, 0x43, 0x0e, 0x08, 0x87, 0x02, 0x46, 0x0e, 0x0c, 0x86, 0x03, 0x45,
    0x0e, 0x10, 0x83, 0x04, 0x4b, 0xc3, 0x0e, 0x0c, 0x41, 0xc6, 0x0e, 0x08,
    0x41, 0xc7, 0x0e, 0x04, 0x1c, 0x00, 0x00, 0x00, 0xfc, 0x02, 0x00, 0x00,
    0x24, 0xfa, 0xff, 0xff, 0x16, 0x00, 0x00, 0x00, 0x00, 0x41, 0x0e, 0x08,
    0x87, 0x02, 0x46, 0x0e, 0x0c, 0x86, 0x03, 0x41, 0x0e, 0x10, 0x83, 0x04,
    0x34, 0x00, 0x00, 0x00, 0x1c, 0x03, 0x00, 0x00, 0x24, 0xfa, 0xff, 0xff,
    0x3e, 0x00, 0x00, 0x00, 0x00, 0x41, 0x0e, 0x08, 0x85, 0x02, 0x46, 0x0e,
    0x0c, 0x87, 0x03, 0x41, 0x0e, 0x10, 0x86, 0x04, 0x41, 0x0e, 0x14, 0x83,
    0x05, 0x71, 0xc3, 0x0e, 0x10, 0x41, 0xc6, 0x0e, 0x0c, 0x41, 0xc7, 0x0e,
    0x08, 0x41, 0xc5, 0x0e, 0x04, 0x00, 0x00, 0x00, 0x28, 0x00, 0x00, 0x00,
    0x54, 0x03, 0x00, 0x00, 0x2c, 0xfa, 0xff, 0xff, 0x18, 0x00, 0x00, 0x00,
    0x00, 0x41, 0x0e, 0x08, 0x87, 0x02, 0x46, 0x0e, 0x0c, 0x86, 0x03, 0x41,
    0x0e, 0x10, 0x83, 0x04, 0x4d, 0xc3, 0x0e, 0x0c, 0x41, 0xc6, 0x0e, 0x08,
    0x41, 0xc7, 0x0e, 0x04, 0x28, 0x00, 0x00, 0x00, 0x80, 0x03, 0x00, 0x00,
    0x20, 0xfa, 0xff, 0xff, 0x18, 0x00, 0x00, 0x00, 0x00, 0x41, 0x0e, 0x08,
    0x87, 0x02, 0x46, 0x0e, 0x0c, 0x86, 0x03, 0x41, 0x0e, 0x10, 0x83, 0x04,
    0x4d, 0xc3, 0x0e, 0x0c, 0x41, 0xc6, 0x0e, 0x08, 0x41, 0xc7, 0x0e, 0x04,
    0x28, 0x00, 0x00, 0x00, 0xac, 0x03, 0x00, 0x00, 0x14, 0xfa, 0xff, 0xff,
    0x1c, 0x00, 0x00, 0x00, 0x00, 0x43, 0x0e, 0x08, 0x87, 0x02, 0x46, 0x0e,
    0x0c, 0x86, 0x03, 0x45, 0x0e, 0x10, 0x83, 0x04, 0x4b, 0xc3, 0x0e, 0x0c,
    0x41, 0xc6, 0x0e, 0x08, 0x41, 0xc7, 0x0e, 0x04, 0x28, 0x00, 0x00, 0x00,
    0xd8, 0x03, 0x00, 0x00, 0x08, 0xfa, 0xff, 0xff, 0x1a, 0x00, 0x00, 0x00,
    0x00, 0x43, 0x0e, 0x08, 0x87, 0x02, 0x46, 0x0e, 0x0c, 0x86, 0x03, 0x47,
    0x0e, 0x10, 0x83, 0x04, 0x47, 0xc3, 0x0e, 0x0c, 0x41, 0xc6, 0x0e, 0x08,
    0x41, 0xc7, 0x0e, 0x04, 0x28, 0x00, 0x00, 0x00, 0x04, 0x04, 0x00, 0x00,
    0xfc, 0xf9, 0xff, 0xff, 0x18, 0x00, 0x00, 0x00, 0x00, 0x41, 0x0e, 0x08,
    0x87, 0x02, 0x46, 0x0e, 0x0c, 0x86, 0x03, 0x41, 0x0e, 0x10, 0x83, 0x04,
    0x4d, 0xc3, 0x0e, 0x0c, 0x41, 0xc6, 0x0e, 0x08, 0x41, 0xc7, 0x0e, 0x04,
    0x28, 0x00, 0x00, 0x00, 0x30, 0x04, 0x00, 0x00, 0xf0, 0xf9, 0xff, 0xff,
    0x18, 0x00, 0x00, 0x00, 0x00, 0x41, 0x0e, 0x08, 0x87, 0x02, 0x46, 0x0e,
    0x0c, 0x86, 0x03, 0x41, 0x0e, 0x10, 0x83, 0x04, 0x4d, 0xc3, 0x0e, 0x0c,
    0x41, 0xc6, 0x0e, 0x08, 0x41, 0xc7, 0x0e, 0x04, 0x28, 0x00, 0x00, 0x00,
    0x5c, 0x04, 0x00, 0x00, 0xe4, 0xf9, 0xff, 0xff, 0x20, 0x00, 0x00, 0x00,
    0x00, 0x41, 0x0e, 0x08, 0x87, 0x02, 0x48, 0x0e, 0x0c, 0x86, 0x03, 0x41,
    0x0e, 0x10, 0x83, 0x04, 0x53, 0xc3, 0x0e, 0x0c, 0x41, 0xc6, 0x0e, 0x08,
    0x41, 0xc7, 0x0e, 0x04, 0x28, 0x00, 0x00, 0x00, 0x88, 0x04, 0x00, 0x00,
    0xd8, 0xf9, 0xff, 0xff, 0x22, 0x00, 0x00, 0x00, 0x00, 0x41, 0x0e, 0x08,
    0x87, 0x02, 0x46, 0x0e, 0x0c, 0x86, 0x03, 0x41, 0x0e, 0x10, 0x83, 0x04,
    0x57, 0xc3, 0x0e, 0x0c, 0x41, 0xc6, 0x0e, 0x08, 0x41, 0xc7, 0x0e, 0x04,
    0x30, 0x00, 0x00, 0x00, 0xb4, 0x04, 0x00, 0x00, 0xdc, 0xf9, 0xff, 0xff,
    0x58, 0x00, 0x00, 0x00, 0x00, 0x41, 0x0e, 0x08, 0x87, 0x02, 0x43, 0x0e,
    0x0c, 0x86, 0x03, 0x47, 0x0e, 0x10, 0x83, 0x04, 0x43, 0x0e, 0x30, 0x02,
    0x46, 0x0e, 0x10, 0x41, 0xc3, 0x0e, 0x0c, 0x41, 0xc6, 0x0e, 0x08, 0x41,
    0xc7, 0x0e, 0x04, 0x00, 0x30, 0x00, 0x00, 0x00, 0xe8, 0x04, 0x00, 0x00,
    0x08, 0xfa, 0xff, 0xff, 0x58, 0x00, 0x00, 0x00, 0x00, 0x41, 0x0e, 0x08,
    0x87, 0x02, 0x43, 0x0e, 0x0c, 0x86, 0x03, 0x47, 0x0e, 0x10, 0x83, 0x04,
    0x43, 0x0e, 0x30, 0x02, 0x46, 0x0e, 0x10, 0x41, 0xc3, 0x0e, 0x0c, 0x41,
    0xc6, 0x0e, 0x08, 0x41, 0xc7, 0x0e, 0x04, 0x00, 0x28, 0x00, 0x00, 0x00,
    0x1c, 0x05, 0x00, 0x00, 0x34, 0xfa, 0xff, 0xff, 0x1a, 0x00, 0x00, 0x00,
    0x00, 0x43, 0x0e, 0x08, 0x87, 0x02, 0x46, 0x0e, 0x0c, 0x86, 0x03, 0x47,
    0x0e, 0x10, 0x83, 0x04, 0x47, 0xc3, 0x0e, 0x0c, 0x41, 0xc6, 0x0e, 0x08,
    0x41, 0xc7, 0x0e, 0x04, 0x28, 0x00, 0x00, 0x00, 0x48, 0x05, 0x00, 0x00,
    0x28, 0xfa, 0xff, 0xff, 0x1e, 0x00, 0x00, 0x00, 0x00, 0x41, 0x0e, 0x08,
    0x87, 0x02, 0x46, 0x0e, 0x0c, 0x86, 0x03, 0x43, 0x0e, 0x10, 0x83, 0x04,
    0x51, 0xc3, 0x0e, 0x0c, 0x41, 0xc6, 0x0e, 0x08, 0x41, 0xc7, 0x0e, 0x04,
    0x10, 0x00, 0x00, 0x00, 0x74, 0x05, 0x00, 0x00, 0x1c, 0xfa, 0xff, 0xff,
    0x2d, 0x00, 0x00, 0x00, 0x00, 0x00, 0x00, 0x00, 0x10, 0x00, 0x00, 0x00,
    0x88, 0x05, 0x00, 0x00, 0x38, 0xfa, 0xff, 0xff, 0x01, 0x00, 0x00, 0x00,
    0x00, 0x00, 0x00, 0x00, 0x28, 0x00, 0x00, 0x00, 0x9c, 0x05, 0x00, 0x00,
    0x34, 0xfa, 0xff, 0xff, 0x2b, 0x00, 0x00, 0x00, 0x00, 0x44, 0x0c, 0x01,
    0x00, 0x49, 0x10, 0x05, 0x02, 0x75, 0x00, 0x41, 0x0f, 0x03, 0x75, 0x7c,
    0x06, 0x55, 0x0c, 0x01, 0x00, 0x44, 0xc5, 0x43, 0x0c, 0x04, 0x04, 0x00,
    0x0a, 0x52, 0x65, 0x62, 0x6f, 0x6f, 0x74, 0x69, 0x6e, 0x67, 0x2e, 0x2e,
    0x2e, 0x00, 0x00, 0x00, 0x00, 0x00, 0x10, 0x01, 0x47, 0x43, 0x43, 0x3a,
    0x20, 0x28, 0x55, 0x62, 0x75, 0x6e, 0x74, 0x75, 0x20, 0x31, 0x35, 0x2e,
    0x32, 0x2e, 0x30, 0x2d, 0x31, 0x36, 0x75, 0x62, 0x75, 0x6e, 0x74, 0x75,
    0x31, 0x29, 0x20, 0x31, 0x35, 0x2e, 0x32, 0x2e, 0x30, 0x00, 0x00, 0x00,
    0x00, 0x00, 0x00, 0x00, 0x00, 0x00, 0x00, 0x00, 0x00, 0x00, 0x00, 0x00,
    0x00, 0x00, 0x00, 0x00, 0x01, 0x00, 0x00, 0x00, 0x00, 0x00, 0x00, 0x00,
    0x00, 0x00, 0x00, 0x00, 0x04, 0x00, 0xf1, 0xff, 0x0a, 0x00, 0x00, 0x00,
    0xd0, 0x0a, 0x00, 0x01, 0x04, 0x00, 0x00, 0x00, 0x01, 0x00, 0x05, 0x00,
    0x14, 0x00, 0x00, 0x00, 0x00, 0x00, 0x00, 0x00, 0x00, 0x00, 0x00, 0x00,
    0x04, 0x00, 0xf1, 0xff, 0x1d, 0x00, 0x00, 0x00, 0x80, 0x00, 0x00, 0x01,
    0x1b, 0x00, 0x00, 0x00, 0x12, 0x00, 0x01, 0x00, 0x25, 0x00, 0x00, 0x00,
    0x50, 0x04, 0x00, 0x01, 0x1a, 0x00, 0x00, 0x00, 0x12, 0x00, 0x01, 0x00,
    0x30, 0x00, 0x00, 0x00, 0x80, 0x02, 0x00, 0x01, 0x18, 0x00, 0x00, 0x00,
    0x12, 0x00, 0x01, 0x00, 0x36, 0x00, 0x00, 0x00, 0x20, 0x00, 0x00, 0x01,
    0x17, 0x00, 0x00, 0x00, 0x12, 0x00, 0x01, 0x00, 0x3c, 0x00, 0x00, 0x00,
    0x00, 0x01, 0x00, 0x01, 0x1a, 0x00, 0x00, 0x00, 0x12, 0x00, 0x01, 0x00,
    0x48, 0x00, 0x00, 0x00, 0xa0, 0x02, 0x00, 0x01, 0x18, 0x00, 0x00, 0x00,
    0x12, 0x00, 0x01, 0x00, 0x4f, 0x00, 0x00, 0x00, 0x00, 0x02, 0x00, 0x01,
    0x1c, 0x00, 0x00, 0x00, 0x12, 0x00, 0x01, 0x00, 0x58, 0x00, 0x00, 0x00,
    0x90, 0x04, 0x00, 0x01, 0x2d, 0x00, 0x00, 0x00, 0x12, 0x00, 0x01, 0x00,
    0x5f, 0x00, 0x00, 0x00, 0xc0, 0x02, 0x00, 0x01, 0x1c, 0x00, 0x00, 0x00,
    0x12, 0x00, 0x01, 0x00, 0x68, 0x00, 0x00, 0x00, 0x60, 0x00, 0x00, 0x01,
    0x1a, 0x00, 0x00, 0x00, 0x12, 0x00, 0x01, 0x00, 0x72, 0x00, 0x00, 0x00,
    0x00, 0x03, 0x00, 0x01, 0x18, 0x00, 0x00, 0x00, 0x12, 0x00, 0x01, 0x00,
    0x82, 0x00, 0x00, 0x00, 0x70, 0x04, 0x00, 0x01, 0x1e, 0x00, 0x00, 0x00,
    0x12, 0x00, 0x01, 0x00, 0x88, 0x00, 0x00, 0x00, 0x40, 0x01, 0x00, 0x01,
    0x1e, 0x00, 0x00, 0x00, 0x12, 0x00, 0x01, 0x00, 0x94, 0x00, 0x00, 0x00,
    0xf0, 0x03, 0x00, 0x01, 0x58, 0x00, 0x00, 0x00, 0x12, 0x00, 0x01, 0x00,
    0x9e, 0x00, 0x00, 0x00, 0x60, 0x01, 0x00, 0x01, 0x18, 0x00, 0x00, 0x00,
    0x12, 0x00, 0x01, 0x00, 0xa7, 0x00, 0x00, 0x00, 0xa0, 0x01, 0x00, 0x01,
    0x18, 0x00, 0x00, 0x00, 0x12, 0x00, 0x01, 0x00, 0xae, 0x00, 0x00, 0x00,
    0x00, 0x00, 0x00, 0x01, 0x1b, 0x00, 0x00, 0x00, 0x12, 0x00, 0x01, 0x00,
    0xb5, 0x00, 0x00, 0x00, 0xc0, 0x00, 0x00, 0x01, 0x1e, 0x00, 0x00, 0x00,
    0x12, 0x00, 0x01, 0x00, 0xbd, 0x00, 0x00, 0x00, 0xe0, 0x02, 0x00, 0x01,
    0x1a, 0x00, 0x00, 0x00, 0x12, 0x00, 0x01, 0x00, 0xc6, 0x00, 0x00, 0x00,
    0xc0, 0x01, 0x00, 0x01, 0x18, 0x00, 0x00, 0x00, 0x12, 0x00, 0x01, 0x00,
    0xcc, 0x00, 0x00, 0x00, 0x90, 0x03, 0x00, 0x01, 0x58, 0x00, 0x00, 0x00,
    0x12, 0x00, 0x01, 0x00, 0xd8, 0x00, 0x00, 0x00, 0x40, 0x02, 0x00, 0x01,
    0x3e, 0x00, 0x00, 0x00, 0x12, 0x00, 0x01, 0x00, 0xe1, 0x00, 0x00, 0x00,
    0x40, 0x03, 0x00, 0x01, 0x20, 0x00, 0x00, 0x00, 0x12, 0x00, 0x01, 0x00,
    0xeb, 0x00, 0x00, 0x00, 0xd0, 0x04, 0x00, 0x01, 0x2b, 0x00, 0x00, 0x00,
    0x12, 0x00, 0x02, 0x00, 0xf0, 0x00, 0x00, 0x00, 0x40, 0x00, 0x00, 0x01,
    0x1a, 0x00, 0x00, 0x00, 0x12, 0x00, 0x01, 0x00, 0xfa, 0x00, 0x00, 0x00,
    0xe0, 0x01, 0x00, 0x01, 0x18, 0x00, 0x00, 0x00, 0x12, 0x00, 0x01, 0x00,
    0x03, 0x01, 0x00, 0x00, 0xa0, 0x00, 0x00, 0x01, 0x1e, 0x00, 0x00, 0x00,
    0x12, 0x00, 0x01, 0x00, 0x0c, 0x01, 0x00, 0x00, 0x20, 0x03, 0x00, 0x01,
    0x18, 0x00, 0x00, 0x00, 0x12, 0x00, 0x01, 0x00, 0x1a, 0x01, 0x00, 0x00,
    0x20, 0x01, 0x00, 0x01, 0x1a, 0x00, 0x00, 0x00, 0x12, 0x00, 0x01, 0x00,
    0x24, 0x01, 0x00, 0x00, 0xe0, 0x00, 0x00, 0x01, 0x1a, 0x00, 0x00, 0x00,
    0x12, 0x00, 0x01, 0x00, 0x2e, 0x01, 0x00, 0x00, 0x60, 0x03, 0x00, 0x01,
    0x22, 0x00, 0x00, 0x00, 0x12, 0x00, 0x01, 0x00, 0x3a, 0x01, 0x00, 0x00,
    0x20, 0x02, 0x00, 0x01, 0x16, 0x00, 0x00, 0x00, 0x12, 0x00, 0x01, 0x00,
    0x3f, 0x01, 0x00, 0x00, 0x80, 0x01, 0x00, 0x01, 0x18, 0x00, 0x00, 0x00,
    0x12, 0x00, 0x01, 0x00, 0x4c, 0x01, 0x00, 0x00, 0xc0, 0x04, 0x00, 0x01,
    0x01, 0x00, 0x00, 0x00, 0x12, 0x00, 0x01, 0x00, 0x00, 0x6c, 0x69, 0x62,
    0x61, 0x6f, 0x73, 0x2e, 0x63, 0x00, 0x68, 0x65, 0x61, 0x70, 0x5f, 0x6e,
    0x65, 0x78, 0x74, 0x00, 0x72, 0x65, 0x62, 0x6f, 0x6f, 0x74, 0x2e, 0x63,
    0x00, 0x70, 0x75, 0x74, 0x63, 0x68, 0x61, 0x72, 0x00, 0x73, 0x65, 0x74,
    0x5f, 0x73, 0x74, 0x64, 0x6f, 0x75, 0x74, 0x00, 0x79, 0x69, 0x65, 0x6c,
    0x64, 0x00, 0x70, 0x72, 0x69, 0x6e, 0x74, 0x00, 0x66, 0x73, 0x5f, 0x67,
    0x65, 0x74, 0x5f, 0x73, 0x69, 0x7a, 0x65, 0x00, 0x67, 0x65, 0x74, 0x70,
    0x69, 0x64, 0x00, 0x67, 0x65, 0x74, 0x5f, 0x61, 0x72, 0x67, 0x73, 0x00,
    0x6d, 0x61, 0x6c, 0x6c, 0x6f, 0x63, 0x00, 0x73, 0x65, 0x6e, 0x64, 0x5f,
    0x6d, 0x73, 0x67, 0x00, 0x70, 0x72, 0x69, 0x6e, 0x74, 0x5f, 0x64, 0x65,
    0x63, 0x00, 0x72, 0x65, 0x67, 0x69, 0x73, 0x74, 0x65, 0x72, 0x5f, 0x65,
    0x76, 0x65, 0x6e, 0x74, 0x73, 0x00, 0x73, 0x70, 0x61, 0x77, 0x6e, 0x00,
    0x66, 0x73, 0x5f, 0x6c, 0x69, 0x73, 0x74, 0x5f, 0x67, 0x65, 0x74, 0x00,
    0x66, 0x69, 0x6c, 0x6c, 0x5f, 0x72, 0x65, 0x63, 0x74, 0x00, 0x67, 0x65,
    0x74, 0x5f, 0x74, 0x69, 0x63, 0x6b, 0x00, 0x72, 0x65, 0x62, 0x6f, 0x6f,
    0x74, 0x00, 0x5f, 0x73, 0x74, 0x61, 0x72, 0x74, 0x00, 0x66, 0x73, 0x5f,
    0x72, 0x65, 0x61, 0x64, 0x00, 0x72, 0x65, 0x63, 0x76, 0x5f, 0x6d, 0x73,
    0x67, 0x00, 0x70, 0x61, 0x6e, 0x69, 0x63, 0x00, 0x72, 0x65, 0x6e, 0x64,
    0x65, 0x72, 0x5f, 0x74, 0x65, 0x78, 0x74, 0x00, 0x72, 0x65, 0x61, 0x64,
    0x5f, 0x6b, 0x65, 0x79, 0x00, 0x67, 0x65, 0x74, 0x5f, 0x6d, 0x6f, 0x75,
    0x73, 0x65, 0x00, 0x6d, 0x61, 0x69, 0x6e, 0x00, 0x70, 0x72, 0x69, 0x6e,
    0x74, 0x5f, 0x68, 0x65, 0x78, 0x00, 0x73, 0x68, 0x75, 0x74, 0x64, 0x6f,
    0x77, 0x6e, 0x00, 0x66, 0x73, 0x5f, 0x77, 0x72, 0x69, 0x74, 0x65, 0x00,
    0x67, 0x65, 0x74, 0x5f, 0x65, 0x76, 0x65, 0x6e, 0x74, 0x5f, 0x70, 0x69,
    0x64, 0x00, 0x66, 0x73, 0x5f, 0x65, 0x78, 0x69, 0x73, 0x74, 0x73, 0x00,
    0x66, 0x73, 0x5f, 0x64, 0x65, 0x6c, 0x65, 0x74, 0x65, 0x00, 0x67, 0x65,
    0x74, 0x5f, 0x66, 0x62, 0x5f, 0x69, 0x6e, 0x66, 0x6f, 0x00, 0x65, 0x78,
    0x69, 0x74, 0x00, 0x63, 0x6c, 0x65, 0x61, 0x72, 0x5f, 0x73, 0x63, 0x72,
    0x65, 0x65, 0x6e, 0x00, 0x66, 0x72, 0x65, 0x65, 0x00, 0x00, 0x2e, 0x73,
    0x79, 0x6d, 0x74, 0x61, 0x62, 0x00, 0x2e, 0x73, 0x74, 0x72, 0x74, 0x61,
    0x62, 0x00, 0x2e, 0x73, 0x68, 0x73, 0x74, 0x72, 0x74, 0x61, 0x62, 0x00,
    0x2e, 0x74, 0x65, 0x78, 0x74, 0x00, 0x2e, 0x74, 0x65, 0x78, 0x74, 0x2e,
    0x73, 0x74, 0x61, 0x72, 0x74, 0x75, 0x70, 0x00, 0x2e, 0x65, 0x68, 0x5f,
    0x66, 0x72, 0x61, 0x6d, 0x65, 0x00, 0x2e, 0x72, 0x6f, 0x64, 0x61, 0x74,
    0x61, 0x2e, 0x73, 0x74, 0x72, 0x31, 0x2e, 0x31, 0x00, 0x2e, 0x64, 0x61,
    0x74, 0x61, 0x00, 0x2e, 0x63, 0x6f, 0x6d, 0x6d, 0x65, 0x6e, 0x74, 0x00,
    0x00, 0x00, 0x00, 0x00, 0x00, 0x00, 0x00, 0x00, 0x00, 0x00, 0x00, 0x00,
    0x00, 0x00, 0x00, 0x00, 0x00, 0x00, 0x00, 0x00, 0x00, 0x00, 0x00, 0x00,
    0x00, 0x00, 0x00, 0x00, 0x00, 0x00, 0x00, 0x00, 0x00, 0x00, 0x00, 0x00,
    0x00, 0x00, 0x00, 0x00, 0x1b, 0x00, 0x00, 0x00, 0x01, 0x00, 0x00, 0x00,
    0x06, 0x00, 0x00, 0x00, 0x00, 0x00, 0x00, 0x01, 0x80, 0x00, 0x00, 0x00,
    0xc1, 0x04, 0x00, 0x00, 0x00, 0x00, 0x00, 0x00, 0x00, 0x00, 0x00, 0x00,
    0x10, 0x00, 0x00, 0x00, 0x00, 0x00, 0x00, 0x00, 0x21, 0x00, 0x00, 0x00,
    0x01, 0x00, 0x00, 0x00, 0x06, 0x00, 0x00, 0x00, 0xd0, 0x04, 0x00, 0x01,
    0x50, 0x05, 0x00, 0x00, 0x2b, 0x00, 0x00, 0x00, 0x00, 0x00, 0x00, 0x00,
    0x00, 0x00, 0x00, 0x00, 0x10, 0x00, 0x00, 0x00, 0x00, 0x00, 0x00, 0x00,
    0x2f, 0x00, 0x00, 0x00, 0x01, 0x00, 0x00, 0x00, 0x02, 0x00, 0x00, 0x00,
    0xfc, 0x04, 0x00, 0x01, 0x7c, 0x05, 0x00, 0x00, 0xc4, 0x05, 0x00, 0x00,
    0x00, 0x00, 0x00, 0x00, 0x00, 0x00, 0x00, 0x00, 0x04, 0x00, 0x00, 0x00,
    0x00, 0x00, 0x00, 0x00, 0x39, 0x00, 0x00, 0x00, 0x01, 0x00, 0x00, 0x00,
    0x32, 0x00, 0x00, 0x00, 0xc0, 0x0a, 0x00, 0x01, 0x40, 0x0b, 0x00, 0x00,
    0x0e, 0x00, 0x00, 0x00, 0x00, 0x00, 0x00, 0x00, 0x00, 0x00, 0x00, 0x00,
    0x01, 0x00, 0x00, 0x00, 0x01, 0x00, 0x00, 0x00, 0x48, 0x00, 0x00, 0x00,
    0x01, 0x00, 0x00, 0x00, 0x03, 0x00, 0x00, 0x00, 0xd0, 0x0a, 0x00, 0x01,
    0x50, 0x0b, 0x00, 0x00, 0x04, 0x00, 0x00, 0x00, 0x00, 0x00, 0x00, 0x00,
    0x00, 0x00, 0x00, 0x00, 0x04, 0x00, 0x00, 0x00, 0x00, 0x00, 0x00, 0x00,
    0x4e, 0x00, 0x00, 0x00, 0x01, 0x00, 0x00, 0x00, 0x30, 0x00, 0x00, 0x00,
    0x00, 0x00, 0x00, 0x00, 0x54, 0x0b, 0x00, 0x00, 0x26, 0x00, 0x00, 0x00,
    0x00, 0x00, 0x00, 0x00, 0x00, 0x00, 0x00, 0x00, 0x01, 0x00, 0x00, 0x00,
    0x01, 0x00, 0x00, 0x00, 0x01, 0x00, 0x00, 0x00, 0x02, 0x00, 0x00, 0x00,
    0x00, 0x00, 0x00, 0x00, 0x00, 0x00, 0x00, 0x00, 0x7c, 0x0b, 0x00, 0x00,
    0x60, 0x02, 0x00, 0x00, 0x08, 0x00, 0x00, 0x00, 0x04, 0x00, 0x00, 0x00,
    0x04, 0x00, 0x00, 0x00, 0x10, 0x00, 0x00, 0x00, 0x09, 0x00, 0x00, 0x00,
    0x03, 0x00, 0x00, 0x00, 0x00, 0x00, 0x00, 0x00, 0x00, 0x00, 0x00, 0x00,
    0xdc, 0x0d, 0x00, 0x00, 0x51, 0x01, 0x00, 0x00, 0x00, 0x00, 0x00, 0x00,
    0x00, 0x00, 0x00, 0x00, 0x01, 0x00, 0x00, 0x00, 0x00, 0x00, 0x00, 0x00,
    0x11, 0x00, 0x00, 0x00, 0x03, 0x00, 0x00, 0x00, 0x00, 0x00, 0x00, 0x00,
    0x00, 0x00, 0x00, 0x00, 0x2d, 0x0f, 0x00, 0x00, 0x57, 0x00, 0x00, 0x00,
    0x00, 0x00, 0x00, 0x00, 0x00, 0x00, 0x00, 0x00, 0x01, 0x00, 0x00, 0x00,
    0x00, 0x00, 0x00, 0x00,
};

static const unsigned char prog_panic_elf[] = {
    0x7f, 0x45, 0x4c, 0x46, 0x01, 0x01, 0x01, 0x00, 0x00, 0x00, 0x00, 0x00,
    0x00, 0x00, 0x00, 0x00, 0x02, 0x00, 0x03, 0x00, 0x01, 0x00, 0x00, 0x00,
    0x00, 0x00, 0x00, 0x01, 0x34, 0x00, 0x00, 0x00, 0x90, 0x0f, 0x00, 0x00,
    0x00, 0x00, 0x00, 0x00, 0x34, 0x00, 0x20, 0x00, 0x02, 0x00, 0x28, 0x00,
    0x0a, 0x00, 0x09, 0x00, 0x01, 0x00, 0x00, 0x00, 0x80, 0x00, 0x00, 0x00,
    0x00, 0x00, 0x00, 0x01, 0x00, 0x00, 0x00, 0x01, 0xe0, 0x0a, 0x00, 0x00,
    0xe0, 0x0a, 0x00, 0x00, 0x07, 0x00, 0x00, 0x00, 0x10, 0x00, 0x00, 0x00,
    0x51, 0xe5, 0x74, 0x64, 0x00, 0x00, 0x00, 0x00, 0x00, 0x00, 0x00, 0x00,
    0x00, 0x00, 0x00, 0x00, 0x00, 0x00, 0x00, 0x00, 0x00, 0x00, 0x00, 0x00,
    0x06, 0x00, 0x00, 0x00, 0x10, 0x00, 0x00, 0x00, 0x00, 0x00, 0x00, 0x00,
    0x00, 0x00, 0x00, 0x00, 0x00, 0x00, 0x00, 0x00, 0x57, 0x56, 0x53, 0x31,
    0xdb, 0x89, 0xde, 0x89, 0xdf, 0xe8, 0xc2, 0x04, 0x00, 0x00, 0xb8, 0x10,
    0x00, 0x00, 0x00, 0x89, 0xd9, 0x89, 0xda, 0xcd, 0x80, 0xeb, 0xfe, 0x2e,
    0x8d, 0x74, 0x26, 0x00, 0x31, 0xc0, 0x57, 0x89, 0xc1, 0x56, 0x89, 0xc2,
    0x89, 0xc6, 0x53, 0x89, 0xc7, 0x8b, 0x5c, 0x24, 0x10, 0xcd, 0x80, 0x5b,
    0x5e, 0x5f, 0xc3, 0x90, 0x2e, 0x8d, 0xb4, 0x26, 0x00, 0x00, 0x00, 0x00,
    0x31, 0xc9, 0x57, 0xb8, 0x01, 0x00, 0x00, 0x00, 0x56, 0x89, 0xca, 0x89,
    0xce, 0x89, 0xcf, 0x53, 0x8b, 0x5c, 0x24, 0x10, 0xcd, 0x80, 0x5b, 0x5e,
    0x5f, 0xc3, 0x8d, 0xb6, 0x00, 0x00, 0x00, 0x00, 0x31, 0xc9, 0x57, 0xb8,
    0x02, 0x00, 0x00, 0x00, 0x56, 0x89, 0xca, 0x89, 0xce, 0x89, 0xcf, 0x53,
    0x8b, 0x5c, 0x24, 0x10, 0xcd, 0x80, 0x5b, 0x5e, 0x5f, 0xc3, 0x8d, 0xb6,
    0x00, 0x00, 0x00, 0x00, 0x31, 0xc9, 0x57, 0xb8, 0x03, 0x00, 0x00, 0x00,
    0x56, 0x89, 0xca, 0x89, 0xce, 0x89, 0xcf, 0x53, 0x0f, 0xbe, 0x5c, 0x24,
    0x10, 0xcd, 0x80, 0x5b, 0x5e, 0x5f, 0xc3, 0x2e, 0x8d, 0x74, 0x26, 0x00,
    0x57, 0xb8, 0x04, 0x00, 0x00, 0x00, 0x56, 0x31, 0xf6, 0x53, 0x89, 0xf7,
    0x8b, 0x4c, 0x24, 0x14, 0x8b, 0x54, 0x24, 0x18, 0x8b, 0x5c, 0x24, 0x10,
    0xcd, 0x80, 0x5b, 0x5e, 0x5f, 0xc3, 0x66, 0x90, 0x57, 0xb8, 0x05, 0x00,
    0x00, 0x00, 0x56, 0x31, 0xf6, 0x53, 0x89, 0xf7, 0x8b, 0x4c, 0x24, 0x14,
    0x8b, 0x54, 0x24, 0x18, 0x8b, 0x5c, 0x24, 0x10, 0xcd, 0x80, 0x5b, 0x5e,
    0x5f, 0xc3, 0x66, 0x90, 0x31, 0xc9, 0x57, 0xb8, 0x06, 0x00, 0x00, 0x00,
    0x56, 0x89, 0xca, 0x89, 0xce, 0x89, 0xcf, 0x53, 0x8b, 0x5c, 0x24, 0x10,
    0xcd, 0x80, 0x5b, 0x5e, 0x5f, 0xc3, 0x8d, 0xb6, 0x00, 0x00, 0x00, 0x00,
    0x31, 0xc9, 0x57, 0xb8, 0x07, 0x00, 0x00, 0x00, 0x56, 0x89, 0xca, 0x89,
    0xce, 0x89, 0xcf, 0x53, 0x8b, 0x5c, 0x24, 0x10, 0xcd, 0x80, 0x5b, 0x5e,
    0x5f, 0xc3, 0x8d, 0xb6, 0x00, 0x00, 0x00, 0x00, 0x31, 0xc9, 0x57, 0xb8,
    0x08, 0x00, 0x00, 0x00, 0x56, 0x89, 0xca, 0x89, 0xce, 0x89, 0xcf, 0x53,
    0x8b, 0x5c, 0x24, 0x10, 0xcd, 0x80, 0x5b, 0x5e, 0x5f, 0xc3, 0x8d, 0xb6,
    0x00, 0x00, 0x00, 0x00, 0x57, 0xb8, 0x09, 0x00, 0x00, 0x00, 0x56, 0x31,
    0xf6, 0x53, 0x89, 0xf7, 0x8b, 0x4c, 0x24, 0x14, 0x8b, 0x54, 0x24, 0x18,
    0x8b, 0x5c, 0x24, 0x10, 0xcd, 0x80, 0x5b, 0x5e, 0x5f, 0xc3, 0x66, 0x90,
    0x57, 0xb8, 0x0a, 0x00, 0x00, 0x00, 0x56, 0x53, 0x31, 0xdb, 0x89, 0xd9,
    0x89, 0xda, 0x89, 0xde, 0x89, 0xdf, 0xcd, 0x80, 0x5b, 0x5e, 0x5f, 0xc3,
    0x2e, 0x8d, 0xb4, 0x26, 0x00, 0x00, 0x00, 0x00, 0x57, 0xb8, 0x0b, 0x00,
    0x00, 0x00, 0x56, 0x53, 0x31, 0xdb, 0x89, 0xd9, 0x89, 0xda, 0x89, 0xde,
    0x89, 0xdf, 0xcd, 0x80, 0x5b, 0x5e, 0x5f, 0xc3, 0x2e, 0x8d, 0xb4, 0x26,
    0x00, 0x00, 0x00, 0x00, 0x57, 0xb8, 0x0c, 0x00, 0x00, 0x00, 0x56, 0x53,
    0x31, 0xdb, 0x89, 0xd9, 0x89, 0xda, 0x89, 0xde, 0x89, 0xdf, 0xcd, 0x80,
    0x5b, 0x5e, 0x5f, 0xc3, 0x2e, 0x8d, 0xb4, 0x26, 0x00, 0x00, 0x00, 0x00,
    0x57, 0xb8, 0x0d, 0x00, 0x00, 0x00, 0x56, 0x53, 0x31, 0xdb, 0x89, 0xd9,
    0x89, 0xda, 0x89, 0xde, 0x89, 0xdf, 0xcd, 0x80, 0x5b, 0x5e, 0x5f, 0xc3,
    0x2e, 0x8d, 0xb4, 0x26, 0x00, 0x00, 0x00, 0x00, 0x57, 0xb8, 0x0e, 0x00,
    0x00, 0x00, 0x56, 0x53, 0x31, 0xdb, 0x89, 0xd9, 0x89, 0xda, 0x89, 0xde,
    0x89, 0xdf, 0xcd, 0x80, 0x5b, 0x5e, 0x5f, 0xc3, 0x2e, 0x8d, 0xb4, 0x26,
    0x00, 0x00, 0x00, 0x00, 0x31, 0xd2, 0x57, 0xb8, 0x0f, 0x00, 0x00, 0x00,
    0x56, 0x89, 0xd7, 0x89, 0xd6, 0x53, 0x8b, 0x4c, 0x24, 0x14, 0x8b, 0x5c,
    0x24, 0x10, 0xcd, 0x80, 0x5b, 0x5e, 0x5f, 0xc3, 0x8d, 0x74, 0x26, 0x00,
    0x57, 0xb8, 0x10, 0x00, 0x00, 0x00, 0x56, 0x53, 0x31, 0xdb, 0x89, 0xd9,
    0x89, 0xda, 0x89, 0xde, 0x89, 0xdf, 0xcd, 0x80, 0xeb, 0xfe, 0x66, 0x90,
    0x2e, 0x8d, 0xb4, 0x26, 0x00, 0x00, 0x00, 0x00, 0x55, 0xb8, 0x11, 0x00,
    0x00, 0x00, 0x57, 0x56, 0x53, 0x31, 0xdb, 0x89, 0xd9, 0x89, 0xda, 0x89,
    0xde, 0x89, 0xdf, 0xcd, 0x80, 0x85, 0xc0, 0x79, 0x20, 0xbd, 0x12, 0x00,
    0x00, 0x00, 0x66, 0x90, 0x31, 0xdb, 0x89, 0xe8, 0x89, 0xd9, 0x89, 0xda,
    0x89, 0xde, 0x89, 0xdf, 0xcd, 0x80, 0xb8, 0x11, 0x00, 0x00, 0x00, 0xcd,
    0x80, 0x85, 0xc0, 0x78, 0xe7, 0x5b, 0x5e, 0x5f, 0x5d, 0xc3, 0x66, 0x90,
    0x57, 0xb8, 0x12, 0x00, 0x00, 0x00, 0x56, 0x53, 0x31, 0xdb, 0x89, 0xd9,
    0x89, 0xda, 0x89, 0xde, 0x89, 0xdf, 0xcd, 0x80, 0x5b, 0x5e, 0x5f, 0xc3,
    0x2e, 0x8d, 0xb4, 0x26, 0x00, 0x00, 0x00, 0x00, 0x57, 0xb8, 0x13, 0x00,
    0x00, 0x00, 0x56, 0x53, 0x31, 0xdb, 0x89, 0xd9, 0x89, 0xda, 0x89, 0xde,
    0x89, 0xdf, 0xcd, 0x80, 0x5b, 0x5e, 0x5f, 0xc3, 0x2e, 0x8d, 0xb4, 0x26,
    0x00, 0x00, 0x00, 0x00, 0x31, 0xd2, 0x57, 0xb8, 0x14, 0x00, 0x00, 0x00,
    0x56, 0x89, 0xd7, 0x89, 0xd6, 0x53, 0x8b, 0x4c, 0x24, 0x14, 0x8b, 0x5c,
    0x24, 0x10, 0xcd, 0x80, 0x5b, 0x5e, 0x5f, 0xc3, 0x8d, 0x74, 0x26, 0x00,
    0x31, 0xc9, 0x57, 0xb8, 0x15, 0x00, 0x00, 0x00, 0x56, 0x89, 0xca, 0x89,
    0xce, 0x89, 0xcf, 0x53, 0x8b, 0x5c, 0x24, 0x10, 0xcd, 0x80, 0x5b, 0x5e,
    0x5f, 0xc3, 0x8d, 0xb6, 0x00, 0x00, 0x00, 0x00, 0x57, 0xb8, 0x16, 0x00,
    0x00, 0x00, 0x56, 0x53, 0x31, 0xdb, 0x89, 0xd9, 0x89, 0xda, 0x89, 0xde,
    0x89, 0xdf, 0xcd, 0x80, 0x5b, 0x5e, 0x5f, 0xc3, 0x2e, 0x8d, 0xb4, 0x26,
    0x00, 0x00, 0x00, 0x00, 0x57, 0xb8, 0x1d, 0x00, 0x00, 0x00, 0x56, 0x53,
    0x31, 0xdb, 0x89, 0xd9, 0x89, 0xda, 0x89, 0xde, 0x89, 0xdf, 0xcd, 0x80,
    0x5b, 0x5e, 0x5f, 0xc3, 0x2e, 0x8d, 0xb4, 0x26, 0x00, 0x00, 0x00, 0x00,
    0x57, 0xb8, 0x17, 0x00, 0x00, 0x00, 0x31, 0xff, 0x56, 0x53, 0x8b, 0x4c,
    0x24, 0x14, 0x8b, 0x54, 0x24, 0x18, 0x8b, 0x5c, 0x24, 0x10, 0x8b, 0x74,
    0x24, 0x1c, 0xcd, 0x80, 0x5b, 0x5e, 0x5f, 0xc3, 0x57, 0xb8, 0x18, 0x00,
    0x00, 0x00, 0x56, 0x53, 0x8b, 0x4c, 0x24, 0x14, 0x8b, 0x54, 0x24, 0x18,
    0x8b, 0x5c, 0x24, 0x10, 0x8b, 0x74, 0x24, 0x1c, 0x8b, 0x7c, 0x24, 0x20,
    0xcd, 0x80, 0x5b, 0x5e, 0x5f, 0xc3, 0x8d, 0xb6, 0x00, 0x00, 0x00, 0x00,
    0x2e, 0x8d, 0xb4, 0x26, 0x00, 0x00, 0x00, 0x00, 0x57, 0x31, 0xc9, 0x56,
    0x89, 0xca, 0x89, 0xce, 0x89, 0xcf, 0x53, 0x83, 0xec, 0x20, 0x8b, 0x44,
    0x24, 0x30, 0x8d, 0x5c, 0x24, 0x04, 0x89, 0x44, 0x24, 0x04, 0x8b, 0x44,
    0x24, 0x34, 0x89, 0x44, 0x24, 0x08, 0x8b, 0x44, 0x24, 0x38, 0x89, 0x44,
    0x24, 0x0c, 0x8b, 0x44, 0x24, 0x3c, 0x89, 0x44, 0x24, 0x10, 0x8b, 0x44,
    0x24, 0x40, 0x89, 0x44, 0x24, 0x14, 0x8b, 0x44, 0x24, 0x44, 0x89, 0x44,
    0x24, 0x18, 0x8b, 0x44, 0x24, 0x48, 0x89, 0x44, 0x24, 0x1c, 0xb8, 0x19,
    0x00, 0x00, 0x00, 0xcd, 0x80, 0x83, 0xc4, 0x20, 0x5b, 0x5e, 0x5f, 0xc3,
    0x2e, 0x8d, 0xb4, 0x26, 0x00, 0x00, 0x00, 0x00, 0x57, 0x31, 0xc9, 0x56,
    0x89, 0xca, 0x89, 0xce, 0x89, 0xcf, 0x53, 0x83, 0xec, 0x20, 0x8b, 0x44,
    0x24, 0x30, 0x8d, 0x5c, 0x24, 0x04, 0x89, 0x44, 0x24, 0x04, 0x8b, 0x44,
    0x24, 0x34, 0x89, 0x44, 0x24, 0x08, 0x8b, 0x44, 0x24, 0x38, 0x89, 0x44,
    0x24, 0x0c, 0x8b, 0x44, 0x24, 0x3c, 0x89, 0x44, 0x24, 0x10, 0x8b, 0x44,
    0x24, 0x40, 0x89, 0x44, 0x24, 0x14, 0x8b, 0x44, 0x24, 0x44, 0x89, 0x44,
    0x24, 0x18, 0x8b, 0x44, 0x24, 0x48, 0x89, 0x44, 0x24, 0x1c, 0xb8, 0x1a,
    0x00, 0x00, 0x00, 0xcd, 0x80, 0x83, 0xc4, 0x20, 0x5b, 0x5e, 0x5f, 0xc3,
    0x2e, 0x8d, 0xb4, 0x26, 0x00, 0x00, 0x00, 0x00, 0x31, 0xc9, 0x57, 0xb8,
    0x1b, 0x00, 0x00, 0x00, 0x56, 0x89, 0xca, 0x89, 0xce, 0x89, 0xcf, 0x53,
    0x8b, 0x5c, 0x24, 0x10, 0xcd, 0x80, 0x5b, 0x5e, 0x5f, 0xc3, 0x8d, 0xb6,
    0x00, 0x00, 0x00, 0x00, 0x57, 0xb8, 0x1c, 0x00, 0x00, 0x00, 0x56, 0x31,
    0xf6, 0x53, 0x89, 0xf7, 0x8b, 0x4c, 0x24, 0x14, 0x8b, 0x54, 0x24, 0x18,
    0x8b, 0x5c, 0x24, 0x10, 0xcd, 0x80, 0x5b, 0x5e, 0x5f, 0xc3, 0x66, 0x90,
    0x8b, 0x44, 0x24, 0x04, 0x8b, 0x15, 0xdc, 0x0a, 0x00, 0x01, 0x83, 0xc0,
    0x0f, 0x83, 0xe0, 0xf0, 0x01, 0xd0, 0x3d, 0x00, 0x00, 0x80, 0x01, 0x77,
    0x0f, 0xa3, 0xdc, 0x0a, 0x00, 0x01, 0x89, 0xd0, 0xc3, 0x8d, 0xb4, 0x26,
    0x00, 0x00, 0x00, 0x00, 0x31, 0xd2, 0x89, 0xd0, 0xc3, 0x8d, 0x76, 0x00,
    0xc3, 0x00, 0x00, 0x00, 0x00, 0x00, 0x00, 0x00, 0x00, 0x00, 0x00, 0x00,
    0x00, 0x00, 0x00, 0x00, 0x8d, 0x4c, 0x24, 0x04, 0x83, 0xe4, 0xf0, 0xff,
    0x71, 0xfc, 0x55, 0x89, 0xe5, 0x51, 0x83, 0xec, 0x10, 0x68, 0xc0, 0x0a,
    0x00, 0x01, 0xe8, 0x35, 0xfb, 0xff, 0xff, 0xe8, 0xd0, 0xfc, 0xff, 0xff,
    0x8b, 0x4d, 0xfc, 0x83, 0xc4, 0x10, 0xc9, 0x8d, 0x61, 0xfc, 0xc3, 0x00,
    0x14, 0x00, 0x00, 0x00, 0x00, 0x00, 0x00, 0x00, 0x01, 0x7a, 0x52, 0x00,
    0x01, 0x7c, 0x08, 0x01, 0x1b, 0x0c, 0x04, 0x04, 0x88, 0x01, 0x00, 0x00,
    0x1c, 0x00, 0x00, 0x00, 0x1c, 0x00, 0x00, 0x00, 0xe4, 0xfa, 0xff, 0xff,
    0x1b, 0x00, 0x00, 0x00, 0x00, 0x41, 0x0e, 0x08, 0x87, 0x02, 0x41, 0x0e,
    0x0c, 0x86, 0x03, 0x41, 0x0e, 0x10, 0x83, 0x04, 0x28, 0x00, 0x00, 0x00,
    0x3c, 0x00, 0x00, 0x00, 0xe4, 0xfa, 0xff, 0xff, 0x17, 0x00, 0x00, 0x00,
    0x00, 0x43, 0x0e, 0x08, 0x87, 0x02, 0x43, 0x0e, 0x0c, 0x86, 0x03, 0x45,
    0x0e, 0x10, 0x83, 0x04, 0x49, 0xc3, 0x0e, 0x0c, 0x41, 0xc6, 0x0e, 0x08,
    0x41, 0xc7, 0x0e, 0x04, 0x28, 0x00, 0x00, 0x00, 0x68, 0x00, 0x00, 0x00,
    0xd8, 0xfa, 0xff, 0xff, 0x1a, 0x00, 0x00, 0x00, 0x00, 0x43, 0x0e, 0x08,
    0x87, 0x02, 0x46, 0x0e, 0x0c, 0x86, 0x03, 0x47, 0x0e, 0x10, 0x83, 0x04,
    0x47, 0xc3, 0x0e, 0x0c, 0x41, 0xc6, 0x0e, 0x08, 0x41, 0xc7, 0x0e, 0x04,
    0x28, 0x00, 0x00, 0x00, 0x94, 0x00, 0x00, 0x00, 0xcc, 0xfa, 0xff, 0xff,
    0x1a, 0x00, 0x00, 0x00, 0x00, 0x43, 0x0e, 0x08, 0x87, 0x02, 0x46, 0x0e,
    0x0c, 0x86, 0x03, 0x47, 0x0e, 0x10, 0x83, 0x04, 0x47, 0xc3, 0x0e, 0x0c,
    0x41, 0xc6, 0x0e, 0x08, 0x41, 0xc7, 0x0e, 0x04, 0x28, 0x00, 0x00, 0x00,
    0xc0, 0x00, 0x00, 0x00, 0xc0, 0xfa, 0xff, 0xff, 0x1b, 0x00, 0x00, 0x00,
    0x00, 0x43, 0x0e, 0x08, 0x87, 0x02, 0x46, 0x0e, 0x0c, 0x86, 0x03, 0x47,
    0x0e, 0x10, 0x83, 0x04, 0x48, 0xc3, 0x0e, 0x0c, 0x41, 0xc6, 0x0e, 0x08,
    0x41, 0xc7, 0x0e, 0x04, 0x28, 0x00, 0x00, 0x00, 0xec, 0x00, 0x00, 0x00,
    0xb4, 0xfa, 0xff, 0xff, 0x1e, 0x00, 0x00, 0x00, 0x00, 0x41, 0x0e, 0x08,
    0x87, 0x02, 0x46, 0x0e, 0x0c, 0x86, 0x03, 0x43, 0x0e, 0x10, 0x83, 0x04,
    0x51, 0xc3, 0x0e, 0x0c, 0x41, 0xc6, 0x0e, 0x08, 0x41, 0xc7, 0x0e, 0x04,
    0x28, 0x00, 0x00, 0x00, 0x18, 0x01, 0x00, 0x00, 0xa8, 0xfa, 0xff, 0xff,
    0x1e, 0x00, 0x00, 0x00, 0x00, 0x41, 0x0e, 0x08, 0x87, 0x02, 0x46, 0x0e,
    0x0c, 0x86, 0x03, 0x43, 0x0e, 0x10, 0x83, 0x04, 0x51, 0xc3, 0x0e, 0x0c,
    0x41, 0xc6, 0x0e, 0x08, 0x41, 0xc7, 0x0e, 0x04, 0x28, 0x00, 0x00, 0x00,
    0x44, 0x01, 0x00, 0x00, 0x9c, 0xfa, 0xff, 0xff, 0x1a, 0x00, 0x00, 0x00,
    0x00, 0x43, 0x0e, 0x08, 0x87, 0x02, 0x46, 0x0e, 0x0c, 0x86, 0x03, 0x47,
    0x0e, 0x10, 0x83, 0x04, 0x47, 0xc3, 0x0e, 0x0c, 0x41, 0xc6, 0x0e, 0x08,
    0x41, 0xc7, 0x0e, 0x04, 0x28, 0x00, 0x00, 0x00, 0x70, 0x01, 0x00, 0x00,
    0x90, 0xfa, 0xff, 0xff, 0x1a, 0x00, 0x00, 0x00, 0x00, 0x43, 0x0e, 0x08,
    0x87, 0x02, 0x46, 0x0e, 0x0c, 0x86, 0x03, 0x47, 0x0e, 0x10, 0x83, 0x04,
    0x47, 0xc3, 0x0e, 0x0c, 0x41, 0xc6, 0x0e, 0x08, 0x41, 0xc7, 0x0e, 0x04,
    0x28, 0x00, 0x00, 0x00, 0x9c, 0x01, 0x00, 0x00, 0x84, 0xfa, 0xff, 0xff,
    0x1a, 0x00, 0x00, 0x00, 0x00, 0x43, 0x0e, 0x08, 0x87, 0x02, 0x46, 0x0e,
    0x0c, 0x86, 0x03, 0x47, 0x0e, 0x10, 0x83, 0x04, 0x47, 0xc3, 0x0e, 0x0c,
    0x41, 0xc6, 0x0e, 0x08, 0x41, 0xc7, 0x0e, 0x04, 0x28, 0x00, 0x00, 0x00,
    0xc8, 0x01, 0x00, 0x00, 0x78, 0xfa, 0xff, 0xff, 0x1e, 0x00, 0x00, 0x00,
    0x00, 0x41, 0x0e, 0x08, 0x87, 0x02, 0x46, 0x0e, 0x0c, 0x86, 0x03, 0x43,
    0x0e, 0x10, 0x83, 0x04, 0x51, 0xc3, 0x0e, 0x0c, 0x41, 0xc6, 0x0e, 0x08,
    0x41, 0xc7, 0x0e, 0x04, 0x28, 0x00, 0x00, 0x00, 0xf4, 0x01, 0x00, 0x00,
    0x6c, 0xfa, 0xff, 0xff, 0x18, 0x00, 0x00, 0x00, 0x00, 0x41, 0x0e, 0x08,
    0x87, 0x02, 0x46, 0x0e, 0x0c, 0x86, 0x03, 0x41, 0x0e, 0x10, 0x83, 0x04,
    0x4d, 0xc3, 0x0e, 0x0c, 0x41, 0xc6, 0x0e, 0x08, 0x41, 0xc7, 0x0e, 0x04,
    0x28, 0x00, 0x00, 0x00, 0x20, 0x02, 0x00, 0x00, 0x60, 0xfa, 0xff, 0xff,
    0x18, 0x00, 0x00, 0x00, 0x00, 0x41, 0x0e, 0x08, 0x87, 0x02, 0x46, 0x0e,
    0x0c, 0x86, 0x03, 0x41, 0x0e, 0x10, 0x83, 0x04, 0x4d, 0xc3, 0x0e, 0x0c,
    0x41, 0xc6, 0x0e, 0x08, 0x41, 0xc7, 0x0e, 0x04, 0x28, 0x00, 0x00, 0x00,
    0x4c, 0x02, 0x00, 0x00, 0x54, 0xfa, 0xff, 0xff, 0x18, 0x00, 0x00, 0x00,
    0x00, 0x41, 0x0e, 0x08, 0x87, 0x02, 0x46, 0x0e, 0x0c, 0x86, 0x03, 0x41,
    0x0e, 0x10, 0x83, 0x04, 0x4d, 0xc3, 0x0e, 0x0c, 0x41, 0xc6, 0x0e, 0x08,
    0x41, 0xc7, 0x0e, 0x04, 0x28, 0x00, 0x00, 0x00, 0x78, 0x02, 0x00, 0x00,
    0x48, 0xfa, 0xff, 0xff, 0x18, 0x00, 0x00, 0x00, 0x00, 0x41, 0x0e, 0x08,
    0x87, 0x02, 0x46, 0x0e, 0x0c, 0x86, 0x03, 0x41, 0x0e, 0x10, 0x83, 0x04,
    0x4d, 0xc3, 0x0e, 0x0c, 0x41, 0xc6, 0x0e, 0x08, 0x41, 0xc7, 0x0e, 0x04,
    0x28, 0x00, 0x00, 0x00, 0xa4, 0x02, 0x00, 0x00, 0x3c, 0xfa, 0xff, 0xff,
    0x18, 0x00, 0x00, 0x00, 0x00, 0x41, 0x0e, 0x08, 0x87, 0x02, 0x46, 0x0e,
    0x0c, 0x86, 0x03, 0x41, 0x0e, 0x10, 0x83, 0x04, 0x4d, 0xc3, 0x0e, 0x0c,
    0x41, 0xc6, 0x0e, 0x08, 0x41, 0xc7, 0x0e, 0x04, 0x28, 0x00, 0x00, 0x00,
    0xd0, 0x02, 0x00, 0x00, 0x30, 0xfa, 0xff, 0xff, 0x1c, 0x00, 0x00, 0x00,
    0x00, 0x43, 0x0e, 0x08, 0x87, 0x02, 0x46, 0x0e, 0x0c, 0x86, 0x03, 0x45,
    0x0e, 0x10, 0x83, 0x04, 0x4b, 0xc3, 0x0e, 0x0c, 0x41, 0xc6, 0x0e, 0x08,
    0x41, 0xc7, 0x0e, 0x04, 0x1c, 0x00, 0x00, 0x00, 0xfc, 0x02, 0x00, 0x00,
    0x24, 0xfa, 0xff, 0xff, 0x16, 0x00, 0x00, 0x00, 0x00, 0x41, 0x0e, 0x08,
    0x87, 0x02, 0x46, 0x0e, 0x0c, 0x86, 0x03, 0x41, 0x0e, 0x10, 0x83, 0x04,
    0x34, 0x00, 0x00, 0x00, 0x1c, 0x03, 0x00, 0x00, 0x24, 0xfa, 0xff, 0xff,
    0x3e, 0x00, 0x00, 0x00, 0x00, 0x41, 0x0e, 0x08, 0x85, 0x02, 0x46, 0x0e,
    0x0c, 0x87, 0x03, 0x41, 0x0e, 0x10, 0x86, 0x04, 0x41, 0x0e, 0x14, 0x83,
    0x05, 0x71, 0xc3, 0x0e, 0x10, 0x41, 0xc6, 0x0e, 0x0c, 0x41, 0xc7, 0x0e,
    0x08, 0x41, 0xc5, 0x0e, 0x04, 0x00, 0x00, 0x00, 0x28, 0x00, 0x00, 0x00,
    0x54, 0x03, 0x00, 0x00, 0x2c, 0xfa, 0xff, 0xff, 0x18, 0x00, 0x00, 0x00,
    0x00, 0x41, 0x0e, 0x08, 0x87, 0x02, 0x46, 0x0e, 0x0c, 0x86, 0x03, 0x41,
    0x0e, 0x10, 0x83, 0x04, 0x4d, 0xc3, 0x0e, 0x0c, 0x41, 0xc6, 0x0e, 0x08,
    0x41, 0xc7, 0x0e, 0x04, 0x28, 0x00, 0x00, 0x00, 0x80, 0x03, 0x00, 0x00,
    0x20, 0xfa, 0xff, 0xff, 0x18, 0x00, 0x00, 0x00, 0x00, 0x41, 0x0e, 0x08,
    0x87, 0x02, 0x46, 0x0e, 0x0c, 0x86, 0x03, 0x41, 0x0e, 0x10, 0x83, 0x04,
    0x4d, 0xc3, 0x0e, 0x0c, 0x41, 0xc6, 0x0e, 0x08, 0x41, 0xc7, 0x0e, 0x04,
    0x28, 0x00, 0x00, 0x00, 0xac, 0x03, 0x00, 0x00, 0x14, 0xfa, 0xff, 0xff,
    0x1c, 0x00, 0x00, 0x00, 0x00, 0x43, 0x0e, 0x08, 0x87, 0x02, 0x46, 0x0e,
    0x0c, 0x86, 0x03, 0x45, 0x0e, 0x10, 0x83, 0x04, 0x4b, 0xc3, 0x0e, 0x0c,
    0x41, 0xc6, 0x0e, 0x08, 0x41, 0xc7, 0x0e, 0x04, 0x28, 0x00, 0x00, 0x00,
    0xd8, 0x03, 0x00, 0x00, 0x08, 0xfa, 0xff, 0xff, 0x1a, 0x00, 0x00, 0x00,
    0x00, 0x43, 0x0e, 0x08, 0x87, 0x02, 0x46, 0x0e, 0x0c, 0x86, 0x03, 0x47,
    0x0e, 0x10, 0x83, 0x04, 0x47, 0xc3, 0x0e, 0x0c, 0x41, 0xc6, 0x0e, 0x08,
    0x41, 0xc7, 0x0e, 0x04, 0x28, 0x00, 0x00, 0x00, 0x04, 0x04, 0x00, 0x00,
    0xfc, 0xf9, 0xff, 0xff, 0x18, 0x00, 0x00, 0x00, 0x00, 0x41, 0x0e, 0x08,
    0x87, 0x02, 0x46, 0x0e, 0x0c, 0x86, 0x03, 0x41, 0x0e, 0x10, 0x83, 0x04,
    0x4d, 0xc3, 0x0e, 0x0c, 0x41, 0xc6, 0x0e, 0x08, 0x41, 0xc7, 0x0e, 0x04,
    0x28, 0x00, 0x00, 0x00, 0x30, 0x04, 0x00, 0x00, 0xf0, 0xf9, 0xff, 0xff,
    0x18, 0x00, 0x00, 0x00, 0x00, 0x41, 0x0e, 0x08, 0x87, 0x02, 0x46, 0x0e,
    0x0c, 0x86, 0x03, 0x41, 0x0e, 0x10, 0x83, 0x04, 0x4d, 0xc3, 0x0e, 0x0c,
    0x41, 0xc6, 0x0e, 0x08, 0x41, 0xc7, 0x0e, 0x04, 0x28, 0x00, 0x00, 0x00,
    0x5c, 0x04, 0x00, 0x00, 0xe4, 0xf9, 0xff, 0xff, 0x20, 0x00, 0x00, 0x00,
    0x00, 0x41, 0x0e, 0x08, 0x87, 0x02, 0x48, 0x0e, 0x0c, 0x86, 0x03, 0x41,
    0x0e, 0x10, 0x83, 0x04, 0x53, 0xc3, 0x0e, 0x0c, 0x41, 0xc6, 0x0e, 0x08,
    0x41, 0xc7, 0x0e, 0x04, 0x28, 0x00, 0x00, 0x00, 0x88, 0x04, 0x00, 0x00,
    0xd8, 0xf9, 0xff, 0xff, 0x22, 0x00, 0x00, 0x00, 0x00, 0x41, 0x0e, 0x08,
    0x87, 0x02, 0x46, 0x0e, 0x0c, 0x86, 0x03, 0x41, 0x0e, 0x10, 0x83, 0x04,
    0x57, 0xc3, 0x0e, 0x0c, 0x41, 0xc6, 0x0e, 0x08, 0x41, 0xc7, 0x0e, 0x04,
    0x30, 0x00, 0x00, 0x00, 0xb4, 0x04, 0x00, 0x00, 0xdc, 0xf9, 0xff, 0xff,
    0x58, 0x00, 0x00, 0x00, 0x00, 0x41, 0x0e, 0x08, 0x87, 0x02, 0x43, 0x0e,
    0x0c, 0x86, 0x03, 0x47, 0x0e, 0x10, 0x83, 0x04, 0x43, 0x0e, 0x30, 0x02,
    0x46, 0x0e, 0x10, 0x41, 0xc3, 0x0e, 0x0c, 0x41, 0xc6, 0x0e, 0x08, 0x41,
    0xc7, 0x0e, 0x04, 0x00, 0x30, 0x00, 0x00, 0x00, 0xe8, 0x04, 0x00, 0x00,
    0x08, 0xfa, 0xff, 0xff, 0x58, 0x00, 0x00, 0x00, 0x00, 0x41, 0x0e, 0x08,
    0x87, 0x02, 0x43, 0x0e, 0x0c, 0x86, 0x03, 0x47, 0x0e, 0x10, 0x83, 0x04,
    0x43, 0x0e, 0x30, 0x02, 0x46, 0x0e, 0x10, 0x41, 0xc3, 0x0e, 0x0c, 0x41,
    0xc6, 0x0e, 0x08, 0x41, 0xc7, 0x0e, 0x04, 0x00, 0x28, 0x00, 0x00, 0x00,
    0x1c, 0x05, 0x00, 0x00, 0x34, 0xfa, 0xff, 0xff, 0x1a, 0x00, 0x00, 0x00,
    0x00, 0x43, 0x0e, 0x08, 0x87, 0x02, 0x46, 0x0e, 0x0c, 0x86, 0x03, 0x47,
    0x0e, 0x10, 0x83, 0x04, 0x47, 0xc3, 0x0e, 0x0c, 0x41, 0xc6, 0x0e, 0x08,
    0x41, 0xc7, 0x0e, 0x04, 0x28, 0x00, 0x00, 0x00, 0x48, 0x05, 0x00, 0x00,
    0x28, 0xfa, 0xff, 0xff, 0x1e, 0x00, 0x00, 0x00, 0x00, 0x41, 0x0e, 0x08,
    0x87, 0x02, 0x46, 0x0e, 0x0c, 0x86, 0x03, 0x43, 0x0e, 0x10, 0x83, 0x04,
    0x51, 0xc3, 0x0e, 0x0c, 0x41, 0xc6, 0x0e, 0x08, 0x41, 0xc7, 0x0e, 0x04,
    0x10, 0x00, 0x00, 0x00, 0x74, 0x05, 0x00, 0x00, 0x1c, 0xfa, 0xff, 0xff,
    0x2d, 0x00, 0x00, 0x00, 0x00, 0x00, 0x00, 0x00, 0x10, 0x00, 0x00, 0x00,
    0x88, 0x05, 0x00, 0x00, 0x38, 0xfa, 0xff, 0xff, 0x01, 0x00, 0x00, 0x00,
    0x00, 0x00, 0x00, 0x00, 0x28, 0x00, 0x00, 0x00, 0x9c, 0x05, 0x00, 0x00,
    0x34, 0xfa, 0xff, 0xff, 0x2b, 0x00, 0x00, 0x00, 0x00, 0x44, 0x0c, 0x01,
    0x00, 0x49, 0x10, 0x05, 0x02, 0x75, 0x00, 0x41, 0x0f, 0x03, 0x75, 0x7c,
    0x06, 0x55, 0x0c, 0x01, 0x00, 0x44, 0xc5, 0x43, 0x0c, 0x04, 0x04, 0x00,
    0x0a, 0x54, 0x72, 0x69, 0x67, 0x67, 0x65, 0x72, 0x69, 0x6e, 0x67, 0x20,
    0x6b, 0x65, 0x72, 0x6e, 0x65, 0x6c, 0x20, 0x70, 0x61, 0x6e, 0x69, 0x63,
    0x2e, 0x2e, 0x2e, 0x00, 0x00, 0x00, 0x10, 0x01, 0x47, 0x43, 0x43, 0x3a,
    0x20, 0x28, 0x55, 0x62, 0x75, 0x6e, 0x74, 0x75, 0x20, 0x31, 0x35, 0x2e,
    0x32, 0x2e, 0x30, 0x2d, 0x31, 0x36, 0x75, 0x62, 0x75, 0x6e, 0x74, 0x75,
    0x31, 0x29, 0x20, 0x31, 0x35, 0x2e, 0x32, 0x2e, 0x30, 0x00, 0x00, 0x00,
    0x00, 0x00, 0x00, 0x00, 0x00, 0x00, 0x00, 0x00, 0x00, 0x00, 0x00, 0x00,
    0x00, 0x00, 0x00, 0x00, 0x01, 0x00, 0x00, 0x00, 0x00, 0x00, 0x00, 0x00,
    0x00, 0x00, 0x00, 0x00, 0x04, 0x00, 0xf1, 0xff, 0x0a, 0x00, 0x00, 0x00,
    0xdc, 0x0a, 0x00, 0x01, 0x04, 0x00, 0x00, 0x00, 0x01, 0x00, 0x05, 0x00,
    0x14, 0x00, 0x00, 0x00, 0x00, 0x00, 0x00, 0x00, 0x00, 0x00, 0x00, 0x00,
    0x04, 0x00, 0xf1, 0xff, 0x1c, 0x00, 0x00, 0x00, 0x80, 0x00, 0x00, 0x01,
    0x1b, 0x00, 0x00, 0x00, 0x12, 0x00, 0x01, 0x00, 0x24, 0x00, 0x00, 0x00,
    0x50, 0x04, 0x00, 0x01, 0x1a, 0x00, 0x00, 0x00, 0x12, 0x00, 0x01, 0x00,
    0x2f, 0x00, 0x00, 0x00, 0x80, 0x02, 0x00, 0x01, 0x18, 0x00, 0x00, 0x00,
    0x12, 0x00, 0x01, 0x00, 0x35, 0x00, 0x00, 0x00, 0x20, 0x00, 0x00, 0x01,
    0x17, 0x00, 0x00, 0x00, 0x12, 0x00, 0x01, 0x00, 0x3b, 0x00, 0x00, 0x00,
    0x00, 0x01, 0x00, 0x01, 0x1a, 0x00, 0x00, 0x00, 0x12, 0x00, 0x01, 0x00,
    0x47, 0x00, 0x00, 0x00, 0xa0, 0x02, 0x00, 0x01, 0x18, 0x00, 0x00, 0x00,
    0x12, 0x00, 0x01, 0x00, 0x4e, 0x00, 0x00, 0x00, 0x00, 0x02, 0x00, 0x01,
    0x1c, 0x00, 0x00, 0x00, 0x12, 0x00, 0x01, 0x00, 0x57, 0x00, 0x00, 0x00,
    0x90, 0x04, 0x00, 0x01, 0x2d, 0x00, 0x00, 0x00, 0x12, 0x00, 0x01, 0x00,
    0x5e, 0x00, 0x00, 0x00, 0xc0, 0x02, 0x00, 0x01, 0x1c, 0x00, 0x00, 0x00,
    0x12, 0x00, 0x01, 0x00, 0x67, 0x00, 0x00, 0x00, 0x60, 0x00, 0x00, 0x01,
    0x1a, 0x00, 0x00, 0x00, 0x12, 0x00, 0x01, 0x00, 0x71, 0x00, 0x00, 0x00,
    0x00, 0x03, 0x00, 0x01, 0x18, 0x00, 0x00, 0x00, 0x12, 0x00, 0x01, 0x00,
    0x81, 0x00, 0x00, 0x00, 0x70, 0x04, 0x00, 0x01, 0x1e, 0x00, 0x00, 0x00,
    0x12, 0x00, 0x01, 0x00, 0x87, 0x00, 0x00, 0x00, 0x40, 0x01, 0x00, 0x01,
    0x1e, 0x00, 0x00, 0x00, 0x12, 0x00, 0x01, 0x00, 0x93, 0x00, 0x00, 0x00,
    0xf0, 0x03, 0x00, 0x01, 0x58, 0x00, 0x00, 0x00, 0x12, 0x00, 0x01, 0x00,
    0x9d, 0x00, 0x00, 0x00, 0x60, 0x01, 0x00, 0x01, 0x18, 0x00, 0x00, 0x00,
    0x12, 0x00, 0x01, 0x00, 0xa6, 0x00, 0x00, 0x00, 0xa0, 0x01, 0x00, 0x01,
    0x18, 0x00, 0x00, 0x00, 0x12, 0x00, 0x01, 0x00, 0xad, 0x00, 0x00, 0x00,
    0x00, 0x00, 0x00, 0x01, 0x1b, 0x00, 0x00, 0x00, 0x12, 0x00, 0x01, 0x00,
    0xb4, 0x00, 0x00, 0x00, 0xc0, 0x00, 0x00, 0x01, 0x1e, 0x00, 0x00, 0x00,
    0x12, 0x00, 0x01, 0x00, 0xbc, 0x00, 0x00, 0x00, 0xe0, 0x02, 0x00, 0x01,
    0x1a, 0x00, 0x00, 0x00, 0x12, 0x00, 0x01, 0x00, 0xc5, 0x00, 0x00, 0x00,
    0xc0, 0x01, 0x00, 0x01, 0x18, 0x00, 0x00, 0x00, 0x12, 0x00, 0x01, 0x00,
    0xcb, 0x00, 0x00, 0x00, 0x90, 0x03, 0x00, 0x01, 0x58, 0x00, 0x00, 0x00,
    0x12, 0x00, 0x01, 0x00, 0xd7, 0x00, 0x00, 0x00, 0x40, 0x02, 0x00, 0x01,
    0x3e, 0x00, 0x00, 0x00, 0x12, 0x00, 0x01, 0x00, 0xe0, 0x00, 0x00, 0x00,
    0x40, 0x03, 0x00, 0x01, 0x20, 0x00, 0x00, 0x00, 0x12, 0x00, 0x01, 0x00,
    0xea, 0x00, 0x00, 0x00, 0xd0, 0x04, 0x00, 0x01, 0x2b, 0x00, 0x00, 0x00,
    0x12, 0x00, 0x02, 0x00, 0xef, 0x00, 0x00, 0x00, 0x40, 0x00, 0x00, 0x01,
    0x1a, 0x00, 0x00, 0x00, 0x12, 0x00, 0x01, 0x00, 0xf9, 0x00, 0x00, 0x00,
    0xe0, 0x01, 0x00, 0x01, 0x18, 0x00, 0x00, 0x00, 0x12, 0x00, 0x01, 0x00,
    0x02, 0x01, 0x00, 0x00, 0xa0, 0x00, 0x00, 0x01, 0x1e, 0x00, 0x00, 0x00,
    0x12, 0x00, 0x01, 0x00, 0x0b, 0x01, 0x00, 0x00, 0x20, 0x03, 0x00, 0x01,
    0x18, 0x00, 0x00, 0x00, 0x12, 0x00, 0x01, 0x00, 0x19, 0x01, 0x00, 0x00,
    0x20, 0x01, 0x00, 0x01, 0x1a, 0x00, 0x00, 0x00, 0x12, 0x00, 0x01, 0x00,
    0x23, 0x01, 0x00, 0x00, 0xe0, 0x00, 0x00, 0x01, 0x1a, 0x00, 0x00, 0x00,
    0x12, 0x00, 0x01, 0x00, 0x2d, 0x01, 0x00, 0x00, 0x60, 0x03, 0x00, 0x01,
    0x22, 0x00, 0x00, 0x00, 0x12, 0x00, 0x01, 0x00, 0x39, 0x01, 0x00, 0x00,
    0x20, 0x02, 0x00, 0x01, 0x16, 0x00, 0x00, 0x00, 0x12, 0x00, 0x01, 0x00,
    0x3e, 0x01, 0x00, 0x00, 0x80, 0x01, 0x00, 0x01, 0x18, 0x00, 0x00, 0x00,
    0x12, 0x00, 0x01, 0x00, 0x4b, 0x01, 0x00, 0x00, 0xc0, 0x04, 0x00, 0x01,
    0x01, 0x00, 0x00, 0x00, 0x12, 0x00, 0x01, 0x00, 0x00, 0x6c, 0x69, 0x62,
    0x61, 0x6f, 0x73, 0x2e, 0x63, 0x00, 0x68, 0x65, 0x61, 0x70, 0x5f, 0x6e,
    0x65, 0x78, 0x74, 0x00, 0x70, 0x61, 0x6e, 0x69, 0x63, 0x2e, 0x63, 0x00,
    0x70, 0x75, 0x74, 0x63, 0x68, 0x61, 0x72, 0x00, 0x73, 0x65, 0x74, 0x5f,
    0x73, 0x74, 0x64, 0x6f, 0x75, 0x74, 0x00, 0x79, 0x69, 0x65, 0x6c, 0x64,
    0x00, 0x70, 0x72, 0x69, 0x6e, 0x74, 0x00, 0x66, 0x73, 0x5f, 0x67, 0x65,
    0x74, 0x5f, 0x73, 0x69, 0x7a, 0x65, 0x00, 0x67, 0x65, 0x74, 0x70, 0x69,
    0x64, 0x00, 0x67, 0x65, 0x74, 0x5f, 0x61, 0x72, 0x67, 0x73, 0x00, 0x6d,
    0x61, 0x6c, 0x6c, 0x6f, 0x63, 0x00, 0x73, 0x65, 0x6e, 0x64, 0x5f, 0x6d,
    0x73, 0x67, 0x00, 0x70, 0x72, 0x69, 0x6e, 0x74, 0x5f, 0x64, 0x65, 0x63,
    0x00, 0x72, 0x65, 0x67, 0x69, 0x73, 0x74, 0x65, 0x72, 0x5f, 0x65, 0x76,
    0x65, 0x6e, 0x74, 0x73, 0x00, 0x73, 0x70, 0x61, 0x77, 0x6e, 0x00, 0x66,
    0x73, 0x5f, 0x6c, 0x69, 0x73, 0x74, 0x5f, 0x67, 0x65, 0x74, 0x00, 0x66,
    0x69, 0x6c, 0x6c, 0x5f, 0x72, 0x65, 0x63, 0x74, 0x00, 0x67, 0x65, 0x74,
    0x5f, 0x74, 0x69, 0x63, 0x6b, 0x00, 0x72, 0x65, 0x62, 0x6f, 0x6f, 0x74,
    0x00, 0x5f, 0x73, 0x74, 0x61, 0x72, 0x74, 0x00, 0x66, 0x73, 0x5f, 0x72,
    0x65, 0x61, 0x64, 0x00, 0x72, 0x65, 0x63, 0x76, 0x5f, 0x6d, 0x73, 0x67,
    0x00, 0x70, 0x61, 0x6e, 0x69, 0x63, 0x00, 0x72, 0x65, 0x6e, 0x64, 0x65,
    0x72, 0x5f, 0x74, 0x65, 0x78, 0x74, 0x00, 0x72, 0x65, 0x61, 0x64, 0x5f,
    0x6b, 0x65, 0x79, 0x00, 0x67, 0x65, 0x74, 0x5f, 0x6d, 0x6f, 0x75, 0x73,
    0x65, 0x00, 0x6d, 0x61, 0x69, 0x6e, 0x00, 0x70, 0x72, 0x69, 0x6e, 0x74,
    0x5f, 0x68, 0x65, 0x78, 0x00, 0x73, 0x68, 0x75, 0x74, 0x64, 0x6f, 0x77,
    0x6e, 0x00, 0x66, 0x73, 0x5f, 0x77, 0x72, 0x69, 0x74, 0x65, 0x00, 0x67,
    0x65, 0x74, 0x5f, 0x65, 0x76, 0x65, 0x6e, 0x74, 0x5f, 0x70, 0x69, 0x64,
    0x00, 0x66, 0x73, 0x5f, 0x65, 0x78, 0x69, 0x73, 0x74, 0x73, 0x00, 0x66,
    0x73, 0x5f, 0x64, 0x65, 0x6c, 0x65, 0x74, 0x65, 0x00, 0x67, 0x65, 0x74,
    0x5f, 0x66, 0x62, 0x5f, 0x69, 0x6e, 0x66, 0x6f, 0x00, 0x65, 0x78, 0x69,
    0x74, 0x00, 0x63, 0x6c, 0x65, 0x61, 0x72, 0x5f, 0x73, 0x63, 0x72, 0x65,
    0x65, 0x6e, 0x00, 0x66, 0x72, 0x65, 0x65, 0x00, 0x00, 0x2e, 0x73, 0x79,
    0x6d, 0x74, 0x61, 0x62, 0x00, 0x2e, 0x73, 0x74, 0x72, 0x74, 0x61, 0x62,
    0x00, 0x2e, 0x73, 0x68, 0x73, 0x74, 0x72, 0x74, 0x61, 0x62, 0x00, 0x2e,
    0x74, 0x65, 0x78, 0x74, 0x00, 0x2e, 0x74, 0x65, 0x78, 0x74, 0x2e, 0x73,
    0x74, 0x61, 0x72, 0x74, 0x75, 0x70, 0x00, 0x2e, 0x65, 0x68, 0x5f, 0x66,
    0x72, 0x61, 0x6d, 0x65, 0x00, 0x2e, 0x72, 0x6f, 0x64, 0x61, 0x74, 0x61,
    0x2e, 0x73, 0x74, 0x72, 0x31, 0x2e, 0x31, 0x00, 0x2e, 0x64, 0x61, 0x74,
    0x61, 0x00, 0x2e, 0x63, 0x6f, 0x6d, 0x6d, 0x65, 0x6e, 0x74, 0x00, 0x00,
    0x00, 0x00, 0x00, 0x00, 0x00, 0x00, 0x00, 0x00, 0x00, 0x00, 0x00, 0x00,
    0x00, 0x00, 0x00, 0x00, 0x00, 0x00, 0x00, 0x00, 0x00, 0x00, 0x00, 0x00,
    0x00, 0x00, 0x00, 0x00, 0x00, 0x00, 0x00, 0x00, 0x00, 0x00, 0x00, 0x00,
    0x00, 0x00, 0x00, 0x00, 0x1b, 0x00, 0x00, 0x00, 0x01, 0x00, 0x00, 0x00,
    0x06, 0x00, 0x00, 0x00, 0x00, 0x00, 0x00, 0x01, 0x80, 0x00, 0x00, 0x00,
    0xc1, 0x04, 0x00, 0x00, 0x00, 0x00, 0x00, 0x00, 0x00, 0x00, 0x00, 0x00,
    0x10, 0x00, 0x00, 0x00, 0x00, 0x00, 0x00, 0x00, 0x21, 0x00, 0x00, 0x00,
    0x01, 0x00, 0x00, 0x00, 0x06, 0x00, 0x00, 0x00, 0xd0, 0x04, 0x00, 0x01,
    0x50, 0x05, 0x00, 0x00, 0x2b, 0x00, 0x00, 0x00, 0x00, 0x00, 0x00, 0x00,
    0x00, 0x00, 0x00, 0x00, 0x10, 0x00, 0x00, 0x00, 0x00, 0x00, 0x00, 0x00,
    0x2f, 0x00, 0x00, 0x00, 0x01, 0x00, 0x00, 0x00, 0x02, 0x00, 0x00, 0x00,
    0xfc, 0x04, 0x00, 0x01, 0x7c, 0x05, 0x00, 0x00, 0xc4, 0x05, 0x00, 0x00,
    0x00, 0x00, 0x00, 0x00, 0x00, 0x00, 0x00, 0x00, 0x04, 0x00, 0x00, 0x00,
    0x00, 0x00, 0x00, 0x00, 0x39, 0x00, 0x00, 0x00, 0x01, 0x00, 0x00, 0x00,
    0x32, 0x00, 0x00, 0x00, 0xc0, 0x0a, 0x00, 0x01, 0x40, 0x0b, 0x00, 0x00,
    0x1c, 0x00, 0x00, 0x00, 0x00, 0x00, 0x00, 0x00, 0x00, 0x00, 0x00, 0x00,
    0x01, 0x00, 0x00, 0x00, 0x01, 0x00, 0x00, 0x00, 0x48, 0x00, 0x00, 0x00,
    0x01, 0x00, 0x00, 0x00, 0x03, 0x00, 0x00, 0x00, 0xdc, 0x0a, 0x00, 0x01,
    0x5c, 0x0b, 0x00, 0x00, 0x04, 0x00, 0x00, 0x00, 0x00, 0x00, 0x00, 0x00,
    0x00, 0x00, 0x00, 0x00, 0x04, 0x00, 0x00, 0x00, 0x00, 0x00, 0x00, 0x00,
    0x4e, 0x00, 0x00, 0x00, 0x01, 0x00, 0x00, 0x00, 0x30, 0x00, 0x00, 0x00,
    0x00, 0x00, 0x00, 0x00, 0x60, 0x0b, 0x00, 0x00, 0x26, 0x00, 0x00, 0x00,
    0x00, 0x00, 0x00, 0x00, 0x00, 0x00, 0x00, 0x00, 0x01, 0x00, 0x00, 0x00,
    0x01, 0x00, 0x00, 0x00, 0x01, 0x00, 0x00, 0x00, 0x02, 0x00, 0x00, 0x00,
    0x00, 0x00, 0x00, 0x00, 0x00, 0x00, 0x00, 0x00, 0x88, 0x0b, 0x00, 0x00,
    0x60, 0x02, 0x00, 0x00, 0x08, 0x00, 0x00, 0x00, 0x04, 0x00, 0x00, 0x00,
    0x04, 0x00, 0x00, 0x00, 0x10, 0x00, 0x00, 0x00, 0x09, 0x00, 0x00, 0x00,
    0x03, 0x00, 0x00, 0x00, 0x00, 0x00, 0x00, 0x00, 0x00, 0x00, 0x00, 0x00,
    0xe8, 0x0d, 0x00, 0x00, 0x50, 0x01, 0x00, 0x00, 0x00, 0x00, 0x00, 0x00,
    0x00, 0x00, 0x00, 0x00, 0x01, 0x00, 0x00, 0x00, 0x00, 0x00, 0x00, 0x00,
    0x11, 0x00, 0x00, 0x00, 0x03, 0x00, 0x00, 0x00, 0x00, 0x00, 0x00, 0x00,
    0x00, 0x00, 0x00, 0x00, 0x38, 0x0f, 0x00, 0x00, 0x57, 0x00, 0x00, 0x00,
    0x00, 0x00, 0x00, 0x00, 0x00, 0x00, 0x00, 0x00, 0x01, 0x00, 0x00, 0x00,
    0x00, 0x00, 0x00, 0x00,
};

static const unsigned char prog_ls_elf[] = {
    0x7f, 0x45, 0x4c, 0x46, 0x01, 0x01, 0x01, 0x00, 0x00, 0x00, 0x00, 0x00,
    0x00, 0x00, 0x00, 0x00, 0x02, 0x00, 0x03, 0x00, 0x01, 0x00, 0x00, 0x00,
    0x00, 0x00, 0x00, 0x01, 0x34, 0x00, 0x00, 0x00, 0x34, 0x10, 0x00, 0x00,
    0x00, 0x00, 0x00, 0x00, 0x34, 0x00, 0x20, 0x00, 0x02, 0x00, 0x28, 0x00,
    0x0a, 0x00, 0x09, 0x00, 0x01, 0x00, 0x00, 0x00, 0x80, 0x00, 0x00, 0x00,
    0x00, 0x00, 0x00, 0x01, 0x00, 0x00, 0x00, 0x01, 0x88, 0x0b, 0x00, 0x00,
    0x88, 0x0b, 0x00, 0x00, 0x07, 0x00, 0x00, 0x00, 0x10, 0x00, 0x00, 0x00,
    0x51, 0xe5, 0x74, 0x64, 0x00, 0x00, 0x00, 0x00, 0x00, 0x00, 0x00, 0x00,
    0x00, 0x00, 0x00, 0x00, 0x00, 0x00, 0x00, 0x00, 0x00, 0x00, 0x00, 0x00,
    0x06, 0x00, 0x00, 0x00, 0x10, 0x00, 0x00, 0x00, 0x00, 0x00, 0x00, 0x00,
    0x00, 0x00, 0x00, 0x00, 0x00, 0x00, 0x00, 0x00, 0x57, 0x56, 0x53, 0x31,
    0xdb, 0x89, 0xde, 0x89, 0xdf, 0xe8, 0xc2, 0x04, 0x00, 0x00, 0xb8, 0x10,
    0x00, 0x00, 0x00, 0x89, 0xd9, 0x89, 0xda, 0xcd, 0x80, 0xeb, 0xfe, 0x2e,
    0x8d, 0x74, 0x26, 0x00, 0x31, 0xc0, 0x57, 0x89, 0xc1, 0x56, 0x89, 0xc2,
    0x89, 0xc6, 0x53, 0x89, 0xc7, 0x8b, 0x5c, 0x24, 0x10, 0xcd, 0x80, 0x5b,
    0x5e, 0x5f, 0xc3, 0x90, 0x2e, 0x8d, 0xb4, 0x26, 0x00, 0x00, 0x00, 0x00,
    0x31, 0xc9, 0x57, 0xb8, 0x01, 0x00, 0x00, 0x00, 0x56, 0x89, 0xca, 0x89,
    0xce, 0x89, 0xcf, 0x53, 0x8b, 0x5c, 0x24, 0x10, 0xcd, 0x80, 0x5b, 0x5e,
    0x5f, 0xc3, 0x8d, 0xb6, 0x00, 0x00, 0x00, 0x00, 0x31, 0xc9, 0x57, 0xb8,
    0x02, 0x00, 0x00, 0x00, 0x56, 0x89, 0xca, 0x89, 0xce, 0x89, 0xcf, 0x53,
    0x8b, 0x5c, 0x24, 0x10, 0xcd, 0x80, 0x5b, 0x5e, 0x5f, 0xc3, 0x8d, 0xb6,
    0x00, 0x00, 0x00, 0x00, 0x31, 0xc9, 0x57, 0xb8, 0x03, 0x00, 0x00, 0x00,
    0x56, 0x89, 0xca, 0x89, 0xce, 0x89, 0xcf, 0x53, 0x0f, 0xbe, 0x5c, 0x24,
    0x10, 0xcd, 0x80, 0x5b, 0x5e, 0x5f, 0xc3, 0x2e, 0x8d, 0x74, 0x26, 0x00,
    0x57, 0xb8, 0x04, 0x00, 0x00, 0x00, 0x56, 0x31, 0xf6, 0x53, 0x89, 0xf7,
    0x8b, 0x4c, 0x24, 0x14, 0x8b, 0x54, 0x24, 0x18, 0x8b, 0x5c, 0x24, 0x10,
    0xcd, 0x80, 0x5b, 0x5e, 0x5f, 0xc3, 0x66, 0x90, 0x57, 0xb8, 0x05, 0x00,
    0x00, 0x00, 0x56, 0x31, 0xf6, 0x53, 0x89, 0xf7, 0x8b, 0x4c, 0x24, 0x14,
    0x8b, 0x54, 0x24, 0x18, 0x8b, 0x5c, 0x24, 0x10, 0xcd, 0x80, 0x5b, 0x5e,
    0x5f, 0xc3, 0x66, 0x90, 0x31, 0xc9, 0x57, 0xb8, 0x06, 0x00, 0x00, 0x00,
    0x56, 0x89, 0xca, 0x89, 0xce, 0x89, 0xcf, 0x53, 0x8b, 0x5c, 0x24, 0x10,
    0xcd, 0x80, 0x5b, 0x5e, 0x5f, 0xc3, 0x8d, 0xb6, 0x00, 0x00, 0x00, 0x00,
    0x31, 0xc9, 0x57, 0xb8, 0x07, 0x00, 0x00, 0x00, 0x56, 0x89, 0xca, 0x89,
    0xce, 0x89, 0xcf, 0x53, 0x8b, 0x5c, 0x24, 0x10, 0xcd, 0x80, 0x5b, 0x5e,
    0x5f, 0xc3, 0x8d, 0xb6, 0x00, 0x00, 0x00, 0x00, 0x31, 0xc9, 0x57, 0xb8,
    0x08, 0x00, 0x00, 0x00, 0x56, 0x89, 0xca, 0x89, 0xce, 0x89, 0xcf, 0x53,
    0x8b, 0x5c, 0x24, 0x10, 0xcd, 0x80, 0x5b, 0x5e, 0x5f, 0xc3, 0x8d, 0xb6,
    0x00, 0x00, 0x00, 0x00, 0x57, 0xb8, 0x09, 0x00, 0x00, 0x00, 0x56, 0x31,
    0xf6, 0x53, 0x89, 0xf7, 0x8b, 0x4c, 0x24, 0x14, 0x8b, 0x54, 0x24, 0x18,
    0x8b, 0x5c, 0x24, 0x10, 0xcd, 0x80, 0x5b, 0x5e, 0x5f, 0xc3, 0x66, 0x90,
    0x57, 0xb8, 0x0a, 0x00, 0x00, 0x00, 0x56, 0x53, 0x31, 0xdb, 0x89, 0xd9,
    0x89, 0xda, 0x89, 0xde, 0x89, 0xdf, 0xcd, 0x80, 0x5b, 0x5e, 0x5f, 0xc3,
    0x2e, 0x8d, 0xb4, 0x26, 0x00, 0x00, 0x00, 0x00, 0x57, 0xb8, 0x0b, 0x00,
    0x00, 0x00, 0x56, 0x53, 0x31, 0xdb, 0x89, 0xd9, 0x89, 0xda, 0x89, 0xde,
    0x89, 0xdf, 0xcd, 0x80, 0x5b, 0x5e, 0x5f, 0xc3, 0x2e, 0x8d, 0xb4, 0x26,
    0x00, 0x00, 0x00, 0x00, 0x57, 0xb8, 0x0c, 0x00, 0x00, 0x00, 0x56, 0x53,
    0x31, 0xdb, 0x89, 0xd9, 0x89, 0xda, 0x89, 0xde, 0x89, 0xdf, 0xcd, 0x80,
    0x5b, 0x5e, 0x5f, 0xc3, 0x2e, 0x8d, 0xb4, 0x26, 0x00, 0x00, 0x00, 0x00,
    0x57, 0xb8, 0x0d, 0x00, 0x00, 0x00, 0x56, 0x53, 0x31, 0xdb, 0x89, 0xd9,
    0x89, 0xda, 0x89, 0xde, 0x89, 0xdf, 0xcd, 0x80, 0x5b, 0x5e, 0x5f, 0xc3,
    0x2e, 0x8d, 0xb4, 0x26, 0x00, 0x00, 0x00, 0x00, 0x57, 0xb8, 0x0e, 0x00,
    0x00, 0x00, 0x56, 0x53, 0x31, 0xdb, 0x89, 0xd9, 0x89, 0xda, 0x89, 0xde,
    0x89, 0xdf, 0xcd, 0x80, 0x5b, 0x5e, 0x5f, 0xc3, 0x2e, 0x8d, 0xb4, 0x26,
    0x00, 0x00, 0x00, 0x00, 0x31, 0xd2, 0x57, 0xb8, 0x0f, 0x00, 0x00, 0x00,
    0x56, 0x89, 0xd7, 0x89, 0xd6, 0x53, 0x8b, 0x4c, 0x24, 0x14, 0x8b, 0x5c,
    0x24, 0x10, 0xcd, 0x80, 0x5b, 0x5e, 0x5f, 0xc3, 0x8d, 0x74, 0x26, 0x00,
    0x57, 0xb8, 0x10, 0x00, 0x00, 0x00, 0x56, 0x53, 0x31, 0xdb, 0x89, 0xd9,
    0x89, 0xda, 0x89, 0xde, 0x89, 0xdf, 0xcd, 0x80, 0xeb, 0xfe, 0x66, 0x90,
    0x2e, 0x8d, 0xb4, 0x26, 0x00, 0x00, 0x00, 0x00, 0x55, 0xb8, 0x11, 0x00,
    0x00, 0x00, 0x57, 0x56, 0x53, 0x31, 0xdb, 0x89, 0xd9, 0x89, 0xda, 0x89,
    0xde, 0x89, 0xdf, 0xcd, 0x80, 0x85, 0xc0, 0x79, 0x20, 0xbd, 0x12, 0x00,
    0x00, 0x00, 0x66, 0x90, 0x31, 0xdb, 0x89, 0xe8, 0x89, 0xd9, 0x89, 0xda,
    0x89, 0xde, 0x89, 0xdf, 0xcd, 0x80, 0xb8, 0x11, 0x00, 0x00, 0x00, 0xcd,
    0x80, 0x85, 0xc0, 0x78, 0xe7, 0x5b, 0x5e, 0x5f, 0x5d, 0xc3, 0x66, 0x90,
    0x57, 0xb8, 0x12, 0x00, 0x00, 0x00, 0x56, 0x53, 0x31, 0xdb, 0x89, 0xd9,
    0x89, 0xda, 0x89, 0xde, 0x89, 0xdf, 0xcd, 0x80, 0x5b, 0x5e, 0x5f, 0xc3,
    0x2e, 0x8d, 0xb4, 0x26, 0x00, 0x00, 0x00, 0x00, 0x57, 0xb8, 0x13, 0x00,
    0x00, 0x00, 0x56, 0x53, 0x31, 0xdb, 0x89, 0xd9, 0x89, 0xda, 0x89, 0xde,
    0x89, 0xdf, 0xcd, 0x80, 0x5b, 0x5e, 0x5f, 0xc3, 0x2e, 0x8d, 0xb4, 0x26,
    0x00, 0x00, 0x00, 0x00, 0x31, 0xd2, 0x57, 0xb8, 0x14, 0x00, 0x00, 0x00,
    0x56, 0x89, 0xd7, 0x89, 0xd6, 0x53, 0x8b, 0x4c, 0x24, 0x14, 0x8b, 0x5c,
    0x24, 0x10, 0xcd, 0x80, 0x5b, 0x5e, 0x5f, 0xc3, 0x8d, 0x74, 0x26, 0x00,
    0x31, 0xc9, 0x57, 0xb8, 0x15, 0x00, 0x00, 0x00, 0x56, 0x89, 0xca, 0x89,
    0xce, 0x89, 0xcf, 0x53, 0x8b, 0x5c, 0x24, 0x10, 0xcd, 0x80, 0x5b, 0x5e,
    0x5f, 0xc3, 0x8d, 0xb6, 0x00, 0x00, 0x00, 0x00, 0x57, 0xb8, 0x16, 0x00,
    0x00, 0x00, 0x56, 0x53, 0x31, 0xdb, 0x89, 0xd9, 0x89, 0xda, 0x89, 0xde,
    0x89, 0xdf, 0xcd, 0x80, 0x5b, 0x5e, 0x5f, 0xc3, 0x2e, 0x8d, 0xb4, 0x26,
    0x00, 0x00, 0x00, 0x00, 0x57, 0xb8, 0x1d, 0x00, 0x00, 0x00, 0x56, 0x53,
    0x31, 0xdb, 0x89, 0xd9, 0x89, 0xda, 0x89, 0xde, 0x89, 0xdf, 0xcd, 0x80,
    0x5b, 0x5e, 0x5f, 0xc3, 0x2e, 0x8d, 0xb4, 0x26, 0x00, 0x00, 0x00, 0x00,
    0x57, 0xb8, 0x17, 0x00, 0x00, 0x00, 0x31, 0xff, 0x56, 0x53, 0x8b, 0x4c,
    0x24, 0x14, 0x8b, 0x54, 0x24, 0x18, 0x8b, 0x5c, 0x24, 0x10, 0x8b, 0x74,
    0x24, 0x1c, 0xcd, 0x80, 0x5b, 0x5e, 0x5f, 0xc3, 0x57, 0xb8, 0x18, 0x00,
    0x00, 0x00, 0x56, 0x53, 0x8b, 0x4c, 0x24, 0x14, 0x8b, 0x54, 0x24, 0x18,
    0x8b, 0x5c, 0x24, 0x10, 0x8b, 0x74, 0x24, 0x1c, 0x8b, 0x7c, 0x24, 0x20,
    0xcd, 0x80, 0x5b, 0x5e, 0x5f, 0xc3, 0x8d, 0xb6, 0x00, 0x00, 0x00, 0x00,
    0x2e, 0x8d, 0xb4, 0x26, 0x00, 0x00, 0x00, 0x00, 0x57, 0x31, 0xc9, 0x56,
    0x89, 0xca, 0x89, 0xce, 0x89, 0xcf, 0x53, 0x83, 0xec, 0x20, 0x8b, 0x44,
    0x24, 0x30, 0x8d, 0x5c, 0x24, 0x04, 0x89, 0x44, 0x24, 0x04, 0x8b, 0x44,
    0x24, 0x34, 0x89, 0x44, 0x24, 0x08, 0x8b, 0x44, 0x24, 0x38, 0x89, 0x44,
    0x24, 0x0c, 0x8b, 0x44, 0x24, 0x3c, 0x89, 0x44, 0x24, 0x10, 0x8b, 0x44,
    0x24, 0x40, 0x89, 0x44, 0x24, 0x14, 0x8b, 0x44, 0x24, 0x44, 0x89, 0x44,
    0x24, 0x18, 0x8b, 0x44, 0x24, 0x48, 0x89, 0x44, 0x24, 0x1c, 0xb8, 0x19,
    0x00, 0x00, 0x00, 0xcd, 0x80, 0x83, 0xc4, 0x20, 0x5b, 0x5e, 0x5f, 0xc3,
    0x2e, 0x8d, 0xb4, 0x26, 0x00, 0x00, 0x00, 0x00, 0x57, 0x31, 0xc9, 0x56,
    0x89, 0xca, 0x89, 0xce, 0x89, 0xcf, 0x53, 0x83, 0xec, 0x20, 0x8b, 0x44,
    0x24, 0x30, 0x8d, 0x5c, 0x24, 0x04, 0x89, 0x44, 0x24, 0x04, 0x8b, 0x44,
    0x24, 0x34, 0x89, 0x44, 0x24, 0x08, 0x8b, 0x44, 0x24, 0x38, 0x89, 0x44,
    0x24, 0x0c, 0x8b, 0x44, 0x24, 0x3c, 0x89, 0x44, 0x24, 0x10, 0x8b, 0x44,
    0x24, 0x40, 0x89, 0x44, 0x24, 0x14, 0x8b, 0x44, 0x24, 0x44, 0x89, 0x44,
    0x24, 0x18, 0x8b, 0x44, 0x24, 0x48, 0x89, 0x44, 0x24, 0x1c, 0xb8, 0x1a,
    0x00, 0x00, 0x00, 0xcd, 0x80, 0x83, 0xc4, 0x20, 0x5b, 0x5e, 0x5f, 0xc3,
    0x2e, 0x8d, 0xb4, 0x26, 0x00, 0x00, 0x00, 0x00, 0x31, 0xc9, 0x57, 0xb8,
    0x1b, 0x00, 0x00, 0x00, 0x56, 0x89, 0xca, 0x89, 0xce, 0x89, 0xcf, 0x53,
    0x8b, 0x5c, 0x24, 0x10, 0xcd, 0x80, 0x5b, 0x5e, 0x5f, 0xc3, 0x8d, 0xb6,
    0x00, 0x00, 0x00, 0x00, 0x57, 0xb8, 0x1c, 0x00, 0x00, 0x00, 0x56, 0x31,
    0xf6, 0x53, 0x89, 0xf7, 0x8b, 0x4c, 0x24, 0x14, 0x8b, 0x54, 0x24, 0x18,
    0x8b, 0x5c, 0x24, 0x10, 0xcd, 0x80, 0x5b, 0x5e, 0x5f, 0xc3, 0x66, 0x90,
    0x8b, 0x44, 0x24, 0x04, 0x8b, 0x15, 0x84, 0x0b, 0x00, 0x01, 0x83, 0xc0,
    0x0f, 0x83, 0xe0, 0xf0, 0x01, 0xd0, 0x3d, 0x00, 0x00, 0x80, 0x01, 0x77,
    0x0f, 0xa3, 0x84, 0x0b, 0x00, 0x01, 0x89, 0xd0, 0xc3, 0x8d, 0xb4, 0x26,
    0x00, 0x00, 0x00, 0x00, 0x31, 0xd2, 0x89, 0xd0, 0xc3, 0x8d, 0x76, 0x00,
    0xc3, 0x00, 0x00, 0x00, 0x00, 0x00, 0x00, 0x00, 0x00, 0x00, 0x00, 0x00,
    0x00, 0x00, 0x00, 0x00, 0x8d, 0x4c, 0x24, 0x04, 0x83, 0xe4, 0xf0, 0xff,
    0x71, 0xfc, 0x55, 0x89, 0xe5, 0x57, 0x56, 0x8d, 0x7d, 0xc8, 0x8d, 0x75,
    0xcc, 0x53, 0x31, 0xdb, 0x51, 0x83, 0xec, 0x44, 0x68, 0x64, 0x0b, 0x00,
    0x01, 0xe8, 0x2a, 0xfb, 0xff, 0xff, 0x83, 0xc4, 0x10, 0xc7, 0x45, 0xc4,
    0x00, 0x00, 0x00, 0x00, 0xeb, 0x49, 0x8d, 0xb6, 0x00, 0x00, 0x00, 0x00,
    0x83, 0xec, 0x0c, 0x83, 0xc3, 0x01, 0x68, 0x6c, 0x0b, 0x00, 0x01, 0xe8,
    0x08, 0xfb, 0xff, 0xff, 0x89, 0x34, 0x24, 0xe8, 0x00, 0xfb, 0xff, 0xff,
    0xc7, 0x04, 0x24, 0x70, 0x0b, 0x00, 0x01, 0xe8, 0xf4, 0xfa, 0xff, 0xff,
    0x5a, 0xff, 0x75, 0xc8, 0xe8, 0x0b, 0xfb, 0xff, 0xff, 0xc7, 0x04, 0x24,
    0x73, 0x0b, 0x00, 0x01, 0xe8, 0xdf, 0xfa, 0xff, 0xff, 0x83, 0xc4, 0x10,
    0xc7, 0x45, 0xc4, 0x01, 0x00, 0x00, 0x00, 0x83, 0xec, 0x04, 0x57, 0x56,
    0x53, 0xe8, 0xea, 0xfb, 0xff, 0xff, 0x83, 0xc4, 0x10, 0x85, 0xc0, 0x79,
    0xab, 0x8b, 0x45, 0xc4, 0x85, 0xc0, 0x74, 0x0c, 0x8d, 0x65, 0xf0, 0x59,
    0x5b, 0x5e, 0x5f, 0x5d, 0x8d, 0x61, 0xfc, 0xc3, 0x83, 0xec, 0x0c, 0x68,
    0x7b, 0x0b, 0x00, 0x01, 0xe8, 0xa3, 0xfa, 0xff, 0xff, 0x83, 0xc4, 0x10,
    0xeb, 0xe2, 0x00, 0x00, 0x14, 0x00, 0x00, 0x00, 0x00, 0x00, 0x00, 0x00,
    0x01, 0x7a, 0x52, 0x00, 0x01, 0x7c, 0x08, 0x01, 0x1b, 0x0c, 0x04, 0x04,
    0x88, 0x01, 0x00, 0x00, 0x1c, 0x00, 0x00, 0x00, 0x1c, 0x00, 0x00, 0x00,
    0x5c, 0xfa, 0xff, 0xff, 0x1b, 0x00, 0x00, 0x00, 0x00, 0x41, 0x0e, 0x08,
    0x87, 0x02, 0x41, 0x0e, 0x0c, 0x86, 0x03, 0x41, 0x0e, 0x10, 0x83, 0x04,
    0x28, 0x00, 0x00, 0x00, 0x3c, 0x00, 0x00, 0x00, 0x5c, 0xfa, 0xff, 0xff,
    0x17, 0x00, 0x00, 0x00, 0x00, 0x43, 0x0e, 0x08, 0x87, 0x02, 0x43, 0x0e,
    0x0c, 0x86, 0x03, 0x45, 0x0e, 0x10, 0x83, 0x04, 0x49, 0xc3, 0x0e, 0x0c,
    0x41, 0xc6, 0x0e, 0x08, 0x41, 0xc7, 0x0e, 0x04, 0x28, 0x00, 0x00, 0x00,
    0x68, 0x00, 0x00, 0x00, 0x50, 0xfa, 0xff, 0xff, 0x1a, 0x00, 0x00, 0x00,
    0x00, 0x43, 0x0e, 0x08, 0x87, 0x02, 0x46, 0x0e, 0x0c, 0x86, 0x03, 0x47,
    0x0e, 0x10, 0x83, 0x04, 0x47, 0xc3, 0x0e, 0x0c, 0x41, 0xc6, 0x0e, 0x08,
    0x41, 0xc7, 0x0e, 0x04, 0x28, 0x00, 0x00, 0x00, 0x94, 0x00, 0x00, 0x00,
    0x44, 0xfa, 0xff, 0xff, 0x1a, 0x00, 0x00, 0x00, 0x00, 0x43, 0x0e, 0x08,
    0x87, 0x02, 0x46, 0x0e, 0x0c, 0x86, 0x03, 0x47, 0x0e, 0x10, 0x83, 0x04,
    0x47, 0xc3, 0x0e, 0x0c, 0x41, 0xc6, 0x0e, 0x08, 0x41, 0xc7, 0x0e, 0x04,
    0x28, 0x00, 0x00, 0x00, 0xc0, 0x00, 0x00, 0x00, 0x38, 0xfa, 0xff, 0xff,
    0x1b, 0x00, 0x00, 0x00, 0x00, 0x43, 0x0e, 0x08, 0x87, 0x02, 0x46, 0x0e,
    0x0c, 0x86, 0x03, 0x47, 0x0e, 0x10, 0x83, 0x04, 0x48, 0xc3, 0x0e, 0x0c,
    0x41, 0xc6, 0x0e, 0x08, 0x41, 0xc7, 0x0e, 0x04, 0x28, 0x00, 0x00, 0x00,
    0xec, 0x00, 0x00, 0x00, 0x2c, 0xfa, 0xff, 0xff, 0x1e, 0x00, 0x00, 0x00,
    0x00, 0x41, 0x0e, 0x08, 0x87, 0x02, 0x46, 0x0e, 0x0c, 0x86, 0x03, 0x43,
    0x0e, 0x10, 0x83, 0x04, 0x51, 0xc3, 0x0e, 0x0c, 0x41, 0xc6, 0x0e, 0x08,
    0x41, 0xc7, 0x0e, 0x04, 0x28, 0x00, 0x00, 0x00, 0x18, 0x01, 0x00, 0x00,
    0x20, 0xfa, 0xff, 0xff, 0x1e, 0x00, 0x00, 0x00, 0x00, 0x41, 0x0e, 0x08,
    0x87, 0x02, 0x46, 0x0e, 0x0c, 0x86, 0x03, 0x43, 0x0e, 0x10, 0x83, 0x04,
    0x51, 0xc3, 0x0e, 0x0c, 0x41, 0xc6, 0x0e, 0x08, 0x41, 0xc7, 0x0e, 0x04,
    0x28, 0x00, 0x00, 0x00, 0x44, 0x01, 0x00, 0x00, 0x14, 0xfa, 0xff, 0xff,
    0x1a, 0x00, 0x00, 0x00, 0x00, 0x43, 0x0e, 0x08, 0x87, 0x02, 0x46, 0x0e,
    0x0c, 0x86, 0x03, 0x47, 0x0e, 0x10, 0x83, 0x04, 0x47, 0xc3, 0x0e, 0x0c,
    0x41, 0xc6, 0x0e, 0x08, 0x41, 0xc7, 0x0e, 0x04, 0x28, 0x00, 0x00, 0x00,
    0x70, 0x01, 0x00, 0x00, 0x08, 0xfa, 0xff, 0xff, 0x1a, 0x00, 0x00, 0x00,
    0x00, 0x43, 0x0e, 0x08, 0x87, 0x02, 0x46, 0x0e, 0x0c, 0x86, 0x03, 0x47,
    0x0e, 0x10, 0x83, 0x04, 0x47, 0xc3, 0x0e, 0x0c, 0x41, 0xc6, 0x0e, 0x08,
    0x41, 0xc7, 0x0e, 0x04, 0x28, 0x00, 0x00, 0x00, 0x9c, 0x01, 0x00, 0x00,
    0xfc, 0xf9, 0xff, 0xff, 0x1a, 0x00, 0x00, 0x00, 0x00, 0x43, 0x0e, 0x08,
    0x87, 0x02, 0x46, 0x0e, 0x0c, 0x86, 0x03, 0x47, 0x0e, 0x10, 0x83, 0x04,
    0x47, 0xc3, 0x0e, 0x0c, 0x41, 0xc6, 0x0e, 0x08, 0x41, 0xc7, 0x0e, 0x04,
    0x28, 0x00, 0x00, 0x00, 0xc8, 0x01, 0x00, 0x00, 0xf0, 0xf9, 0xff, 0xff,
    0x1e, 0x00, 0x00, 0x00, 0x00, 0x41, 0x0e, 0x08, 0x87, 0x02, 0x46, 0x0e,
    0x0c, 0x86, 0x03, 0x43, 0x0e, 0x10, 0x83, 0x04, 0x51, 0xc3, 0x0e, 0x0c,
    0x41, 0xc6, 0x0e, 0x08, 0x41, 0xc7, 0x0e, 0x04, 0x28, 0x00, 0x00, 0x00,
    0xf4, 0x01, 0x00, 0x00, 0xe4, 0xf9, 0xff, 0xff, 0x18, 0x00, 0x00, 0x00,
    0x00, 0x41, 0x0e, 0x08, 0x87, 0x02, 0x46, 0x0e, 0x0c, 0x86, 0x03, 0x41,
    0x0e, 0x10, 0x83, 0x04, 0x4d, 0xc3, 0x0e, 0x0c, 0x41, 0xc6, 0x0e, 0x08,
    0x41, 0xc7, 0x0e, 0x04, 0x28, 0x00, 0x00, 0x00, 0x20, 0x02, 0x00, 0x00,
    0xd8, 0xf9, 0xff, 0xff, 0x18, 0x00, 0x00, 0x00, 0x00, 0x41, 0x0e, 0x08,
    0x87, 0x02, 0x46, 0x0e, 0x0c, 0x86, 0x03, 0x41, 0x0e, 0x10, 0x83, 0x04,
    0x4d, 0xc3, 0x0e, 0x0c, 0x41, 0xc6, 0x0e, 0x08, 0x41, 0xc7, 0x0e, 0x04,
    0x28, 0x00, 0x00, 0x00, 0x4c, 0x02, 0x00, 0x00, 0xcc, 0xf9, 0xff, 0xff,
    0x18, 0x00, 0x00, 0x00, 0x00, 0x41, 0x0e, 0x08, 0x87, 0x02, 0x46, 0x0e,
    0x0c, 0x86, 0x03, 0x41, 0x0e, 0x10, 0x83, 0x04, 0x4d, 0xc3, 0x0e, 0x0c,
    0x41, 0xc6, 0x0e, 0x08, 0x41, 0xc7, 0x0e, 0x04, 0x28, 0x00, 0x00, 0x00,
    0x78, 0x02, 0x00, 0x00, 0xc0, 0xf9, 0xff, 0xff, 0x18, 0x00, 0x00, 0x00,
    0x00, 0x41, 0x0e, 0x08, 0x87, 0x02, 0x46, 0x0e, 0x0c, 0x86, 0x03, 0x41,
    0x0e, 0x10, 0x83, 0x04, 0x4d, 0xc3, 0x0e, 0x0c, 0x41, 0xc6, 0x0e, 0x08,
    0x41, 0xc7, 0x0e, 0x04, 0x28, 0x00, 0x00, 0x00, 0xa4, 0x02, 0x00, 0x00,
    0xb4, 0xf9, 0xff, 0xff, 0x18, 0x00, 0x00, 0x00, 0x00, 0x41, 0x0e, 0x08,
    0x87, 0x02, 0x46, 0x0e, 0x0c, 0x86, 0x03, 0x41, 0x0e, 0x10, 0x83, 0x04,
    0x4d, 0xc3, 0x0e, 0x0c, 0x41, 0xc6, 0x0e, 0x08, 0x41, 0xc7, 0x0e, 0x04,
    0x28, 0x00, 0x00, 0x00, 0xd0, 0x02, 0x00, 0x00, 0xa8, 0xf9, 0xff, 0xff,
    0x1c, 0x00, 0x00, 0x00, 0x00, 0x43, 0x0e, 0x08, 0x87, 0x02, 0x46, 0x0e,
    0x0c, 0x86, 0x03, 0x45, 0x0e, 0x10, 0x83, 0x04, 0x4b, 0xc3, 0x0e, 0x0c,
    0x41, 0xc6, 0x0e, 0x08, 0x41, 0xc7, 0x0e, 0x04, 0x1c, 0x00, 0x00, 0x00,
    0xfc, 0x02, 0x00, 0x00, 0x9c, 0xf9, 0xff, 0xff, 0x16, 0x00, 0x00, 0x00,
    0x00, 0x41, 0x0e, 0x08, 0x87, 0x02, 0x46, 0x0e, 0x0c, 0x86, 0x03, 0x41,
    0x0e, 0x10, 0x83, 0x04, 0x34, 0x00, 0x00, 0x00, 0x1c, 0x03, 0x00, 0x00,
    0x9c, 0xf9, 0xff, 0xff, 0x3e, 0x00, 0x00, 0x00, 0x00, 0x41, 0x0e, 0x08,
    0x85, 0x02, 0x46, 0x0e, 0x0c, 0x87, 0x03, 0x41, 0x0e, 0x10, 0x86, 0x04,
    0x41, 0x0e, 0x14, 0x83, 0x05, 0x71, 0xc3, 0x0e, 0x10, 0x41, 0xc6, 0x0e,
    0x0c, 0x41, 0xc7, 0x0e, 0x08, 0x41, 0xc5, 0x0e, 0x04, 0x00, 0x00, 0x00,
    0x28, 0x00, 0x00, 0x00, 0x54, 0x03, 0x00, 0x00, 0xa4, 0xf9, 0xff, 0xff,
    0x18, 0x00, 0x00, 0x00, 0x00, 0x41, 0x0e, 0x08, 0x87, 0x02, 0x46, 0x0e,
    0x0c, 0x86, 0x03, 0x41, 0x0e, 0x10, 0x83, 0x04, 0x4d, 0xc3, 0x0e, 0x0c,
    0x41, 0xc6, 0x0e, 0x08, 0x41, 0xc7, 0x0e, 0x04, 0x28, 0x00, 0x00, 0x00,
    0x80, 0x03, 0x00, 0x00, 0x98, 0xf9, 0xff, 0xff, 0x18, 0x00, 0x00, 0x00,
    0x00, 0x41, 0x0e, 0x08, 0x87, 0x02, 0x46, 0x0e, 0x0c, 0x86, 0x03, 0x41,
    0x0e, 0x10, 0x83, 0x04, 0x4d, 0xc3, 0x0e, 0x0c, 0x41, 0xc6, 0x0e, 0x08,
    0x41, 0xc7, 0x0e, 0x04, 0x28, 0x00, 0x00, 0x00, 0xac, 0x03, 0x00, 0x00,
    0x8c, 0xf9, 0xff, 0xff, 0x1c, 0x00, 0x00, 0x00, 0x00, 0x43, 0x0e, 0x08,
    0x87, 0x02, 0x46, 0x0e, 0x0c, 0x86, 0x03, 0x45, 0x0e, 0x10, 0x83, 0x04,
    0x4b, 0xc3, 0x0e, 0x0c, 0x41, 0xc6, 0x0e, 0x08, 0x41, 0xc7, 0x0e, 0x04,
    0x28, 0x00, 0x00, 0x00, 0xd8, 0x03, 0x00, 0x00, 0x80, 0xf9, 0xff, 0xff,
    0x1a, 0x00, 0x00, 0x00, 0x00, 0x43, 0x0e, 0x08, 0x87, 0x02, 0x46, 0x0e,
    0x0c, 0x86, 0x03, 0x47, 0x0e, 0x10, 0x83, 0x04, 0x47, 0xc3, 0x0e, 0x0c,
    0x41, 0xc6, 0x0e, 0x08, 0x41, 0xc7, 0x0e, 0x04, 0x28, 0x00, 0x00, 0x00,
    0x04, 0x04, 0x00, 0x00, 0x74, 0xf9, 0xff, 0xff, 0x18, 0x00, 0x00, 0x00,
    0x00, 0x41, 0x0e, 0x08, 0x87, 0x02, 0x46, 0x0e, 0x0c, 0x86, 0x03, 0x41,
    0x0e, 0x10, 0x83, 0x04, 0x4d, 0xc3, 0x0e, 0x0c, 0x41, 0xc6, 0x0e, 0x08,
    0x41, 0xc7, 0x0e, 0x04, 0x28, 0x00, 0x00, 0x00, 0x30, 0x04, 0x00, 0x00,
    0x68, 0xf9, 0xff, 0xff, 0x18, 0x00, 0x00, 0x00, 0x00, 0x41, 0x0e, 0x08,
    0x87, 0x02, 0x46, 0x0e, 0x0c, 0x86, 0x03, 0x41, 0x0e, 0x10, 0x83, 0x04,
    0x4d, 0xc3, 0x0e, 0x0c, 0x41, 0xc6, 0x0e, 0x08, 0x41, 0xc7, 0x0e, 0x04,
    0x28, 0x00, 0x00, 0x00, 0x5c, 0x04, 0x00, 0x00, 0x5c, 0xf9, 0xff, 0xff,
    0x20, 0x00, 0x00, 0x00, 0x00, 0x41, 0x0e, 0x08, 0x87, 0x02, 0x48, 0x0e,
    0x0c, 0x86, 0x03, 0x41, 0x0e, 0x10, 0x83, 0x04, 0x53, 0xc3, 0x0e, 0x0c,
    0x41, 0xc6, 0x0e, 0x08, 0x41, 0xc7, 0x0e, 0x04, 0x28, 0x00, 0x00, 0x00,
    0x88, 0x04, 0x00, 0x00, 0x50, 0xf9, 0xff, 0xff, 0x22, 0x00, 0x00, 0x00,
    0x00, 0x41, 0x0e, 0x08, 0x87, 0x02, 0x46, 0x0e, 0x0c, 0x86, 0x03, 0x41,
    0x0e, 0x10, 0x83, 0x04, 0x57, 0xc3, 0x0e, 0x0c, 0x41, 0xc6, 0x0e, 0x08,
    0x41, 0xc7, 0x0e, 0x04, 0x30, 0x00, 0x00, 0x00, 0xb4, 0x04, 0x00, 0x00,
    0x54, 0xf9, 0xff, 0xff, 0x58, 0x00, 0x00, 0x00, 0x00, 0x41, 0x0e, 0x08,
    0x87, 0x02, 0x43, 0x0e, 0x0c, 0x86, 0x03, 0x47, 0x0e, 0x10, 0x83, 0x04,
    0x43, 0x0e, 0x30, 0x02, 0x46, 0x0e, 0x10, 0x41, 0xc3, 0x0e, 0x0c, 0x41,
    0xc6, 0x0e, 0x08, 0x41, 0xc7, 0x0e, 0x04, 0x00, 0x30, 0x00, 0x00, 0x00,
    0xe8, 0x04, 0x00, 0x00, 0x80, 0xf9, 0xff, 0xff, 0x58, 0x00, 0x00, 0x00,
    0x00, 0x41, 0x0e, 0x08, 0x87, 0x02, 0x43, 0x0e, 0x0c, 0x86, 0x03, 0x47,
    0x0e, 0x10, 0x83, 0x04, 0x43, 0x0e, 0x30, 0x02, 0x46, 0x0e, 0x10, 0x41,
    0xc3, 0x0e, 0x0c, 0x41, 0xc6, 0x0e, 0x08, 0x41, 0xc7, 0x0e, 0x04, 0x00,
    0x28, 0x00, 0x00, 0x00, 0x1c, 0x05, 0x00, 0x00, 0xac, 0xf9, 0xff, 0xff,
    0x1a, 0x00, 0x00, 0x00, 0x00, 0x43, 0x0e, 0x08, 0x87, 0x02, 0x46, 0x0e,
    0x0c, 0x86, 0x03, 0x47, 0x0e, 0x10, 0x83, 0x04, 0x47, 0xc3, 0x0e, 0x0c,
    0x41, 0xc6, 0x0e, 0x08, 0x41, 0xc7, 0x0e, 0x04, 0x28, 0x00, 0x00, 0x00,
    0x48, 0x05, 0x00, 0x00, 0xa0, 0xf9, 0xff, 0xff, 0x1e, 0x00, 0x00, 0x00,
    0x00, 0x41, 0x0e, 0x08, 0x87, 0x02, 0x46, 0x0e, 0x0c, 0x86, 0x03, 0x43,
    0x0e, 0x10, 0x83, 0x04, 0x51, 0xc3, 0x0e, 0x0c, 0x41, 0xc6, 0x0e, 0x08,
    0x41, 0xc7, 0x0e, 0x04, 0x10, 0x00, 0x00, 0x00, 0x74, 0x05, 0x00, 0x00,
    0x94, 0xf9, 0xff, 0xff, 0x2d, 0x00, 0x00, 0x00, 0x00, 0x00, 0x00, 0x00,
    0x10, 0x00, 0x00, 0x00, 0x88, 0x05, 0x00, 0x00, 0xb0, 0xf9, 0xff, 0xff,
    0x01, 0x00, 0x00, 0x00, 0x00, 0x00, 0x00, 0x00, 0x44, 0x00, 0x00, 0x00,
    0x9c, 0x05, 0x00, 0x00, 0xac, 0xf9, 0xff, 0xff, 0xb2, 0x00, 0x00, 0x00,
    0x00, 0x44, 0x0c, 0x01, 0x00, 0x49, 0x10, 0x05, 0x02, 0x75, 0x00, 0x42,
    0x10, 0x07, 0x02, 0x75, 0x7c, 0x10, 0x06, 0x02, 0x75, 0x78, 0x47, 0x10,
    0x03, 0x02, 0x75, 0x74, 0x43, 0x0f, 0x03, 0x75, 0x70, 0x06, 0x02, 0x7f,
    0x0a, 0xc1, 0x0c, 0x01, 0x00, 0x41, 0xc3, 0x41, 0xc6, 0x41, 0xc7, 0x41,
    0xc5, 0x43, 0x0c, 0x04, 0x04, 0x41, 0x0b, 0x00, 0x0a, 0x46, 0x69, 0x6c,
    0x65, 0x73, 0x3a, 0x00, 0x0a, 0x20, 0x20, 0x00, 0x20, 0x28, 0x00, 0x20,
    0x62, 0x79, 0x74, 0x65, 0x73, 0x29, 0x00, 0x20, 0x28, 0x65, 0x6d, 0x70,
    0x74, 0x79, 0x29, 0x00, 0x00, 0x00, 0x10, 0x01, 0x47, 0x43, 0x43, 0x3a,
    0x20, 0x28, 0x55, 0x62, 0x75, 0x6e, 0x74, 0x75, 0x20, 0x31, 0x35, 0x2e,
    0x32, 0x2e, 0x30, 0x2d, 0x31, 0x36, 0x75, 0x62, 0x75, 0x6e, 0x74, 0x75,
    0x31, 0x29, 0x20, 0x31, 0x35, 0x2e, 0x32, 0x2e, 0x30, 0x00, 0x00, 0x00,
    0x00, 0x00, 0x00, 0x00, 0x00, 0x00, 0x00, 0x00, 0x00, 0x00, 0x00, 0x00,
    0x00, 0x00, 0x00, 0x00, 0x01, 0x00, 0x00, 0x00, 0x00, 0x00, 0x00, 0x00,
    0x00, 0x00, 0x00, 0x00, 0x04, 0x00, 0xf1, 0xff, 0x0a, 0x00, 0x00, 0x00,
    0x84, 0x0b, 0x00, 0x01, 0x04, 0x00, 0x00, 0x00, 0x01, 0x00, 0x05, 0x00,
    0x14, 0x00, 0x00, 0x00, 0x00, 0x00, 0x00, 0x00, 0x00, 0x00, 0x00, 0x00,
    0x04, 0x00, 0xf1, 0xff, 0x19, 0x00, 0x00, 0x00, 0x80, 0x00, 0x00, 0x01,
    0x1b, 0x00, 0x00, 0x00, 0x12, 0x00, 0x01, 0x00, 0x21, 0x00, 0x00, 0x00,
    0x50, 0x04, 0x00, 0x01, 0x1a, 0x00, 0x00, 0x00, 0x12, 0x00, 0x01, 0x00,
    0x2c, 0x00, 0x00, 0x00, 0x80, 0x02, 0x00, 0x01, 0x18, 0x00, 0x00, 0x00,
    0x12, 0x00, 0x01, 0x00, 0x32, 0x00, 0x00, 0x00, 0x20, 0x00, 0x00, 0x01,
    0x17, 0x00, 0x00, 0x00, 0x12, 0x00, 0x01, 0x00, 0x38, 0x00, 0x00, 0x00,
    0x00, 0x01, 0x00, 0x01, 0x1a, 0x00, 0x00, 0x00, 0x12, 0x00, 0x01, 0x00,
    0x44, 0x00, 0x00, 0x00, 0xa0, 0x02, 0x00, 0x01, 0x18, 0x00, 0x00, 0x00,
    0x12, 0x00, 0x01, 0x00, 0x4b, 0x00, 0x00, 0x00, 0x00, 0x02, 0x00, 0x01,
    0x1c, 0x00, 0x00, 0x00, 0x12, 0x00, 0x01, 0x00, 0x54, 0x00, 0x00, 0x00,
    0x90, 0x04, 0x00, 0x01, 0x2d, 0x00, 0x00, 0x00, 0x12, 0x00, 0x01, 0x00,
    0x5b, 0x00, 0x00, 0x00, 0xc0, 0x02, 0x00, 0x01, 0x1c, 0x00, 0x00, 0x00,
    0x12, 0x00, 0x01, 0x00, 0x64, 0x00, 0x00, 0x00, 0x60, 0x00, 0x00, 0x01,
    0x1a, 0x00, 0x00, 0x00, 0x12, 0x00, 0x01, 0x00, 0x6e, 0x00, 0x00, 0x00,
    0x00, 0x03, 0x00, 0x01, 0x18, 0x00, 0x00, 0x00, 0x12, 0x00, 0x01, 0x00,
    0x7e, 0x00, 0x00, 0x00, 0x70, 0x04, 0x00, 0x01, 0x1e, 0x00, 0x00, 0x00,
    0x12, 0x00, 0x01, 0x00, 0x84, 0x00, 0x00, 0x00, 0x40, 0x01, 0x00, 0x01,
    0x1e, 0x00, 0x00, 0x00, 0x12, 0x00, 0x01, 0x00, 0x90, 0x00, 0x00, 0x00,
    0xf0, 0x03, 0x00, 0x01, 0x58, 0x00, 0x00, 0x00, 0x12, 0x00, 0x01, 0x00,
    0x9a, 0x00, 0x00, 0x00, 0x60, 0x01, 0x00, 0x01, 0x18, 0x00, 0x00, 0x00,
    0x12, 0x00, 0x01, 0x00, 0xa3, 0x00, 0x00, 0x00, 0xa0, 0x01, 0x00, 0x01,
    0x18, 0x00, 0x00, 0x00, 0x12, 0x00, 0x01, 0x00, 0xaa, 0x00, 0x00, 0x00,
    0x00, 0x00, 0x00, 0x01, 0x1b, 0x00, 0x00, 0x00, 0x12, 0x00, 0x01, 0x00,
    0xb1, 0x00, 0x00, 0x00, 0xc0, 0x00, 0x00, 0x01, 0x1e, 0x00, 0x00, 0x00,
    0x12, 0x00, 0x01, 0x00, 0xb9, 0x00, 0x00, 0x00, 0xe0, 0x02, 0x00, 0x01,
    0x1a, 0x00, 0x00, 0x00, 0x12, 0x00, 0x01, 0x00, 0xc2, 0x00, 0x00, 0x00,
    0xc0, 0x01, 0x00, 0x01, 0x18, 0x00, 0x00, 0x00, 0x12, 0x00, 0x01, 0x00,
    0xc8, 0x00, 0x00, 0x00, 0x90, 0x03, 0x00, 0x01, 0x58, 0x00, 0x00, 0x00,
    0x12, 0x00, 0x01, 0x00, 0xd4, 0x00, 0x00, 0x00, 0x40, 0x02, 0x00, 0x01,
    0x3e, 0x00, 0x00, 0x00, 0x12, 0x00, 0x01, 0x00, 0xdd, 0x00, 0x00, 0x00,
    0x40, 0x03, 0x00, 0x01, 0x20, 0x00, 0x00, 0x00, 0x12, 0x00, 0x01, 0x00,
    0xe7, 0x00, 0x00, 0x00, 0xd0, 0x04, 0x00, 0x01, 0xb2, 0x00, 0x00, 0x00,
    0x12, 0x00, 0x02, 0x00, 0xec, 0x00, 0x00, 0x00, 0x40, 0x00, 0x00, 0x01,
    0x1a, 0x00, 0x00, 0x00, 0x12, 0x00, 0x01, 0x00, 0xf6, 0x00, 0x00, 0x00,
    0xe0, 0x01, 0x00, 0x01, 0x18, 0x00, 0x00, 0x00, 0x12, 0x00, 0x01, 0x00,
    0xff, 0x00, 0x00, 0x00, 0xa0, 0x00, 0x00, 0x01, 0x1e, 0x00, 0x00, 0x00,
    0x12, 0x00, 0x01, 0x00, 0x08, 0x01, 0x00, 0x00, 0x20, 0x03, 0x00, 0x01,
    0x18, 0x00, 0x00, 0x00, 0x12, 0x00, 0x01, 0x00, 0x16, 0x01, 0x00, 0x00,
    0x20, 0x01, 0x00, 0x01, 0x1a, 0x00, 0x00, 0x00, 0x12, 0x00, 0x01, 0x00,
    0x20, 0x01, 0x00, 0x00, 0xe0, 0x00, 0x00, 0x01, 0x1a, 0x00, 0x00, 0x00,
    0x12, 0x00, 0x01, 0x00, 0x2a, 0x01, 0x00, 0x00, 0x60, 0x03, 0x00, 0x01,
    0x22, 0x00, 0x00, 0x00, 0x12, 0x00, 0x01, 0x00, 0x36, 0x01, 0x00, 0x00,
    0x20, 0x02, 0x00, 0x01, 0x16, 0x00, 0x00, 0x00, 0x12, 0x00, 0x01, 0x00,
    0x3b, 0x01, 0x00, 0x00, 0x80, 0x01, 0x00, 0x01, 0x18, 0x00, 0x00, 0x00,
    0x12, 0x00, 0x01, 0x00, 0x48, 0x01, 0x00, 0x00, 0xc0, 0x04, 0x00, 0x01,
    0x01, 0x00, 0x00, 0x00, 0x12, 0x00, 0x01, 0x00, 0x00, 0x6c, 0x69, 0x62,
    0x61, 0x6f, 0x73, 0x2e, 0x63, 0x00, 0x68, 0x65, 0x61, 0x70, 0x5f, 0x6e,
    0x65, 0x78, 0x74, 0x00, 0x6c, 0x73, 0x2e, 0x63, 0x00, 0x70, 0x75, 0x74,
    0x63, 0x68, 0x61, 0x72, 0x00, 0x73, 0x65, 0x74, 0x5f, 0x73, 0x74, 0x64,
    0x6f, 0x75, 0x74, 0x00, 0x79, 0x69, 0x65, 0x6c, 0x64, 0x00, 0x70, 0x72,
    0x69, 0x6e, 0x74, 0x00, 0x66, 0x73, 0x5f, 0x67, 0x65, 0x74, 0x5f, 0x73,
    0x69, 0x7a, 0x65, 0x00, 0x67, 0x65, 0x74, 0x70, 0x69, 0x64, 0x00, 0x67,
    0x65, 0x74, 0x5f, 0x61, 0x72, 0x67, 0x73, 0x00, 0x6d, 0x61, 0x6c, 0x6c,
    0x6f, 0x63, 0x00, 0x73, 0x65, 0x6e, 0x64, 0x5f, 0x6d, 0x73, 0x67, 0x00,
    0x70, 0x72, 0x69, 0x6e, 0x74, 0x5f, 0x64, 0x65, 0x63, 0x00, 0x72, 0x65,
    0x67, 0x69, 0x73, 0x74, 0x65, 0x72, 0x5f, 0x65, 0x76, 0x65, 0x6e, 0x74,
    0x73, 0x00, 0x73, 0x70, 0x61, 0x77, 0x6e, 0x00, 0x66, 0x73, 0x5f, 0x6c,
    0x69, 0x73, 0x74, 0x5f, 0x67, 0x65, 0x74, 0x00, 0x66, 0x69, 0x6c, 0x6c,
    0x5f, 0x72, 0x65, 0x63, 0x74, 0x00, 0x67, 0x65, 0x74, 0x5f, 0x74, 0x69,
    0x63, 0x6b, 0x00, 0x72, 0x65, 0x62, 0x6f, 0x6f, 0x74, 0x00, 0x5f, 0x73,
    0x74, 0x61, 0x72, 0x74, 0x00, 0x66, 0x73, 0x5f, 0x72, 0x65, 0x61, 0x64,
    0x00, 0x72, 0x65, 0x63, 0x76, 0x5f, 0x6d, 0x73, 0x67, 0x00, 0x70, 0x61,
    0x6e, 0x69, 0x63, 0x00, 0x72, 0x65, 0x6e, 0x64, 0x65, 0x72, 0x5f, 0x74,
    0x65, 0x78, 0x74, 0x00, 0x72, 0x65, 0x61, 0x64, 0x5f, 0x6b, 0x65, 0x79,
    0x00, 0x67, 0x65, 0x74, 0x5f, 0x6d, 0x6f, 0x75, 0x73, 0x65, 0x00, 0x6d,
    0x61, 0x69, 0x6e, 0x00, 0x70, 0x72, 0x69, 0x6e, 0x74, 0x5f, 0x68, 0x65,
    0x78, 0x00, 0x73, 0x68, 0x75, 0x74, 0x64, 0x6f, 0x77, 0x6e, 0x00, 0x66,
    0x73, 0x5f, 0x77, 0x72, 0x69, 0x74, 0x65, 0x00, 0x67, 0x65, 0x74, 0x5f,
    0x65, 0x76, 0x65, 0x6e, 0x74, 0x5f, 0x70, 0x69, 0x64, 0x00, 0x66, 0x73,
    0x5f, 0x65, 0x78, 0x69, 0x73, 0x74, 0x73, 0x00, 0x66, 0x73, 0x5f, 0x64,
    0x65, 0x6c, 0x65, 0x74, 0x65, 0x00, 0x67, 0x65, 0x74, 0x5f, 0x66, 0x62,
    0x5f, 0x69, 0x6e, 0x66, 0x6f, 0x00, 0x65, 0x78, 0x69, 0x74, 0x00, 0x63,
    0x6c, 0x65, 0x61, 0x72, 0x5f, 0x73, 0x63, 0x72, 0x65, 0x65, 0x6e, 0x00,
    0x66, 0x72, 0x65, 0x65, 0x00, 0x00, 0x2e, 0x73, 0x79, 0x6d, 0x74, 0x61,
    0x62, 0x00, 0x2e, 0x73, 0x74, 0x72, 0x74, 0x61, 0x62, 0x00, 0x2e, 0x73,
    0x68, 0x73, 0x74, 0x72, 0x74, 0x61, 0x62, 0x00, 0x2e, 0x74, 0x65, 0x78,
    0x74, 0x00, 0x2e, 0x74, 0x65, 0x78, 0x74, 0x2e, 0x73, 0x74, 0x61, 0x72,
    0x74, 0x75, 0x70, 0x00, 0x2e, 0x65, 0x68, 0x5f, 0x66, 0x72, 0x61, 0x6d,
    0x65, 0x00, 0x2e, 0x72, 0x6f, 0x64, 0x61, 0x74, 0x61, 0x2e, 0x73, 0x74,
    0x72, 0x31, 0x2e, 0x31, 0x00, 0x2e, 0x64, 0x61, 0x74, 0x61, 0x00, 0x2e,
    0x63, 0x6f, 0x6d, 0x6d, 0x65, 0x6e, 0x74, 0x00, 0x00, 0x00, 0x00, 0x00,
    0x00, 0x00, 0x00, 0x00, 0x00, 0x00, 0x00, 0x00, 0x00, 0x00, 0x00, 0x00,
    0x00, 0x00, 0x00, 0x00, 0x00, 0x00, 0x00, 0x00, 0x00, 0x00, 0x00, 0x00,
    0x00, 0x00, 0x00, 0x00, 0x00, 0x00, 0x00, 0x00, 0x00, 0x00, 0x00, 0x00,
    0x1b, 0x00, 0x00, 0x00, 0x01, 0x00, 0x00, 0x00, 0x06, 0x00, 0x00, 0x00,
    0x00, 0x00, 0x00, 0x01, 0x80, 0x00, 0x00, 0x00, 0xc1, 0x04, 0x00, 0x00,
    0x00, 0x00, 0x00, 0x00, 0x00, 0x00, 0x00, 0x00, 0x10, 0x00, 0x00, 0x00,
    0x00, 0x00, 0x00, 0x00, 0x21, 0x00, 0x00, 0x00, 0x01, 0x00, 0x00, 0x00,
    0x06, 0x00, 0x00, 0x00, 0xd0, 0x04, 0x00, 0x01, 0x50, 0x05, 0x00, 0x00,
    0xb2, 0x00, 0x00, 0x00, 0x00, 0x00, 0x00, 0x00, 0x00, 0x00, 0x00, 0x00,
    0x10, 0x00, 0x00, 0x00, 0x00, 0x00, 0x00, 0x00, 0x2f, 0x00, 0x00, 0x00,
    0x01, 0x00, 0x00, 0x00, 0x02, 0x00, 0x00, 0x00, 0x84, 0x05, 0x00, 0x01,
    0x04, 0x06, 0x00, 0x00, 0xe0, 0x05, 0x00, 0x00, 0x00, 0x00, 0x00, 0x00,
    0x00, 0x00, 0x00, 0x00, 0x04, 0x00, 0x00, 0x00, 0x00, 0x00, 0x00, 0x00,
    0x39, 0x00, 0x00, 0x00, 0x01, 0x00, 0x00, 0x00, 0x32, 0x00, 0x00, 0x00,
    0x64, 0x0b, 0x00, 0x01, 0xe4, 0x0b, 0x00, 0x00, 0x20, 0x00, 0x00, 0x00,
    0x00, 0x00, 0x00, 0x00, 0x00, 0x00, 0x00, 0x00, 0x01, 0x00, 0x00, 0x00,
    0x01, 0x00, 0x00, 0x00, 0x48, 0x00, 0x00, 0x00, 0x01, 0x00, 0x00, 0x00,
    0x03, 0x00, 0x00, 0x00, 0x84, 0x0b, 0x00, 0x01, 0x04, 0x0c, 0x00, 0x00,
    0x04, 0x00, 0x00, 0x00, 0x00, 0x00, 0x00, 0x00, 0x00, 0x00, 0x00, 0x00,
    0x04, 0x00, 0x00, 0x00, 0x00, 0x00, 0x00, 0x00, 0x4e, 0x00, 0x00, 0x00,
    0x01, 0x00, 0x00, 0x00, 0x30, 0x00, 0x00, 0x00, 0x00, 0x00, 0x00, 0x00,
    0x08, 0x0c, 0x00, 0x00, 0x26, 0x00, 0x00, 0x00, 0x00, 0x00, 0x00, 0x00,
    0x00, 0x00, 0x00, 0x00, 0x01, 0x00, 0x00, 0x00, 0x01, 0x00, 0x00, 0x00,
    0x01, 0x00, 0x00, 0x00, 0x02, 0x00, 0x00, 0x00, 0x00, 0x00, 0x00, 0x00,
    0x00, 0x00, 0x00, 0x00, 0x30, 0x0c, 0x00, 0x00, 0x60, 0x02, 0x00, 0x00,
    0x08, 0x00, 0x00, 0x00, 0x04, 0x00, 0x00, 0x00, 0x04, 0x00, 0x00, 0x00,
    0x10, 0x00, 0x00, 0x00, 0x09, 0x00, 0x00, 0x00, 0x03, 0x00, 0x00, 0x00,
    0x00, 0x00, 0x00, 0x00, 0x00, 0x00, 0x00, 0x00, 0x90, 0x0e, 0x00, 0x00,
    0x4d, 0x01, 0x00, 0x00, 0x00, 0x00, 0x00, 0x00, 0x00, 0x00, 0x00, 0x00,
    0x01, 0x00, 0x00, 0x00, 0x00, 0x00, 0x00, 0x00, 0x11, 0x00, 0x00, 0x00,
    0x03, 0x00, 0x00, 0x00, 0x00, 0x00, 0x00, 0x00, 0x00, 0x00, 0x00, 0x00,
    0xdd, 0x0f, 0x00, 0x00, 0x57, 0x00, 0x00, 0x00, 0x00, 0x00, 0x00, 0x00,
    0x00, 0x00, 0x00, 0x00, 0x01, 0x00, 0x00, 0x00, 0x00, 0x00, 0x00, 0x00,
};

static const unsigned char prog_cat_elf[] = {
    0x7f, 0x45, 0x4c, 0x46, 0x01, 0x01, 0x01, 0x00, 0x00, 0x00, 0x00, 0x00,
    0x00, 0x00, 0x00, 0x00, 0x02, 0x00, 0x03, 0x00, 0x01, 0x00, 0x00, 0x00,
    0x00, 0x00, 0x00, 0x01, 0x34, 0x00, 0x00, 0x00, 0x7c, 0x10, 0x00, 0x00,
    0x00, 0x00, 0x00, 0x00, 0x34, 0x00, 0x20, 0x00, 0x02, 0x00, 0x28, 0x00,
    0x0b, 0x00, 0x0a, 0x00, 0x01, 0x00, 0x00, 0x00, 0x80, 0x00, 0x00, 0x00,
    0x00, 0x00, 0x00, 0x01, 0x00, 0x00, 0x00, 0x01, 0xb4, 0x0b, 0x00, 0x00,
    0xc0, 0x0f, 0x00, 0x00, 0x07, 0x00, 0x00, 0x00, 0x20, 0x00, 0x00, 0x00,
    0x51, 0xe5, 0x74, 0x64, 0x00, 0x00, 0x00, 0x00, 0x00, 0x00, 0x00, 0x00,
    0x00, 0x00, 0x00, 0x00, 0x00, 0x00, 0x00, 0x00, 0x00, 0x00, 0x00, 0x00,
    0x06, 0x00, 0x00, 0x00, 0x10, 0x00, 0x00, 0x00, 0x00, 0x00, 0x00, 0x00,
    0x00, 0x00, 0x00, 0x00, 0x00, 0x00, 0x00, 0x00, 0x57, 0x56, 0x53, 0x31,
    0xdb, 0x89, 0xde, 0x89, 0xdf, 0xe8, 0xc2, 0x04, 0x00, 0x00, 0xb8, 0x10,
    0x00, 0x00, 0x00, 0x89, 0xd9, 0x89, 0xda, 0xcd, 0x80, 0xeb, 0xfe, 0x2e,
    0x8d, 0x74, 0x26, 0x00, 0x31, 0xc0, 0x57, 0x89, 0xc1, 0x56, 0x89, 0xc2,
    0x89, 0xc6, 0x53, 0x89, 0xc7, 0x8b, 0x5c, 0x24, 0x10, 0xcd, 0x80, 0x5b,
    0x5e, 0x5f, 0xc3, 0x90, 0x2e, 0x8d, 0xb4, 0x26, 0x00, 0x00, 0x00, 0x00,
    0x31, 0xc9, 0x57, 0xb8, 0x01, 0x00, 0x00, 0x00, 0x56, 0x89, 0xca, 0x89,
    0xce, 0x89, 0xcf, 0x53, 0x8b, 0x5c, 0x24, 0x10, 0xcd, 0x80, 0x5b, 0x5e,
    0x5f, 0xc3, 0x8d, 0xb6, 0x00, 0x00, 0x00, 0x00, 0x31, 0xc9, 0x57, 0xb8,
    0x02, 0x00, 0x00, 0x00, 0x56, 0x89, 0xca, 0x89, 0xce, 0x89, 0xcf, 0x53,
    0x8b, 0x5c, 0x24, 0x10, 0xcd, 0x80, 0x5b, 0x5e, 0x5f, 0xc3, 0x8d, 0xb6,
    0x00, 0x00, 0x00, 0x00, 0x31, 0xc9, 0x57, 0xb8, 0x03, 0x00, 0x00, 0x00,
    0x56, 0x89, 0xca, 0x89, 0xce, 0x89, 0xcf, 0x53, 0x0f, 0xbe, 0x5c, 0x24,
    0x10, 0xcd, 0x80, 0x5b, 0x5e, 0x5f, 0xc3, 0x2e, 0x8d, 0x74, 0x26, 0x00,
    0x57, 0xb8, 0x04, 0x00, 0x00, 0x00, 0x56, 0x31, 0xf6, 0x53, 0x89, 0xf7,
    0x8b, 0x4c, 0x24, 0x14, 0x8b, 0x54, 0x24, 0x18, 0x8b, 0x5c, 0x24, 0x10,
    0xcd, 0x80, 0x5b, 0x5e, 0x5f, 0xc3, 0x66, 0x90, 0x57, 0xb8, 0x05, 0x00,
    0x00, 0x00, 0x56, 0x31, 0xf6, 0x53, 0x89, 0xf7, 0x8b, 0x4c, 0x24, 0x14,
    0x8b, 0x54, 0x24, 0x18, 0x8b, 0x5c, 0x24, 0x10, 0xcd, 0x80, 0x5b, 0x5e,
    0x5f, 0xc3, 0x66, 0x90, 0x31, 0xc9, 0x57, 0xb8, 0x06, 0x00, 0x00, 0x00,
    0x56, 0x89, 0xca, 0x89, 0xce, 0x89, 0xcf, 0x53, 0x8b, 0x5c, 0x24, 0x10,
    0xcd, 0x80, 0x5b, 0x5e, 0x5f, 0xc3, 0x8d, 0xb6, 0x00, 0x00, 0x00, 0x00,
    0x31, 0xc9, 0x57, 0xb8, 0x07, 0x00, 0x00, 0x00, 0x56, 0x89, 0xca, 0x89,
    0xce, 0x89, 0xcf, 0x53, 0x8b, 0x5c, 0x24, 0x10, 0xcd, 0x80, 0x5b, 0x5e,
    0x5f, 0xc3, 0x8d, 0xb6, 0x00, 0x00, 0x00, 0x00, 0x31, 0xc9, 0x57, 0xb8,
    0x08, 0x00, 0x00, 0x00, 0x56, 0x89, 0xca, 0x89, 0xce, 0x89, 0xcf, 0x53,
    0x8b, 0x5c, 0x24, 0x10, 0xcd, 0x80, 0x5b, 0x5e, 0x5f, 0xc3, 0x8d, 0xb6,
    0x00, 0x00, 0x00, 0x00, 0x57, 0xb8, 0x09, 0x00, 0x00, 0x00, 0x56, 0x31,
    0xf6, 0x53, 0x89, 0xf7, 0x8b, 0x4c, 0x24, 0x14, 0x8b, 0x54, 0x24, 0x18,
    0x8b, 0x5c, 0x24, 0x10, 0xcd, 0x80, 0x5b, 0x5e, 0x5f, 0xc3, 0x66, 0x90,
    0x57, 0xb8, 0x0a, 0x00, 0x00, 0x00, 0x56, 0x53, 0x31, 0xdb, 0x89, 0xd9,
    0x89, 0xda, 0x89, 0xde, 0x89, 0xdf, 0xcd, 0x80, 0x5b, 0x5e, 0x5f, 0xc3,
    0x2e, 0x8d, 0xb4, 0x26, 0x00, 0x00, 0x00, 0x00, 0x57, 0xb8, 0x0b, 0x00,
    0x00, 0x00, 0x56, 0x53, 0x31, 0xdb, 0x89, 0xd9, 0x89, 0xda, 0x89, 0xde,
    0x89, 0xdf, 0xcd, 0x80, 0x5b, 0x5e, 0x5f, 0xc3, 0x2e, 0x8d, 0xb4, 0x26,
    0x00, 0x00, 0x00, 0x00, 0x57, 0xb8, 0x0c, 0x00, 0x00, 0x00, 0x56, 0x53,
    0x31, 0xdb, 0x89, 0xd9, 0x89, 0xda, 0x89, 0xde, 0x89, 0xdf, 0xcd, 0x80,
    0x5b, 0x5e, 0x5f, 0xc3, 0x2e, 0x8d, 0xb4, 0x26, 0x00, 0x00, 0x00, 0x00,
    0x57, 0xb8, 0x0d, 0x00, 0x00, 0x00, 0x56, 0x53, 0x31, 0xdb, 0x89, 0xd9,
    0x89, 0xda, 0x89, 0xde, 0x89, 0xdf, 0xcd, 0x80, 0x5b, 0x5e, 0x5f, 0xc3,
    0x2e, 0x8d, 0xb4, 0x26, 0x00, 0x00, 0x00, 0x00, 0x57, 0xb8, 0x0e, 0x00,
    0x00, 0x00, 0x56, 0x53, 0x31, 0xdb, 0x89, 0xd9, 0x89, 0xda, 0x89, 0xde,
    0x89, 0xdf, 0xcd, 0x80, 0x5b, 0x5e, 0x5f, 0xc3, 0x2e, 0x8d, 0xb4, 0x26,
    0x00, 0x00, 0x00, 0x00, 0x31, 0xd2, 0x57, 0xb8, 0x0f, 0x00, 0x00, 0x00,
    0x56, 0x89, 0xd7, 0x89, 0xd6, 0x53, 0x8b, 0x4c, 0x24, 0x14, 0x8b, 0x5c,
    0x24, 0x10, 0xcd, 0x80, 0x5b, 0x5e, 0x5f, 0xc3, 0x8d, 0x74, 0x26, 0x00,
    0x57, 0xb8, 0x10, 0x00, 0x00, 0x00, 0x56, 0x53, 0x31, 0xdb, 0x89, 0xd9,
    0x89, 0xda, 0x89, 0xde, 0x89, 0xdf, 0xcd, 0x80, 0xeb, 0xfe, 0x66, 0x90,
    0x2e, 0x8d, 0xb4, 0x26, 0x00, 0x00, 0x00, 0x00, 0x55, 0xb8, 0x11, 0x00,
    0x00, 0x00, 0x57, 0x56, 0x53, 0x31, 0xdb, 0x89, 0xd9, 0x89, 0xda, 0x89,
    0xde, 0x89, 0xdf, 0xcd, 0x80, 0x85, 0xc0, 0x79, 0x20, 0xbd, 0x12, 0x00,
    0x00, 0x00, 0x66, 0x90, 0x31, 0xdb, 0x89, 0xe8, 0x89, 0xd9, 0x89, 0xda,
    0x89, 0xde, 0x89, 0xdf, 0xcd, 0x80, 0xb8, 0x11, 0x00, 0x00, 0x00, 0xcd,
    0x80, 0x85, 0xc0, 0x78, 0xe7, 0x5b, 0x5e, 0x5f, 0x5d, 0xc3, 0x66, 0x90,
    0x57, 0xb8, 0x12, 0x00, 0x00, 0x00, 0x56, 0x53, 0x31, 0xdb, 0x89, 0xd9,
    0x89, 0xda, 0x89, 0xde, 0x89, 0xdf, 0xcd, 0x80, 0x5b, 0x5e, 0x5f, 0xc3,
    0x2e, 0x8d, 0xb4, 0x26, 0x00, 0x00, 0x00, 0x00, 0x57, 0xb8, 0x13, 0x00,
    0x00, 0x00, 0x56, 0x53, 0x31, 0xdb, 0x89, 0xd9, 0x89, 0xda, 0x89, 0xde,
    0x89, 0xdf, 0xcd, 0x80, 0x5b, 0x5e, 0x5f, 0xc3, 0x2e, 0x8d, 0xb4, 0x26,
    0x00, 0x00, 0x00, 0x00, 0x31, 0xd2, 0x57, 0xb8, 0x14, 0x00, 0x00, 0x00,
    0x56, 0x89, 0xd7, 0x89, 0xd6, 0x53, 0x8b, 0x4c, 0x24, 0x14, 0x8b, 0x5c,
    0x24, 0x10, 0xcd, 0x80, 0x5b, 0x5e, 0x5f, 0xc3, 0x8d, 0x74, 0x26, 0x00,
    0x31, 0xc9, 0x57, 0xb8, 0x15, 0x00, 0x00, 0x00, 0x56, 0x89, 0xca, 0x89,
    0xce, 0x89, 0xcf, 0x53, 0x8b, 0x5c, 0x24, 0x10, 0xcd, 0x80, 0x5b, 0x5e,
    0x5f, 0xc3, 0x8d, 0xb6, 0x00, 0x00, 0x00, 0x00, 0x57, 0xb8, 0x16, 0x00,
    0x00, 0x00, 0x56, 0x53, 0x31, 0xdb, 0x89, 0xd9, 0x89, 0xda, 0x89, 0xde,
    0x89, 0xdf, 0xcd, 0x80, 0x5b, 0x5e, 0x5f, 0xc3, 0x2e, 0x8d, 0xb4, 0x26,
    0x00, 0x00, 0x00, 0x00, 0x57, 0xb8, 0x1d, 0x00, 0x00, 0x00, 0x56, 0x53,
    0x31, 0xdb, 0x89, 0xd9, 0x89, 0xda, 0x89, 0xde, 0x89, 0xdf, 0xcd, 0x80,
    0x5b, 0x5e, 0x5f, 0xc3, 0x2e, 0x8d, 0xb4, 0x26, 0x00, 0x00, 0x00, 0x00,
    0x57, 0xb8, 0x17, 0x00, 0x00, 0x00, 0x31, 0xff, 0x56, 0x53, 0x8b, 0x4c,
    0x24, 0x14, 0x8b, 0x54, 0x24, 0x18, 0x8b, 0x5c, 0x24, 0x10, 0x8b, 0x74,
    0x24, 0x1c, 0xcd, 0x80, 0x5b, 0x5e, 0x5f, 0xc3, 0x57, 0xb8, 0x18, 0x00,
    0x00, 0x00, 0x56, 0x53, 0x8b, 0x4c, 0x24, 0x14, 0x8b, 0x54, 0x24, 0x18,
    0x8b, 0x5c, 0x24, 0x10, 0x8b, 0x74, 0x24, 0x1c, 0x8b, 0x7c, 0x24, 0x20,
    0xcd, 0x80, 0x5b, 0x5e, 0x5f, 0xc3, 0x8d, 0xb6, 0x00, 0x00, 0x00, 0x00,
    0x2e, 0x8d, 0xb4, 0x26, 0x00, 0x00, 0x00, 0x00, 0x57, 0x31, 0xc9, 0x56,
    0x89, 0xca, 0x89, 0xce, 0x89, 0xcf, 0x53, 0x83, 0xec, 0x20, 0x8b, 0x44,
    0x24, 0x30, 0x8d, 0x5c, 0x24, 0x04, 0x89, 0x44, 0x24, 0x04, 0x8b, 0x44,
    0x24, 0x34, 0x89, 0x44, 0x24, 0x08, 0x8b, 0x44, 0x24, 0x38, 0x89, 0x44,
    0x24, 0x0c, 0x8b, 0x44, 0x24, 0x3c, 0x89, 0x44, 0x24, 0x10, 0x8b, 0x44,
    0x24, 0x40, 0x89, 0x44, 0x24, 0x14, 0x8b, 0x44, 0x24, 0x44, 0x89, 0x44,
    0x24, 0x18, 0x8b, 0x44, 0x24, 0x48, 0x89, 0x44, 0x24, 0x1c, 0xb8, 0x19,
    0x00, 0x00, 0x00, 0xcd, 0x80, 0x83, 0xc4, 0x20, 0x5b, 0x5e, 0x5f, 0xc3,
    0x2e, 0x8d, 0xb4, 0x26, 0x00, 0x00, 0x00, 0x00, 0x57, 0x31, 0xc9, 0x56,
    0x89, 0xca, 0x89, 0xce, 0x89, 0xcf, 0x53, 0x83, 0xec, 0x20, 0x8b, 0x44,
    0x24, 0x30, 0x8d, 0x5c, 0x24, 0x04, 0x89, 0x44, 0x24, 0x04, 0x8b, 0x44,
    0x24, 0x34, 0x89, 0x44, 0x24, 0x08, 0x8b, 0x44, 0x24, 0x38, 0x89, 0x44,
    0x24, 0x0c, 0x8b, 0x44, 0x24, 0x3c, 0x89, 0x44, 0x24, 0x10, 0x8b, 0x44,
    0x24, 0x40, 0x89, 0x44, 0x24, 0x14, 0x8b, 0x44, 0x24, 0x44, 0x89, 0x44,
    0x24, 0x18, 0x8b, 0x44, 0x24, 0x48, 0x89, 0x44, 0x24, 0x1c, 0xb8, 0x1a,
    0x00, 0x00, 0x00, 0xcd, 0x80, 0x83, 0xc4, 0x20, 0x5b, 0x5e, 0x5f, 0xc3,
    0x2e, 0x8d, 0xb4, 0x26, 0x00, 0x00, 0x00, 0x00, 0x31, 0xc9, 0x57, 0xb8,
    0x1b, 0x00, 0x00, 0x00, 0x56, 0x89, 0xca, 0x89, 0xce, 0x89, 0xcf, 0x53,
    0x8b, 0x5c, 0x24, 0x10, 0xcd, 0x80, 0x5b, 0x5e, 0x5f, 0xc3, 0x8d, 0xb6,
    0x00, 0x00, 0x00, 0x00, 0x57, 0xb8, 0x1c, 0x00, 0x00, 0x00, 0x56, 0x31,
    0xf6, 0x53, 0x89, 0xf7, 0x8b, 0x4c, 0x24, 0x14, 0x8b, 0x54, 0x24, 0x18,
    0x8b, 0x5c, 0x24, 0x10, 0xcd, 0x80, 0x5b, 0x5e, 0x5f, 0xc3, 0x66, 0x90,
    0x8b, 0x44, 0x24, 0x04, 0x8b, 0x15, 0xb0, 0x0b, 0x00, 0x01, 0x83, 0xc0,
    0x0f, 0x83, 0xe0, 0xf0, 0x01, 0xd0, 0x3d, 0x00, 0x00, 0x80, 0x01, 0x77,
    0x0f, 0xa3, 0xb0, 0x0b, 0x00, 0x01, 0x89, 0xd0, 0xc3, 0x8d, 0xb4, 0x26,
    0x00, 0x00, 0x00, 0x00, 0x31, 0xd2, 0x89, 0xd0, 0xc3, 0x8d, 0x76, 0x00,
    0xc3, 0x00, 0x00, 0x00, 0x00, 0x00, 0x00, 0x00, 0x00, 0x00, 0x00, 0x00,
    0x00, 0x00, 0x00, 0x00, 0x8d, 0x4c, 0x24, 0x04, 0x83, 0xe4, 0xf0, 0xff,
    0x71, 0xfc, 0x55, 0x89, 0xe5, 0x53, 0x51, 0x8d, 0x9d, 0xf8, 0xfe, 0xff,
    0xff, 0x81, 0xec, 0x18, 0x01, 0x00, 0x00, 0x68, 0x00, 0x01, 0x00, 0x00,
    0x53, 0xe8, 0x0a, 0xfd, 0xff, 0xff, 0x0f, 0xb6, 0x85, 0xf8, 0xfe, 0xff,
    0xff, 0x83, 0xc4, 0x10, 0x3c, 0x20, 0x75, 0x17, 0x8d, 0x74, 0x26, 0x00,
    0x2e, 0x8d, 0xb4, 0x26, 0x00, 0x00, 0x00, 0x00, 0x0f, 0xb6, 0x43, 0x01,
    0x83, 0xc3, 0x01, 0x3c, 0x20, 0x74, 0xf5, 0x84, 0xc0, 0x74, 0x67, 0x83,
    0xec, 0x0c, 0x53, 0xe8, 0xd8, 0xfb, 0xff, 0xff, 0x83, 0xc4, 0x10, 0x85,
    0xc0, 0x78, 0x69, 0xba, 0xff, 0x03, 0x00, 0x00, 0x39, 0xd0, 0x0f, 0x4e,
    0xd0, 0x50, 0x52, 0x89, 0x95, 0xf4, 0xfe, 0xff, 0xff, 0x68, 0xc0, 0x0b,
    0x00, 0x01, 0x53, 0xe8, 0x74, 0xfb, 0xff, 0xff, 0x83, 0xc4, 0x10, 0x85,
    0xc0, 0x7e, 0x29, 0x8b, 0x95, 0xf4, 0xfe, 0xff, 0xff, 0x83, 0xec, 0x0c,
    0xc6, 0x82, 0xc0, 0x0b, 0x00, 0x01, 0x00, 0x68, 0xad, 0x0b, 0x00, 0x01,
    0xe8, 0xb3, 0xfa, 0xff, 0xff, 0xc7, 0x04, 0x24, 0xc0, 0x0b, 0x00, 0x01,
    0xe8, 0xa7, 0xfa, 0xff, 0xff, 0x83, 0xc4, 0x10, 0x8d, 0x65, 0xf8, 0x59,
    0x5b, 0x5d, 0x8d, 0x61, 0xfc, 0xc3, 0x83, 0xec, 0x0c, 0x68, 0x84, 0x0b,
    0x00, 0x01, 0xe8, 0x8d, 0xfa, 0xff, 0xff, 0x83, 0xc4, 0x10, 0xeb, 0xe4,
    0x83, 0xec, 0x0c, 0x68, 0x9b, 0x0b, 0x00, 0x01, 0xe8, 0x7b, 0xfa, 0xff,
    0xff, 0x89, 0x1c, 0x24, 0xe8, 0x73, 0xfa, 0xff, 0xff, 0x83, 0xc4, 0x10,
    0xeb, 0xca, 0x00, 0x00, 0x14, 0x00, 0x00, 0x00, 0x00, 0x00, 0x00, 0x00,
    0x01, 0x7a, 0x52, 0x00, 0x01, 0x7c, 0x08, 0x01, 0x1b, 0x0c, 0x04, 0x04,
    0x88, 0x01, 0x00, 0x00, 0x1c, 0x00, 0x00, 0x00, 0x1c, 0x00, 0x00, 0x00,
    0x2c, 0xfa, 0xff, 0xff, 0x1b, 0x00, 0x00, 0x00, 0x00, 0x41, 0x0e, 0x08,
    0x87, 0x02, 0x41, 0x0e, 0x0c, 0x86, 0x03, 0x41, 0x0e, 0x10, 0x83, 0x04,
    0x28, 0x00, 0x00, 0x00, 0x3c, 0x00, 0x00, 0x00, 0x2c, 0xfa, 0xff, 0xff,
    0x17, 0x00, 0x00, 0x00, 0x00, 0x43, 0x0e, 0x08, 0x87, 0x02, 0x43, 0x0e,
    0x0c, 0x86, 0x03, 0x45, 0x0e, 0x10, 0x83, 0x04, 0x49, 0xc3, 0x0e, 0x0c,
    0x41, 0xc6, 0x0e, 0x08, 0x41, 0xc7, 0x0e, 0x04, 0x28, 0x00, 0x00, 0x00,
    0x68, 0x00, 0x00, 0x00, 0x20, 0xfa, 0xff, 0xff, 0x1a, 0x00, 0x00, 0x00,
    0x00, 0x43, 0x0e, 0x08, 0x87, 0x02, 0x46, 0x0e, 0x0c, 0x86, 0x03, 0x47,
    0x0e, 0x10, 0x83, 0x04, 0x47, 0xc3, 0x0e, 0x0c, 0x41, 0xc6, 0x0e, 0x08,
    0x41, 0xc7, 0x0e, 0x04, 0x28, 0x00, 0x00, 0x00, 0x94, 0x00, 0x00, 0x00,
    0x14, 0xfa, 0xff, 0xff, 0x1a, 0x00, 0x00, 0x00, 0x00, 0x43, 0x0e, 0x08,
    0x87, 0x02, 0x46, 0x0e, 0x0c, 0x86, 0x03, 0x47, 0x0e, 0x10, 0x83, 0x04,
    0x47, 0xc3, 0x0e, 0x0c, 0x41, 0xc6, 0x0e, 0x08, 0x41, 0xc7, 0x0e, 0x04,
    0x28, 0x00, 0x00, 0x00, 0xc0, 0x00, 0x00, 0x00, 0x08, 0xfa, 0xff, 0xff,
    0x1b, 0x00, 0x00, 0x00, 0x00, 0x43, 0x0e, 0x08, 0x87, 0x02, 0x46, 0x0e,
    0x0c, 0x86, 0x03, 0x47, 0x0e, 0x10, 0x83, 0x04, 0x48, 0xc3, 0x0e, 0x0c,
    0x41, 0xc6, 0x0e, 0x08, 0x41, 0xc7, 0x0e, 0x04, 0x28, 0x00, 0x00, 0x00,
    0xec, 0x00, 0x00, 0x00, 0xfc, 0xf9, 0xff, 0xff, 0x1e, 0x00, 0x00, 0x00,
    0x00, 0x41, 0x0e, 0x08, 0x87, 0x02, 0x46, 0x0e, 0x0c, 0x86, 0x03, 0x43,
    0x0e, 0x10, 0x83, 0x04, 0x51, 0xc3, 0x0e, 0x0c, 0x41, 0xc6, 0x0e, 0x08,
    0x41, 0xc7, 0x0e, 0x04, 0x28, 0x00, 0x00, 0x00, 0x18, 0x01, 0x00, 0x00,
    0xf0, 0xf9, 0xff, 0xff, 0x1e, 0x00, 0x00, 0x00, 0x00, 0x41, 0x0e, 0x08,
    0x87, 0x02, 0x46, 0x0e, 0x0c, 0x86, 0x03, 0x43, 0x0e, 0x10, 0x83, 0x04,
    0x51, 0xc3, 0x0e, 0x0c, 0x41, 0xc6, 0x0e, 0x08, 0x41, 0xc7, 0x0e, 0x04,
    0x28, 0x00, 0x00, 0x00, 0x44, 0x01, 0x00, 0x00, 0xe4, 0xf9, 0xff, 0xff,
    0x1a, 0x00, 0x00, 0x00, 0x00, 0x43, 0x0e, 0x08, 0x87, 0x02, 0x46, 0x0e,
    0x0c, 0x86, 0x03, 0x47, 0x0e, 0x10, 0x83, 0x04, 0x47, 0xc3, 0x0e, 0x0c,
    0x41, 0xc6, 0x0e, 0x08, 0x41, 0xc7, 0x0e, 0x04, 0x28, 0x00, 0x00, 0x00,
    0x70, 0x01, 0x00, 0x00, 0xd8, 0xf9, 0xff, 0xff, 0x1a, 0x00, 0x00, 0x00,
    0x00, 0x43, 0x0e, 0x08, 0x87, 0x02, 0x46, 0x0e, 0x0c, 0x86, 0x03, 0x47,
    0x0e, 0x10, 0x83, 0x04, 0x47, 0xc3, 0x0e, 0x0c, 0x41, 0xc6, 0x0e, 0x08,
    0x41, 0xc7, 0x0e, 0x04, 0x28, 0x00, 0x00, 0x00, 0x9c, 0x01, 0x00, 0x00,
    0xcc, 0xf9, 0xff, 0xff, 0x1a, 0x00, 0x00, 0x00, 0x00, 0x43, 0x0e, 0x08,
    0x87, 0x02, 0x46, 0x0e, 0x0c, 0x86, 0x03, 0x47, 0x0e, 0x10, 0x83, 0x04,
    0x47, 0xc3, 0x0e, 0x0c, 0x41, 0xc6, 0x0e, 0x08, 0x41, 0xc7, 0x0e, 0x04,
    0x28, 0x00, 0x00, 0x00, 0xc8, 0x01, 0x00, 0x00, 0xc0, 0xf9, 0xff, 0xff,
    0x1e, 0x00, 0x00, 0x00, 0x00, 0x41, 0x0e, 0x08, 0x87, 0x02, 0x46, 0x0e,
    0x0c, 0x86, 0x03, 0x43, 0x0e, 0x10, 0x83, 0x04, 0x51, 0xc3, 0x0e, 0x0c,
    0x41, 0xc6, 0x0e, 0x08, 0x41, 0xc7, 0x0e, 0x04, 0x28, 0x00, 0x00, 0x00,
    0xf4, 0x01, 0x00, 0x00, 0xb4, 0xf9, 0xff, 0xff, 0x18, 0x00, 0x00, 0x00,
    0x00, 0x41, 0x0e, 0x08, 0x87, 0x02, 0x46, 0x0e, 0x0c, 0x86, 0x03, 0x41,
    0x0e, 0x10, 0x83, 0x04, 0x4d, 0xc3, 0x0e, 0x0c, 0x41, 0xc6, 0x0e, 0x08,
    0x41, 0xc7, 0x0e, 0x04, 0x28, 0x00, 0x00, 0x00, 0x20, 0x02, 0x00, 0x00,
    0xa8, 0xf9, 0xff, 0xff, 0x18, 0x00, 0x00, 0x00, 0x00, 0x41, 0x0e, 0x08,
    0x87, 0x02, 0x46, 0x0e, 0x0c, 0x86, 0x03, 0x41, 0x0e, 0x10, 0x83, 0x04,
    0x4d, 0xc3, 0x0e, 0x0c, 0x41, 0xc6, 0x0e, 0x08, 0x41, 0xc7, 0x0e, 0x04,
    0x28, 0x00, 0x00, 0x00, 0x4c, 0x02, 0x00, 0x00, 0x9c, 0xf9, 0xff, 0xff,
    0x18, 0x00, 0x00, 0x00, 0x00, 0x41, 0x0e, 0x08, 0x87, 0x02, 0x46, 0x0e,
    0x0c, 0x86, 0x03, 0x41, 0x0e, 0x10, 0x83, 0x04, 0x4d, 0xc3, 0x0e, 0x0c,
    0x41, 0xc6, 0x0e, 0x08, 0x41, 0xc7, 0x0e, 0x04, 0x28, 0x00, 0x00, 0x00,
    0x78, 0x02, 0x00, 0x00, 0x90, 0xf9, 0xff, 0xff, 0x18, 0x00, 0x00, 0x00,
    0x00, 0x41, 0x0e, 0x08, 0x87, 0x02, 0x46, 0x0e, 0x0c, 0x86, 0x03, 0x41,
    0x0e, 0x10, 0x83, 0x04, 0x4d, 0xc3, 0x0e, 0x0c, 0x41, 0xc6, 0x0e, 0x08,
    0x41, 0xc7, 0x0e, 0x04, 0x28, 0x00, 0x00, 0x00, 0xa4, 0x02, 0x00, 0x00,
    0x84, 0xf9, 0xff, 0xff, 0x18, 0x00, 0x00, 0x00, 0x00, 0x41, 0x0e, 0x08,
    0x87, 0x02, 0x46, 0x0e, 0x0c, 0x86, 0x03, 0x41, 0x0e, 0x10, 0x83, 0x04,
    0x4d, 0xc3, 0x0e, 0x0c, 0x41, 0xc6, 0x0e, 0x08, 0x41, 0xc7, 0x0e, 0x04,
    0x28, 0x00, 0x00, 0x00, 0xd0, 0x02, 0x00, 0x00, 0x78, 0xf9, 0xff, 0xff,
    0x1c, 0x00, 0x00, 0x00, 0x00, 0x43, 0x0e, 0x08, 0x87, 0x02, 0x46, 0x0e,
    0x0c, 0x86, 0x03, 0x45, 0x0e, 0x10, 0x83, 0x04, 0x4b, 0xc3, 0x0e, 0x0c,
    0x41, 0xc6, 0x0e, 0x08, 0x41, 0xc7, 0x0e, 0x04, 0x1c, 0x00, 0x00, 0x00,
    0xfc, 0x02, 0x00, 0x00, 0x6c, 0xf9, 0xff, 0xff, 0x16, 0x00, 0x00, 0x00,
    0x00, 0x41, 0x0e, 0x08, 0x87, 0x02, 0x46, 0x0e, 0x0c, 0x86, 0x03, 0x41,
    0x0e, 0x10, 0x83, 0x04, 0x34, 0x00, 0x00, 0x00, 0x1c, 0x03, 0x00, 0x00,
    0x6c, 0xf9, 0xff, 0xff, 0x3e, 0x00, 0x00, 0x00, 0x00, 0x41, 0x0e, 0x08,
    0x85, 0x02, 0x46, 0x0e, 0x0c, 0x87, 0x03, 0x41, 0x0e, 0x10, 0x86, 0x04,
    0x41, 0x0e, 0x14, 0x83, 0x05, 0x71, 0xc3, 0x0e, 0x10, 0x41, 0xc6, 0x0e,
    0x0c, 0x41, 0xc7, 0x0e, 0x08, 0x41, 0xc5, 0x0e, 0x04, 0x00, 0x00, 0x00,
    0x28, 0x00, 0x00, 0x00, 0x54, 0x03, 0x00, 0x00, 0x74, 0xf9, 0xff, 0xff,
    0x18, 0x00, 0x00, 0x00, 0x00, 0x41, 0x0e, 0x08, 0x87, 0x02, 0x46, 0x0e,
    0x0c, 0x86, 0x03, 0x41, 0x0e, 0x10, 0x83, 0x04, 0x4d, 0xc3, 0x0e, 0x0c,
    0x41, 0xc6, 0x0e, 0x08, 0x41, 0xc7, 0x0e, 0x04, 0x28, 0x00, 0x00, 0x00,
    0x80, 0x03, 0x00, 0x00, 0x68, 0xf9, 0xff, 0xff, 0x18, 0x00, 0x00, 0x00,
    0x00, 0x41, 0x0e, 0x08, 0x87, 0x02, 0x46, 0x0e, 0x0c, 0x86, 0x03, 0x41,
    0x0e, 0x10, 0x83, 0x04, 0x4d, 0xc3, 0x0e, 0x0c, 0x41, 0xc6, 0x0e, 0x08,
    0x41, 0xc7, 0x0e, 0x04, 0x28, 0x00, 0x00, 0x00, 0xac, 0x03, 0x00, 0x00,
    0x5c, 0xf9, 0xff, 0xff, 0x1c, 0x00, 0x00, 0x00, 0x00, 0x43, 0x0e, 0x08,
    0x87, 0x02, 0x46, 0x0e, 0x0c, 0x86, 0x03, 0x45, 0x0e, 0x10, 0x83, 0x04,
    0x4b, 0xc3, 0x0e, 0x0c, 0x41, 0xc6, 0x0e, 0x08, 0x41, 0xc7, 0x0e, 0x04,
    0x28, 0x00, 0x00, 0x00, 0xd8, 0x03, 0x00, 0x00, 0x50, 0xf9, 0xff, 0xff,
    0x1a, 0x00, 0x00, 0x00, 0x00, 0x43, 0x0e, 0x08, 0x87, 0x02, 0x46, 0x0e,
    0x0c, 0x86, 0x03, 0x47, 0x0e, 0x10, 0x83, 0x04, 0x47, 0xc3, 0x0e, 0x0c,
    0x41, 0xc6, 0x0e, 0x08, 0x41, 0xc7, 0x0e, 0x04, 0x28, 0x00, 0x00, 0x00,
    0x04, 0x04, 0x00, 0x00, 0x44, 0xf9, 0xff, 0xff, 0x18, 0x00, 0x00, 0x00,
    0x00, 0x41, 0x0e, 0x08, 0x87, 0x02, 0x46, 0x0e, 0x0c, 0x86, 0x03, 0x41,
    0x0e, 0x10, 0x83, 0x04, 0x4d, 0xc3, 0x0e, 0x0c, 0x41, 0xc6, 0x0e, 0x08,
    0x41, 0xc7, 0x0e, 0x04, 0x28, 0x00, 0x00, 0x00, 0x30, 0x04, 0x00, 0x00,
    0x38, 0xf9, 0xff, 0xff, 0x18, 0x00, 0x00, 0x00, 0x00, 0x41, 0x0e, 0x08,
    0x87, 0x02, 0x46, 0x0e, 0x0c, 0x86, 0x03, 0x41, 0x0e, 0x10, 0x83, 0x04,
    0x4d, 0xc3, 0x0e, 0x0c, 0x41, 0xc6, 0x0e, 0x08, 0x41, 0xc7, 0x0e, 0x04,
    0x28, 0x00, 0x00, 0x00, 0x5c, 0x04, 0x00, 0x00, 0x2c, 0xf9, 0xff, 0xff,
    0x20, 0x00, 0x00, 0x00, 0x00, 0x41, 0x0e, 0x08, 0x87, 0x02, 0x48, 0x0e,
    0x0c, 0x86, 0x03, 0x41, 0x0e, 0x10, 0x83, 0x04, 0x53, 0xc3, 0x0e, 0x0c,
    0x41, 0xc6, 0x0e, 0x08, 0x41, 0xc7, 0x0e, 0x04, 0x28, 0x00, 0x00, 0x00,
    0x88, 0x04, 0x00, 0x00, 0x20, 0xf9, 0xff, 0xff, 0x22, 0x00, 0x00, 0x00,
    0x00, 0x41, 0x0e, 0x08, 0x87, 0x02, 0x46, 0x0e, 0x0c, 0x86, 0x03, 0x41,
    0x0e, 0x10, 0x83, 0x04, 0x57, 0xc3, 0x0e, 0x0c, 0x41, 0xc6, 0x0e, 0x08,
    0x41, 0xc7, 0x0e, 0x04, 0x30, 0x00, 0x00, 0x00, 0xb4, 0x04, 0x00, 0x00,
    0x24, 0xf9, 0xff, 0xff, 0x58, 0x00, 0x00, 0x00, 0x00, 0x41, 0x0e, 0x08,
    0x87, 0x02, 0x43, 0x0e, 0x0c, 0x86, 0x03, 0x47, 0x0e, 0x10, 0x83, 0x04,
    0x43, 0x0e, 0x30, 0x02, 0x46, 0x0e, 0x10, 0x41, 0xc3, 0x0e, 0x0c, 0x41,
    0xc6, 0x0e, 0x08, 0x41, 0xc7, 0x0e, 0x04, 0x00, 0x30, 0x00, 0x00, 0x00,
    0xe8, 0x04, 0x00, 0x00, 0x50, 0xf9, 0xff, 0xff, 0x58, 0x00, 0x00, 0x00,
    0x00, 0x41, 0x0e, 0x08, 0x87, 0x02, 0x43, 0x0e, 0x0c, 0x86, 0x03, 0x47,
    0x0e, 0x10, 0x83, 0x04, 0x43, 0x0e, 0x30, 0x02, 0x46, 0x0e, 0x10, 0x41,
    0xc3, 0x0e, 0x0c, 0x41, 0xc6, 0x0e, 0x08, 0x41, 0xc7, 0x0e, 0x04, 0x00,
    0x28, 0x00, 0x00, 0x00, 0x1c, 0x05, 0x00, 0x00, 0x7c, 0xf9, 0xff, 0xff,
    0x1a, 0x00, 0x00, 0x00, 0x00, 0x43, 0x0e, 0x08, 0x87, 0x02, 0x46, 0x0e,
    0x0c, 0x86, 0x03, 0x47, 0x0e, 0x10, 0x83, 0x04, 0x47, 0xc3, 0x0e, 0x0c,
    0x41, 0xc6, 0x0e, 0x08, 0x41, 0xc7, 0x0e, 0x04, 0x28, 0x00, 0x00, 0x00,
    0x48, 0x05, 0x00, 0x00, 0x70, 0xf9, 0xff, 0xff, 0x1e, 0x00, 0x00, 0x00,
    0x00, 0x41, 0x0e, 0x08, 0x87, 0x02, 0x46, 0x0e, 0x0c, 0x86, 0x03, 0x43,
    0x0e, 0x10, 0x83, 0x04, 0x51, 0xc3, 0x0e, 0x0c, 0x41, 0xc6, 0x0e, 0x08,
    0x41, 0xc7, 0x0e, 0x04, 0x10, 0x00, 0x00, 0x00, 0x74, 0x05, 0x00, 0x00,
    0x64, 0xf9, 0xff, 0xff, 0x2d, 0x00, 0x00, 0x00, 0x00, 0x00, 0x00, 0x00,
    0x10, 0x00, 0x00, 0x00, 0x88, 0x05, 0x00, 0x00, 0x80, 0xf9, 0xff, 0xff,
    0x01, 0x00, 0x00, 0x00, 0x00, 0x00, 0x00, 0x00, 0x34, 0x00, 0x00, 0x00,
    0x9c, 0x05, 0x00, 0x00, 0x7c, 0xf9, 0xff, 0xff, 0xe2, 0x00, 0x00, 0x00,
    0x00, 0x44, 0x0c, 0x01, 0x00, 0x49, 0x10, 0x05, 0x02, 0x75, 0x00, 0x42,
    0x0f, 0x03, 0x75, 0x78, 0x06, 0x10, 0x03, 0x02, 0x75, 0x7c, 0x02, 0xa1,
    0x0a, 0xc1, 0x0c, 0x01, 0x00, 0x41, 0xc3, 0x41, 0xc5, 0x43, 0x0c, 0x04,
    0x04, 0x41, 0x0b, 0x00, 0x0a, 0x55, 0x73, 0x61, 0x67, 0x65, 0x3a, 0x20,
    0x63, 0x61, 0x74, 0x20, 0x3c, 0x66, 0x69, 0x6c, 0x65, 0x6e, 0x61, 0x6d,
    0x65, 0x3e, 0x00, 0x0a, 0x46, 0x69, 0x6c, 0x65, 0x20, 0x6e, 0x6f, 0x74,
    0x20, 0x66, 0x6f, 0x75, 0x6e, 0x64, 0x3a, 0x20, 0x00, 0x0a, 0x00, 0x00,
    0x00, 0x00, 0x10, 0x01, 0x47, 0x43, 0x43, 0x3a, 0x20, 0x28, 0x55, 0x62,
    0x75, 0x6e, 0x74, 0x75, 0x20, 0x31, 0x35, 0x2e, 0x32, 0x2e, 0x30, 0x2d,
    0x31, 0x36, 0x75, 0x62, 0x75, 0x6e, 0x74, 0x75, 0x31, 0x29, 0x20, 0x31,
    0x35, 0x2e, 0x32, 0x2e, 0x30, 0x00, 0x00, 0x00, 0x00, 0x00, 0x00, 0x00,
    0x00, 0x00, 0x00, 0x00, 0x00, 0x00, 0x00, 0x00, 0x00, 0x00, 0x00, 0x00,
    0x01, 0x00, 0x00, 0x00, 0x00, 0x00, 0x00, 0x00, 0x00, 0x00, 0x00, 0x00,
    0x04, 0x00, 0xf1, 0xff, 0x0a, 0x00, 0x00, 0x00, 0xb0, 0x0b, 0x00, 0x01,
    0x04, 0x00, 0x00, 0x00, 0x01, 0x00, 0x05, 0x00, 0x14, 0x00, 0x00, 0x00,
    0x00, 0x00, 0x00, 0x00, 0x00, 0x00, 0x00, 0x00, 0x04, 0x00, 0xf1, 0xff,
    0x1a, 0x00, 0x00, 0x00, 0xc0, 0x0b, 0x00, 0x01, 0x00, 0x04, 0x00, 0x00,
    0x01, 0x00, 0x06, 0x00, 0x20, 0x00, 0x00, 0x00, 0x80, 0x00, 0x00, 0x01,
    0x1b, 0x00, 0x00, 0x00, 0x12, 0x00, 0x01, 0x00, 0x28, 0x00, 0x00, 0x00,
    0x50, 0x04, 0x00, 0x01, 0x1a, 0x00, 0x00, 0x00, 0x12, 0x00, 0x01, 0x00,
    0x33, 0x00, 0x00, 0x00, 0x80, 0x02, 0x00, 0x01, 0x18, 0x00, 0x00, 0x00,
    0x12, 0x00, 0x01, 0x00, 0x39, 0x00, 0x00, 0x00, 0x20, 0x00, 0x00, 0x01,
    0x17, 0x00, 0x00, 0x00, 0x12, 0x00, 0x01, 0x00, 0x3f, 0x00, 0x00, 0x00,
    0x00, 0x01, 0x00, 0x01, 0x1a, 0x00, 0x00, 0x00, 0x12, 0x00, 0x01, 0x00,
    0x4b, 0x00, 0x00, 0x00, 0xa0, 0x02, 0x00, 0x01, 0x18, 0x00, 0x00, 0x00,
    0x12, 0x00, 0x01, 0x00, 0x52, 0x00, 0x00, 0x00, 0x00, 0x02, 0x00, 0x01,
    0x1c, 0x00, 0x00, 0x00, 0x12, 0x00, 0x01, 0x00, 0x5b, 0x00, 0x00, 0x00,
    0x90, 0x04, 0x00, 0x01, 0x2d, 0x00, 0x00, 0x00, 0x12, 0x00, 0x01, 0x00,
    0x62, 0x00, 0x00, 0x00, 0xc0, 0x02, 0x00, 0x01, 0x1c, 0x00, 0x00, 0x00,
    0x12, 0x00, 0x01, 0x00, 0x6b, 0x00, 0x00, 0x00, 0x60, 0x00, 0x00, 0x01,
    0x1a, 0x00, 0x00, 0x00, 0x12, 0x00, 0x01, 0x00, 0x75, 0x00, 0x00, 0x00,
    0x00, 0x03, 0x00, 0x01, 0x18, 0x00, 0x00, 0x00, 0x12, 0x00, 0x01, 0x00,
    0x85, 0x00, 0x00, 0x00, 0x70, 0x04, 0x00, 0x01, 0x1e, 0x00, 0x00, 0x00,
    0x12, 0x00, 0x01, 0x00, 0x8b, 0x00, 0x00, 0x00, 0x40, 0x01, 0x00, 0x01,
    0x1e, 0x00, 0x00, 0x00, 0x12, 0x00, 0x01, 0x00, 0x97, 0x00, 0x00, 0x00,
    0xf0, 0x03, 0x00, 0x01, 0x58, 0x00, 0x00, 0x00, 0x12, 0x00, 0x01, 0x00,
    0xa1, 0x00, 0x00, 0x00, 0x60, 0x01, 0x00, 0x01, 0x18, 0x00, 0x00, 0x00,
    0x12, 0x00, 0x01, 0x00, 0xaa, 0x00, 0x00, 0x00, 0xa0, 0x01, 0x00, 0x01,
    0x18, 0x00, 0x00, 0x00, 0x12, 0x00, 0x01, 0x00, 0xb1, 0x00, 0x00, 0x00,
    0x00, 0x00, 0x00, 0x01, 0x1b, 0x00, 0x00, 0x00, 0x12, 0x00, 0x01, 0x00,
    0xb8, 0x00, 0x00, 0x00, 0xc0, 0x00, 0x00, 0x01, 0x1e, 0x00, 0x00, 0x00,
    0x12, 0x00, 0x01, 0x00, 0xc0, 0x00, 0x00, 0x00, 0xe0, 0x02, 0x00, 0x01,
    0x1a, 0x00, 0x00, 0x00, 0x12, 0x00, 0x01, 0x00, 0xc9, 0x00, 0x00, 0x00,
    0xc0, 0x01, 0x00, 0x01, 0x18, 0x00, 0x00, 0x00, 0x12, 0x00, 0x01, 0x00,
    0xcf, 0x00, 0x00, 0x00, 0x90, 0x03, 0x00, 0x01, 0x58, 0x00, 0x00, 0x00,
    0x12, 0x00, 0x01, 0x00, 0xdb, 0x00, 0x00, 0x00, 0x40, 0x02, 0x00, 0x01,
    0x3e, 0x00, 0x00, 0x00, 0x12, 0x00, 0x01, 0x00, 0xe4, 0x00, 0x00, 0x00,
    0x40, 0x03, 0x00, 0x01, 0x20, 0x00, 0x00, 0x00, 0x12, 0x00, 0x01, 0x00,
    0xee, 0x00, 0x00, 0x00, 0xd0, 0x04, 0x00, 0x01, 0xe2, 0x00, 0x00, 0x00,
    0x12, 0x00, 0x02, 0x00, 0xf3, 0x00, 0x00, 0x00, 0x40, 0x00, 0x00, 0x01,
    0x1a, 0x00, 0x00, 0x00, 0x12, 0x00, 0x01, 0x00, 0xfd, 0x00, 0x00, 0x00,
    0xe0, 0x01, 0x00, 0x01, 0x18, 0x00, 0x00, 0x00, 0x12, 0x00, 0x01, 0x00,
    0x06, 0x01, 0x00, 0x00, 0xa0, 0x00, 0x00, 0x01, 0x1e, 0x00, 0x00, 0x00,
    0x12, 0x00, 0x01, 0x00, 0x0f, 0x01, 0x00, 0x00, 0x20, 0x03, 0x00, 0x01,
    0x18, 0x00, 0x00, 0x00, 0x12, 0x00, 0x01, 0x00, 0x1d, 0x01, 0x00, 0x00,
    0x20, 0x01, 0x00, 0x01, 0x1a, 0x00, 0x00, 0x00, 0x12, 0x00, 0x01, 0x00,
    0x27, 0x01, 0x00, 0x00, 0xe0, 0x00, 0x00, 0x01, 0x1a, 0x00, 0x00, 0x00,
    0x12, 0x00, 0x01, 0x00, 0x31, 0x01, 0x00, 0x00, 0x60, 0x03, 0x00, 0x01,
    0x22, 0x00, 0x00, 0x00, 0x12, 0x00, 0x01, 0x00, 0x3d, 0x01, 0x00, 0x00,
    0x20, 0x02, 0x00, 0x01, 0x16, 0x00, 0x00, 0x00, 0x12, 0x00, 0x01, 0x00,
    0x42, 0x01, 0x00, 0x00, 0x80, 0x01, 0x00, 0x01, 0x18, 0x00, 0x00, 0x00,
    0x12, 0x00, 0x01, 0x00, 0x4f, 0x01, 0x00, 0x00, 0xc0, 0x04, 0x00, 0x01,
    0x01, 0x00, 0x00, 0x00, 0x12, 0x00, 0x01, 0x00, 0x00, 0x6c, 0x69, 0x62,
    0x61, 0x6f, 0x73, 0x2e, 0x63, 0x00, 0x68, 0x65, 0x61, 0x70, 0x5f, 0x6e,
    0x65, 0x78, 0x74, 0x00, 0x63, 0x61, 0x74, 0x2e, 0x63, 0x00, 0x62, 0x75,
    0x66, 0x2e, 0x30, 0x00, 0x70, 0x75, 0x74, 0x63, 0x68, 0x61, 0x72, 0x00,
    0x73, 0x65, 0x74, 0x5f, 0x73, 0x74, 0x64, 0x6f, 0x75, 0x74, 0x00, 0x79,
    0x69, 0x65, 0x6c, 0x64, 0x00, 0x70, 0x72, 0x69, 0x6e, 0x74, 0x00, 0x66,
    0x73, 0x5f, 0x67, 0x65, 0x74, 0x5f, 0x73, 0x69, 0x7a, 0x65, 0x00, 0x67,
    0x65, 0x74, 0x70, 0x69, 0x64, 0x00, 0x67, 0x65, 0x74, 0x5f, 0x61, 0x72,
    0x67, 0x73, 0x00, 0x6d, 0x61, 0x6c, 0x6c, 0x6f, 0x63, 0x00, 0x73, 0x65,
    0x6e, 0x64, 0x5f, 0x6d, 0x73, 0x67, 0x00, 0x70, 0x72, 0x69, 0x6e, 0x74,
    0x5f, 0x64, 0x65, 0x63, 0x00, 0x72, 0x65, 0x67, 0x69, 0x73, 0x74, 0x65,
    0x72, 0x5f, 0x65, 0x76, 0x65, 0x6e, 0x74, 0x73, 0x00, 0x73, 0x70, 0x61,
    0x77, 0x6e, 0x00, 0x66, 0x73, 0x5f, 0x6c, 0x69, 0x73, 0x74, 0x5f, 0x67,
    0x65, 0x74, 0x00, 0x66, 0x69, 0x6c, 0x6c, 0x5f, 0x72, 0x65, 0x63, 0x74,
    0x00, 0x67, 0x65, 0x74, 0x5f, 0x74, 0x69, 0x63, 0x6b, 0x00, 0x72, 0x65,
    0x62, 0x6f, 0x6f, 0x74, 0x00, 0x5f, 0x73, 0x74, 0x61, 0x72, 0x74, 0x00,
    0x66, 0x73, 0x5f, 0x72, 0x65, 0x61, 0x64, 0x00, 0x72, 0x65, 0x63, 0x76,
    0x5f, 0x6d, 0x73, 0x67, 0x00, 0x70, 0x61, 0x6e, 0x69, 0x63, 0x00, 0x72,
    0x65, 0x6e, 0x64, 0x65, 0x72, 0x5f, 0x74, 0x65, 0x78, 0x74, 0x00, 0x72,
    0x65, 0x61, 0x64, 0x5f, 0x6b, 0x65, 0x79, 0x00, 0x67, 0x65, 0x74, 0x5f,
    0x6d, 0x6f, 0x75, 0x73, 0x65, 0x00, 0x6d, 0x61, 0x69, 0x6e, 0x00, 0x70,
    0x72, 0x69, 0x6e, 0x74, 0x5f, 0x68, 0x65, 0x78, 0x00, 0x73, 0x68, 0x75,
    0x74, 0x64, 0x6f, 0x77, 0x6e, 0x00, 0x66, 0x73, 0x5f, 0x77, 0x72, 0x69,
    0x74, 0x65, 0x00, 0x67, 0x65, 0x74, 0x5f, 0x65, 0x76, 0x65, 0x6e, 0x74,
    0x5f, 0x70, 0x69, 0x64, 0x00, 0x66, 0x73, 0x5f, 0x65, 0x78, 0x69, 0x73,
    0x74, 0x73, 0x00, 0x66, 0x73, 0x5f, 0x64, 0x65, 0x6c, 0x65, 0x74, 0x65,
    0x00, 0x67, 0x65, 0x74, 0x5f, 0x66, 0x62, 0x5f, 0x69, 0x6e, 0x66, 0x6f,
    0x00, 0x65, 0x78, 0x69, 0x74, 0x00, 0x63, 0x6c, 0x65, 0x61, 0x72, 0x5f,
    0x73, 0x63, 0x72, 0x65, 0x65, 0x6e, 0x00, 0x66, 0x72, 0x65, 0x65, 0x00,
    0x00, 0x2e, 0x73, 0x79, 0x6d, 0x74, 0x61, 0x62, 0x00, 0x2e, 0x73, 0x74,
    0x72, 0x74, 0x61, 0x62, 0x00, 0x2e, 0x73, 0x68, 0x73, 0x74, 0x72, 0x74,
    0x61, 0x62, 0x00, 0x2e, 0x74, 0x65, 0x78, 0x74, 0x00, 0x2e, 0x74, 0x65,
    0x78, 0x74, 0x2e, 0x73, 0x74, 0x61, 0x72, 0x74, 0x75, 0x70, 0x00, 0x2e,
    0x65, 0x68, 0x5f, 0x66, 0x72, 0x61, 0x6d, 0x65, 0x00, 0x2e, 0x72, 0x6f,
    0x64, 0x61, 0x74, 0x61, 0x2e, 0x73, 0x74, 0x72, 0x31, 0x2e, 0x31, 0x00,
    0x2e, 0x64, 0x61, 0x74, 0x61, 0x00, 0x2e, 0x62, 0x73, 0x73, 0x00, 0x2e,
    0x63, 0x6f, 0x6d, 0x6d, 0x65, 0x6e, 0x74, 0x00, 0x00, 0x00, 0x00, 0x00,
    0x00, 0x00, 0x00, 0x00, 0x00, 0x00, 0x00, 0x00, 0x00, 0x00, 0x00, 0x00,
    0x00, 0x00, 0x00, 0x00, 0x00, 0x00, 0x00, 0x00, 0x00, 0x00, 0x00, 0x00,
    0x00, 0x00, 0x00, 0x00, 0x00, 0x00, 0x00, 0x00, 0x00, 0x00, 0x00, 0x00,
    0x1b, 0x00, 0x00, 0x00, 0x01, 0x00, 0x00, 0x00, 0x06, 0x00, 0x00, 0x00,
    0x00, 0x00, 0x00, 0x01, 0x80, 0x00, 0x00, 0x00, 0xc1, 0x04, 0x00, 0x00,
    0x00, 0x00, 0x00, 0x00, 0x00, 0x00, 0x00, 0x00, 0x10, 0x00, 0x00, 0x00,
    0x00, 0x00, 0x00, 0x00, 0x21, 0x00, 0x00, 0x00, 0x01, 0x00, 0x00, 0x00,
    0x06, 0x00, 0x00, 0x00, 0xd0, 0x04, 0x00, 0x01, 0x50, 0x05, 0x00, 0x00,
    0xe2, 0x00, 0x00, 0x00, 0x00, 0x00, 0x00, 0x00, 0x00, 0x00, 0x00, 0x00,
    0x10, 0x00, 0x00, 0x00, 0x00, 0x00, 0x00, 0x00, 0x2f, 0x00, 0x00, 0x00,
    0x01, 0x00, 0x00, 0x00, 0x02, 0x00, 0x00, 0x00, 0xb4, 0x05, 0x00, 0x01,
    0x34, 0x06, 0x00, 0x00, 0xd0, 0x05, 0x00, 0x00, 0x00, 0x00, 0x00, 0x00,
    0x00, 0x00, 0x00, 0x00, 0x04, 0x00, 0x00, 0x00, 0x00, 0x00, 0x00, 0x00,
    0x39, 0x00, 0x00, 0x00, 0x01, 0x00, 0x00, 0x00, 0x32, 0x00, 0x00, 0x00,
    0x84, 0x0b, 0x00, 0x01, 0x04, 0x0c, 0x00, 0x00, 0x2b, 0x00, 0x00, 0x00,
    0x00, 0x00, 0x00, 0x00, 0x00, 0x00, 0x00, 0x00, 0x01, 0x00, 0x00, 0x00,
    0x01, 0x00, 0x00, 0x00, 0x48, 0x00, 0x00, 0x00, 0x01, 0x00, 0x00, 0x00,
    0x03, 0x00, 0x00, 0x00, 0xb0, 0x0b, 0x00, 0x01, 0x30, 0x0c, 0x00, 0x00,
    0x04, 0x00, 0x00, 0x00, 0x00, 0x00, 0x00, 0x00, 0x00, 0x00, 0x00, 0x00,
    0x04, 0x00, 0x00, 0x00, 0x00, 0x00, 0x00, 0x00, 0x4e, 0x00, 0x00, 0x00,
    0x08, 0x00, 0x00, 0x00, 0x03, 0x00, 0x00, 0x00, 0xc0, 0x0b, 0x00, 0x01,
    0x34, 0x0c, 0x00, 0x00, 0x00, 0x04, 0x00, 0x00, 0x00, 0x00, 0x00, 0x00,
    0x00, 0x00, 0x00, 0x00, 0x20, 0x00, 0x00, 0x00, 0x00, 0x00, 0x00, 0x00,
    0x53, 0x00, 0x00, 0x00, 0x01, 0x00, 0x00, 0x00, 0x30, 0x00, 0x00, 0x00,
    0x00, 0x00, 0x00, 0x00, 0x34, 0x0c, 0x00, 0x00, 0x26, 0x00, 0x00, 0x00,
    0x00, 0x00, 0x00, 0x00, 0x00, 0x00, 0x00, 0x00, 0x01, 0x00, 0x00, 0x00,
    0x01, 0x00, 0x00, 0x00, 0x01, 0x00, 0x00, 0x00, 0x02, 0x00, 0x00, 0x00,
    0x00, 0x00, 0x00, 0x00, 0x00, 0x00, 0x00, 0x00, 0x5c, 0x0c, 0x00, 0x00,
    0x70, 0x02, 0x00, 0x00, 0x09, 0x00, 0x00, 0x00, 0x05, 0x00, 0x00, 0x00,
    0x04, 0x00, 0x00, 0x00, 0x10, 0x00, 0x00, 0x00, 0x09, 0x00, 0x00, 0x00,
    0x03, 0x00, 0x00, 0x00, 0x00, 0x00, 0x00, 0x00, 0x00, 0x00, 0x00, 0x00,
    0xcc, 0x0e, 0x00, 0x00, 0x54, 0x01, 0x00, 0x00, 0x00, 0x00, 0x00, 0x00,
    0x00, 0x00, 0x00, 0x00, 0x01, 0x00, 0x00, 0x00, 0x00, 0x00, 0x00, 0x00,
    0x11, 0x00, 0x00, 0x00, 0x03, 0x00, 0x00, 0x00, 0x00, 0x00, 0x00, 0x00,
    0x00, 0x00, 0x00, 0x00, 0x20, 0x10, 0x00, 0x00, 0x5c, 0x00, 0x00, 0x00,
    0x00, 0x00, 0x00, 0x00, 0x00, 0x00, 0x00, 0x00, 0x01, 0x00, 0x00, 0x00,
    0x00, 0x00, 0x00, 0x00,
};

static const unsigned char prog_rm_elf[] = {
    0x7f, 0x45, 0x4c, 0x46, 0x01, 0x01, 0x01, 0x00, 0x00, 0x00, 0x00, 0x00,
    0x00, 0x00, 0x00, 0x00, 0x02, 0x00, 0x03, 0x00, 0x01, 0x00, 0x00, 0x00,
    0x00, 0x00, 0x00, 0x01, 0x34, 0x00, 0x00, 0x00, 0x2c, 0x10, 0x00, 0x00,
    0x00, 0x00, 0x00, 0x00, 0x34, 0x00, 0x20, 0x00, 0x02, 0x00, 0x28, 0x00,
    0x0a, 0x00, 0x09, 0x00, 0x01, 0x00, 0x00, 0x00, 0x80, 0x00, 0x00, 0x00,
    0x00, 0x00, 0x00, 0x01, 0x00, 0x00, 0x00, 0x01, 0x80, 0x0b, 0x00, 0x00,
    0x80, 0x0b, 0x00, 0x00, 0x07, 0x00, 0x00, 0x00, 0x10, 0x00, 0x00, 0x00,
    0x51, 0xe5, 0x74, 0x64, 0x00, 0x00, 0x00, 0x00, 0x00, 0x00, 0x00, 0x00,
    0x00, 0x00, 0x00, 0x00, 0x00, 0x00, 0x00, 0x00, 0x00, 0x00, 0x00, 0x00,
    0x06, 0x00, 0x00, 0x00, 0x10, 0x00, 0x00, 0x00, 0x00, 0x00, 0x00, 0x00,
    0x00, 0x00, 0x00, 0x00, 0x00, 0x00, 0x00, 0x00, 0x57, 0x56, 0x53, 0x31,
    0xdb, 0x89, 0xde, 0x89, 0xdf, 0xe8, 0xc2, 0x04, 0x00, 0x00, 0xb8, 0x10,
    0x00, 0x00, 0x00, 0x89, 0xd9, 0x89, 0xda, 0xcd, 0x80, 0xeb, 0xfe, 0x2e,
    0x8d, 0x74, 0x26, 0x00, 0x31, 0xc0, 0x57, 0x89, 0xc1, 0x56, 0x89, 0xc2,
    0x89, 0xc6, 0x53, 0x89, 0xc7, 0x8b, 0x5c, 0x24, 0x10, 0xcd, 0x80, 0x5b,
    0x5e, 0x5f, 0xc3, 0x90, 0x2e, 0x8d, 0xb4, 0x26, 0x00, 0x00, 0x00, 0x00,
    0x31, 0xc9, 0x57, 0xb8, 0x01, 0x00, 0x00, 0x00, 0x56, 0x89, 0xca, 0x89,
    0xce, 0x89, 0xcf, 0x53, 0x8b, 0x5c, 0x24, 0x10, 0xcd, 0x80, 0x5b, 0x5e,
    0x5f, 0xc3, 0x8d, 0xb6, 0x00, 0x00, 0x00, 0x00, 0x31, 0xc9, 0x57, 0xb8,
    0x02, 0x00, 0x00, 0x00, 0x56, 0x89, 0xca, 0x89, 0xce, 0x89, 0xcf, 0x53,
    0x8b, 0x5c, 0x24, 0x10, 0xcd, 0x80, 0x5b, 0x5e, 0x5f, 0xc3, 0x8d, 0xb6,
    0x00, 0x00, 0x00, 0x00, 0x31, 0xc9, 0x57, 0xb8, 0x03, 0x00, 0x00, 0x00,
    0x56, 0x89, 0xca, 0x89, 0xce, 0x89, 0xcf, 0x53, 0x0f, 0xbe, 0x5c, 0x24,
    0x10, 0xcd, 0x80, 0x5b, 0x5e, 0x5f, 0xc3, 0x2e, 0x8d, 0x74, 0x26, 0x00,
    0x57, 0xb8, 0x04, 0x00, 0x00, 0x00, 0x56, 0x31, 0xf6, 0x53, 0x89, 0xf7,
    0x8b, 0x4c, 0x24, 0x14, 0x8b, 0x54, 0x24, 0x18, 0x8b, 0x5c, 0x24, 0x10,
    0xcd, 0x80, 0x5b, 0x5e, 0x5f, 0xc3, 0x66, 0x90, 0x57, 0xb8, 0x05, 0x00,
    0x00, 0x00, 0x56, 0x31, 0xf6, 0x53, 0x89, 0xf7, 0x8b, 0x4c, 0x24, 0x14,
    0x8b, 0x54, 0x24, 0x18, 0x8b, 0x5c, 0x24, 0x10, 0xcd, 0x80, 0x5b, 0x5e,
    0x5f, 0xc3, 0x66, 0x90, 0x31, 0xc9, 0x57, 0xb8, 0x06, 0x00, 0x00, 0x00,
    0x56, 0x89, 0xca, 0x89, 0xce, 0x89, 0xcf, 0x53, 0x8b, 0x5c, 0x24, 0x10,
    0xcd, 0x80, 0x5b, 0x5e, 0x5f, 0xc3, 0x8d, 0xb6, 0x00, 0x00, 0x00, 0x00,
    0x31, 0xc9, 0x57, 0xb8, 0x07, 0x00, 0x00, 0x00, 0x56, 0x89, 0xca, 0x89,
    0xce, 0x89, 0xcf, 0x53, 0x8b, 0x5c, 0x24, 0x10, 0xcd, 0x80, 0x5b, 0x5e,
    0x5f, 0xc3, 0x8d, 0xb6, 0x00, 0x00, 0x00, 0x00, 0x31, 0xc9, 0x57, 0xb8,
    0x08, 0x00, 0x00, 0x00, 0x56, 0x89, 0xca, 0x89, 0xce, 0x89, 0xcf, 0x53,
    0x8b, 0x5c, 0x24, 0x10, 0xcd, 0x80, 0x5b, 0x5e, 0x5f, 0xc3, 0x8d, 0xb6,
    0x00, 0x00, 0x00, 0x00, 0x57, 0xb8, 0x09, 0x00, 0x00, 0x00, 0x56, 0x31,
    0xf6, 0x53, 0x89, 0xf7, 0x8b, 0x4c, 0x24, 0x14, 0x8b, 0x54, 0x24, 0x18,
    0x8b, 0x5c, 0x24, 0x10, 0xcd, 0x80, 0x5b, 0x5e, 0x5f, 0xc3, 0x66, 0x90,
    0x57, 0xb8, 0x0a, 0x00, 0x00, 0x00, 0x56, 0x53, 0x31, 0xdb, 0x89, 0xd9,
    0x89, 0xda, 0x89, 0xde, 0x89, 0xdf, 0xcd, 0x80, 0x5b, 0x5e, 0x5f, 0xc3,
    0x2e, 0x8d, 0xb4, 0x26, 0x00, 0x00, 0x00, 0x00, 0x57, 0xb8, 0x0b, 0x00,
    0x00, 0x00, 0x56, 0x53, 0x31, 0xdb, 0x89, 0xd9, 0x89, 0xda, 0x89, 0xde,
    0x89, 0xdf, 0xcd, 0x80, 0x5b, 0x5e, 0x5f, 0xc3, 0x2e, 0x8d, 0xb4, 0x26,
    0x00, 0x00, 0x00, 0x00, 0x57, 0xb8, 0x0c, 0x00, 0x00, 0x00, 0x56, 0x53,
    0x31, 0xdb, 0x89, 0xd9, 0x89, 0xda, 0x89, 0xde, 0x89, 0xdf, 0xcd, 0x80,
    0x5b, 0x5e, 0x5f, 0xc3, 0x2e, 0x8d, 0xb4, 0x26, 0x00, 0x00, 0x00, 0x00,
    0x57, 0xb8, 0x0d, 0x00, 0x00, 0x00, 0x56, 0x53, 0x31, 0xdb, 0x89, 0xd9,
    0x89, 0xda, 0x89, 0xde, 0x89, 0xdf, 0xcd, 0x80, 0x5b, 0x5e, 0x5f, 0xc3,
    0x2e, 0x8d, 0xb4, 0x26, 0x00, 0x00, 0x00, 0x00, 0x57, 0xb8, 0x0e, 0x00,
    0x00, 0x00, 0x56, 0x53, 0x31, 0xdb, 0x89, 0xd9, 0x89, 0xda, 0x89, 0xde,
    0x89, 0xdf, 0xcd, 0x80, 0x5b, 0x5e, 0x5f, 0xc3, 0x2e, 0x8d, 0xb4, 0x26,
    0x00, 0x00, 0x00, 0x00, 0x31, 0xd2, 0x57, 0xb8, 0x0f, 0x00, 0x00, 0x00,
    0x56, 0x89, 0xd7, 0x89, 0xd6, 0x53, 0x8b, 0x4c, 0x24, 0x14, 0x8b, 0x5c,
    0x24, 0x10, 0xcd, 0x80, 0x5b, 0x5e, 0x5f, 0xc3, 0x8d, 0x74, 0x26, 0x00,
    0x57, 0xb8, 0x10, 0x00, 0x00, 0x00, 0x56, 0x53, 0x31, 0xdb, 0x89, 0xd9,
    0x89, 0xda, 0x89, 0xde, 0x89, 0xdf, 0xcd, 0x80, 0xeb, 0xfe, 0x66, 0x90,
    0x2e, 0x8d, 0xb4, 0x26, 0x00, 0x00, 0x00, 0x00, 0x55, 0xb8, 0x11, 0x00,
    0x00, 0x00, 0x57, 0x56, 0x53, 0x31, 0xdb, 0x89, 0xd9, 0x89, 0xda, 0x89,
    0xde, 0x89, 0xdf, 0xcd, 0x80, 0x85, 0xc0, 0x79, 0x20, 0xbd, 0x12, 0x00,
    0x00, 0x00, 0x66, 0x90, 0x31, 0xdb, 0x89, 0xe8, 0x89, 0xd9, 0x89, 0xda,
    0x89, 0xde, 0x89, 0xdf, 0xcd, 0x80, 0xb8, 0x11, 0x00, 0x00, 0x00, 0xcd,
    0x80, 0x85, 0xc0, 0x78, 0xe7, 0x5b, 0x5e, 0x5f, 0x5d, 0xc3, 0x66, 0x90,
    0x57, 0xb8, 0x12, 0x00, 0x00, 0x00, 0x56, 0x53, 0x31, 0xdb, 0x89, 0xd9,
    0x89, 0xda, 0x89, 0xde, 0x89, 0xdf, 0xcd, 0x80, 0x5b, 0x5e, 0x5f, 0xc3,
    0x2e, 0x8d, 0xb4, 0x26, 0x00, 0x00, 0x00, 0x00, 0x57, 0xb8, 0x13, 0x00,
    0x00, 0x00, 0x56, 0x53, 0x31, 0xdb, 0x89, 0xd9, 0x89, 0xda, 0x89, 0xde,
    0x89, 0xdf, 0xcd, 0x80, 0x5b, 0x5e, 0x5f, 0xc3, 0x2e, 0x8d, 0xb4, 0x26,
    0x00, 0x00, 0x00, 0x00, 0x31, 0xd2, 0x57, 0xb8, 0x14, 0x00, 0x00, 0x00,
    0x56, 0x89, 0xd7, 0x89, 0xd6, 0x53, 0x8b, 0x4c, 0x24, 0x14, 0x8b, 0x5c,
    0x24, 0x10, 0xcd, 0x80, 0x5b, 0x5e, 0x5f, 0xc3, 0x8d, 0x74, 0x26, 0x00,
    0x31, 0xc9, 0x57, 0xb8, 0x15, 0x00, 0x00, 0x00, 0x56, 0x89, 0xca, 0x89,
    0xce, 0x89, 0xcf, 0x53, 0x8b, 0x5c, 0x24, 0x10, 0xcd, 0x80, 0x5b, 0x5e,
    0x5f, 0xc3, 0x8d, 0xb6, 0x00, 0x00, 0x00, 0x00, 0x57, 0xb8, 0x16, 0x00,
    0x00, 0x00, 0x56, 0x53, 0x31, 0xdb, 0x89, 0xd9, 0x89, 0xda, 0x89, 0xde,
    0x89, 0xdf, 0xcd, 0x80, 0x5b, 0x5e, 0x5f, 0xc3, 0x2e, 0x8d, 0xb4, 0x26,
    0x00, 0x00, 0x00, 0x00, 0x57, 0xb8, 0x1d, 0x00, 0x00, 0x00, 0x56, 0x53,
    0x31, 0xdb, 0x89, 0xd9, 0x89, 0xda, 0x89, 0xde, 0x89, 0xdf, 0xcd, 0x80,
    0x5b, 0x5e, 0x5f, 0xc3, 0x2e, 0x8d, 0xb4, 0x26, 0x00, 0x00, 0x00, 0x00,
    0x57, 0xb8, 0x17, 0x00, 0x00, 0x00, 0x31, 0xff, 0x56, 0x53, 0x8b, 0x4c,
    0x24, 0x14, 0x8b, 0x54, 0x24, 0x18, 0x8b, 0x5c, 0x24, 0x10, 0x8b, 0x74,
    0x24, 0x1c, 0xcd, 0x80, 0x5b, 0x5e, 0x5f, 0xc3, 0x57, 0xb8, 0x18, 0x00,
    0x00, 0x00, 0x56, 0x53, 0x8b, 0x4c, 0x24, 0x14, 0x8b, 0x54, 0x24, 0x18,
    0x8b, 0x5c, 0x24, 0x10, 0x8b, 0x74, 0x24, 0x1c, 0x8b, 0x7c, 0x24, 0x20,
    0xcd, 0x80, 0x5b, 0x5e, 0x5f, 0xc3, 0x8d, 0xb6, 0x00, 0x00, 0x00, 0x00,
    0x2e, 0x8d, 0xb4, 0x26, 0x00, 0x00, 0x00, 0x00, 0x57, 0x31, 0xc9, 0x56,
    0x89, 0xca, 0x89, 0xce, 0x89, 0xcf, 0x53, 0x83, 0xec, 0x20, 0x8b, 0x44,
    0x24, 0x30, 0x8d, 0x5c, 0x24, 0x04, 0x89, 0x44, 0x24, 0x04, 0x8b, 0x44,
    0x24, 0x34, 0x89, 0x44, 0x24, 0x08, 0x8b, 0x44, 0x24, 0x38, 0x89, 0x44,
    0x24, 0x0c, 0x8b, 0x44, 0x24, 0x3c, 0x89, 0x44, 0x24, 0x10, 0x8b, 0x44,
    0x24, 0x40, 0x89, 0x44, 0x24, 0x14, 0x8b, 0x44, 0x24, 0x44, 0x89, 0x44,
    0x24, 0x18, 0x8b, 0x44, 0x24, 0x48, 0x89, 0x44, 0x24, 0x1c, 0xb8, 0x19,
    0x00, 0x00, 0x00, 0xcd, 0x80, 0x83, 0xc4, 0x20, 0x5b, 0x5e, 0x5f, 0xc3,
    0x2e, 0x8d, 0xb4, 0x26, 0x00, 0x00, 0x00, 0x00, 0x57, 0x31, 0xc9, 0x56,
    0x89, 0xca, 0x89, 0xce, 0x89, 0xcf, 0x53, 0x83, 0xec, 0x20, 0x8b, 0x44,
    0x24, 0x30, 0x8d, 0x5c, 0x24, 0x04, 0x89, 0x44, 0x24, 0x04, 0x8b, 0x44,
    0x24, 0x34, 0x89, 0x44, 0x24, 0x08, 0x8b, 0x44, 0x24, 0x38, 0x89, 0x44,
    0x24, 0x0c, 0x8b, 0x44, 0x24, 0x3c, 0x89, 0x44, 0x24, 0x10, 0x8b, 0x44,
    0x24, 0x40, 0x89, 0x44, 0x24, 0x14, 0x8b, 0x44, 0x24, 0x44, 0x89, 0x44,
    0x24, 0x18, 0x8b, 0x44, 0x24, 0x48, 0x89, 0x44, 0x24, 0x1c, 0xb8, 0x1a,
    0x00, 0x00, 0x00, 0xcd, 0x80, 0x83, 0xc4, 0x20, 0x5b, 0x5e, 0x5f, 0xc3,
    0x2e, 0x8d, 0xb4, 0x26, 0x00, 0x00, 0x00, 0x00, 0x31, 0xc9, 0x57, 0xb8,
    0x1b, 0x00, 0x00, 0x00, 0x56, 0x89, 0xca, 0x89, 0xce, 0x89, 0xcf, 0x53,
    0x8b, 0x5c, 0x24, 0x10, 0xcd, 0x80, 0x5b, 0x5e, 0x5f, 0xc3, 0x8d, 0xb6,
    0x00, 0x00, 0x00, 0x00, 0x57, 0xb8, 0x1c, 0x00, 0x00, 0x00, 0x56, 0x31,
    0xf6, 0x53, 0x89, 0xf7, 0x8b, 0x4c, 0x24, 0x14, 0x8b, 0x54, 0x24, 0x18,
    0x8b, 0x5c, 0x24, 0x10, 0xcd, 0x80, 0x5b, 0x5e, 0x5f, 0xc3, 0x66, 0x90,
    0x8b, 0x44, 0x24, 0x04, 0x8b, 0x15, 0x7c, 0x0b, 0x00, 0x01, 0x83, 0xc0,
    0x0f, 0x83, 0xe0, 0xf0, 0x01, 0xd0, 0x3d, 0x00, 0x00, 0x80, 0x01, 0x77,
    0x0f, 0xa3, 0x7c, 0x0b, 0x00, 0x01, 0x89, 0xd0, 0xc3, 0x8d, 0xb4, 0x26,
    0x00, 0x00, 0x00, 0x00, 0x31, 0xd2, 0x89, 0xd0, 0xc3, 0x8d, 0x76, 0x00,
    0xc3, 0x00, 0x00, 0x00, 0x00, 0x00, 0x00, 0x00, 0x00, 0x00, 0x00, 0x00,
    0x00, 0x00, 0x00, 0x00, 0x8d, 0x4c, 0x24, 0x04, 0x83, 0xe4, 0xf0, 0xff,
    0x71, 0xfc, 0x55, 0x89, 0xe5, 0x53, 0x51, 0x8d, 0x9d, 0xf8, 0xfe, 0xff,
    0xff, 0x81, 0xec, 0x08, 0x01, 0x00, 0x00, 0x68, 0x00, 0x01, 0x00, 0x00,
    0x53, 0xe8, 0x0a, 0xfd, 0xff, 0xff, 0x0f, 0xb6, 0x85, 0xf8, 0xfe, 0xff,
    0xff, 0x83, 0xc4, 0x10, 0x3c, 0x20, 0x75, 0x17, 0x8d, 0x74, 0x26, 0x00,
    0x2e, 0x8d, 0xb4, 0x26, 0x00, 0x00, 0x00, 0x00, 0x0f, 0xb6, 0x43, 0x01,
    0x83, 0xc3, 0x01, 0x3c, 0x20, 0x74, 0xf5, 0x84, 0xc0, 0x74, 0x48, 0x83,
    0xec, 0x0c, 0x53, 0xe8, 0xb8, 0xfb, 0xff, 0xff, 0x83, 0xc4, 0x10, 0x85,
    0xc0, 0x74, 0x26, 0x83, 0xec, 0x0c, 0x68, 0x6d, 0x0b, 0x00, 0x01, 0xe8,
    0xe4, 0xfa, 0xff, 0xff, 0x83, 0xc4, 0x10, 0x83, 0xec, 0x0c, 0x53, 0xe8,
    0xd8, 0xfa, 0xff, 0xff, 0x83, 0xc4, 0x10, 0x8d, 0x65, 0xf8, 0x59, 0x5b,
    0x5d, 0x8d, 0x61, 0xfc, 0xc3, 0x83, 0xec, 0x0c, 0x68, 0x62, 0x0b, 0x00,
    0x01, 0xe8, 0xbe, 0xfa, 0xff, 0xff, 0x83, 0xc4, 0x10, 0xeb, 0xd8, 0x83,
    0xec, 0x0c, 0x68, 0x4c, 0x0b, 0x00, 0x01, 0xe8, 0xac, 0xfa, 0xff, 0xff,
    0x83, 0xc4, 0x10, 0xeb, 0xd2, 0x00, 0x00, 0x00, 0x14, 0x00, 0x00, 0x00,
    0x00, 0x00, 0x00, 0x00, 0x01, 0x7a, 0x52, 0x00, 0x01, 0x7c, 0x08, 0x01,
    0x1b, 0x0c, 0x04, 0x04, 0x88, 0x01, 0x00, 0x00, 0x1c, 0x00, 0x00, 0x00,
    0x1c, 0x00, 0x00, 0x00, 0x64, 0xfa, 0xff, 0xff, 0x1b, 0x00, 0x00, 0x00,
    0x00, 0x41, 0x0e, 0x08, 0x87, 0x02, 0x41, 0x0e, 0x0c, 0x86, 0x03, 0x41,
    0x0e, 0x10, 0x83, 0x04, 0x28, 0x00, 0x00, 0x00, 0x3c, 0x00, 0x00, 0x00,
    0x64, 0xfa, 0xff, 0xff, 0x17, 0x00, 0x00, 0x00, 0x00, 0x43, 0x0e, 0x08,
    0x87, 0x02, 0x43, 0x0e, 0x0c, 0x86, 0x03, 0x45, 0x0e, 0x10, 0x83, 0x04,
    0x49, 0xc3, 0x0e, 0x0c, 0x41, 0xc6, 0x0e, 0x08, 0x41, 0xc7, 0x0e, 0x04,
    0x28, 0x00, 0x00, 0x00, 0x68, 0x00, 0x00, 0x00, 0x58, 0xfa, 0xff, 0xff,
    0x1a, 0x00, 0x00, 0x00, 0x00, 0x43, 0x0e, 0x08, 0x87, 0x02, 0x46, 0x0e,
    0x0c, 0x86, 0x03, 0x47, 0x0e, 0x10, 0x83, 0x04, 0x47, 0xc3, 0x0e, 0x0c,
    0x41, 0xc6, 0x0e, 0x08, 0x41, 0xc7, 0x0e, 0x04, 0x28, 0x00, 0x00, 0x00,
    0x94, 0x00, 0x00, 0x00, 0x4c, 0xfa, 0xff, 0xff, 0x1a, 0x00, 0x00, 0x00,
    0x00, 0x43, 0x0e, 0x08, 0x87, 0x02, 0x46, 0x0e, 0x0c, 0x86, 0x03, 0x47,
    0x0e, 0x10, 0x83, 0x04, 0x47, 0xc3, 0x0e, 0x0c, 0x41, 0xc6, 0x0e, 0x08,
    0x41, 0xc7, 0x0e, 0x04, 0x28, 0x00, 0x00, 0x00, 0xc0, 0x00, 0x00, 0x00,
    0x40, 0xfa, 0xff, 0xff, 0x1b, 0x00, 0x00, 0x00, 0x00, 0x43, 0x0e, 0x08,
    0x87, 0x02, 0x46, 0x0e, 0x0c, 0x86, 0x03, 0x47, 0x0e, 0x10, 0x83, 0x04,
    0x48, 0xc3, 0x0e, 0x0c, 0x41, 0xc6, 0x0e, 0x08, 0x41, 0xc7, 0x0e, 0x04,
    0x28, 0x00, 0x00, 0x00, 0xec, 0x00, 0x00, 0x00, 0x34, 0xfa, 0xff, 0xff,
    0x1e, 0x00, 0x00, 0x00, 0x00, 0x41, 0x0e, 0x08, 0x87, 0x02, 0x46, 0x0e,
    0x0c, 0x86, 0x03, 0x43, 0x0e, 0x10, 0x83, 0x04, 0x51, 0xc3, 0x0e, 0x0c,
    0x41, 0xc6, 0x0e, 0x08, 0x41, 0xc7, 0x0e, 0x04, 0x28, 0x00, 0x00, 0x00,
    0x18, 0x01, 0x00, 0x00, 0x28, 0xfa, 0xff, 0xff, 0x1e, 0x00, 0x00, 0x00,
    0x00, 0x41, 0x0e, 0x08, 0x87, 0x02, 0x46, 0x0e, 0x0c, 0x86, 0x03, 0x43,
    0x0e, 0x10, 0x83, 0x04, 0x51, 0xc3, 0x0e, 0x0c, 0x41, 0xc6, 0x0e, 0x08,
    0x41, 0xc7, 0x0e, 0x04, 0x28, 0x00, 0x00, 0x00, 0x44, 0x01, 0x00, 0x00,
    0x1c, 0xfa, 0xff, 0xff, 0x1a, 0x00, 0x00, 0x00, 0x00, 0x43, 0x0e, 0x08,
    0x87, 0x02, 0x46, 0x0e, 0x0c, 0x86, 0x03, 0x47, 0x0e, 0x10, 0x83, 0x04,
    0x47, 0xc3, 0x0e, 0x0c, 0x41, 0xc6, 0x0e, 0x08, 0x41, 0xc7, 0x0e, 0x04,
    0x28, 0x00, 0x00, 0x00, 0x70, 0x01, 0x00, 0x00, 0x10, 0xfa, 0xff, 0xff,
    0x1a, 0x00, 0x00, 0x00, 0x00, 0x43, 0x0e, 0x08, 0x87, 0x02, 0x46, 0x0e,
    0x0c, 0x86, 0x03, 0x47, 0x0e, 0x10, 0x83, 0x04, 0x47, 0xc3, 0x0e, 0x0c,
    0x41, 0xc6, 0x0e, 0x08, 0x41, 0xc7, 0x0e, 0x04, 0x28, 0x00, 0x00, 0x00,
    0x9c, 0x01, 0x00, 0x00, 0x04, 0xfa, 0xff, 0xff, 0x1a, 0x00, 0x00, 0x00,
    0x00, 0x43, 0x0e, 0x08, 0x87, 0x02, 0x46, 0x0e, 0x0c, 0x86, 0x03, 0x47,
    0x0e, 0x10, 0x83, 0x04, 0x47, 0xc3, 0x0e, 0x0c, 0x41, 0xc6, 0x0e, 0x08,
    0x41, 0xc7, 0x0e, 0x04, 0x28, 0x00, 0x00, 0x00, 0xc8, 0x01, 0x00, 0x00,
    0xf8, 0xf9, 0xff, 0xff, 0x1e, 0x00, 0x00, 0x00, 0x00, 0x41, 0x0e, 0x08,
    0x87, 0x02, 0x46, 0x0e, 0x0c, 0x86, 0x03, 0x43, 0x0e, 0x10, 0x83, 0x04,
    0x51, 0xc3, 0x0e, 0x0c, 0x41, 0xc6, 0x0e, 0x08, 0x41, 0xc7, 0x0e, 0x04,
    0x28, 0x00, 0x00, 0x00, 0xf4, 0x01, 0x00, 0x00, 0xec, 0xf9, 0xff, 0xff,
    0x18, 0x00, 0x00, 0x00, 0x00, 0x41, 0x0e, 0x08, 0x87, 0x02, 0x46, 0x0e,
    0x0c, 0x86, 0x03, 0x41, 0x0e, 0x10, 0x83, 0x04, 0x4d, 0xc3, 0x0e, 0x0c,
    0x41, 0xc6, 0x0e, 0x08, 0x41, 0xc7, 0x0e, 0x04, 0x28, 0x00, 0x00, 0x00,
    0x20, 0x02, 0x00, 0x00, 0xe0, 0xf9, 0xff, 0xff, 0x18, 0x00, 0x00, 0x00,
    0x00, 0x41, 0x0e, 0x08, 0x87, 0x02, 0x46, 0x0e, 0x0c, 0x86, 0x03, 0x41,
    0x0e, 0x10, 0x83, 0x04, 0x4d, 0xc3, 0x0e, 0x0c, 0x41, 0xc6, 0x0e, 0x08,
    0x41, 0xc7, 0x0e, 0x04, 0x28, 0x00, 0x00, 0x00, 0x4c, 0x02, 0x00, 0x00,
    0xd4, 0xf9, 0xff, 0xff, 0x18, 0x00, 0x00, 0x00, 0x00, 0x41, 0x0e, 0x08,
    0x87, 0x02, 0x46, 0x0e, 0x0c, 0x86, 0x03, 0x41, 0x0e, 0x10, 0x83, 0x04,
    0x4d, 0xc3, 0x0e, 0x0c, 0x41, 0xc6, 0x0e, 0x08, 0x41, 0xc7, 0x0e, 0x04,
    0x28, 0x00, 0x00, 0x00, 0x78, 0x02, 0x00, 0x00, 0xc8, 0xf9, 0xff, 0xff,
    0x18, 0x00, 0x00, 0x00, 0x00, 0x41, 0x0e, 0x08, 0x87, 0x02, 0x46, 0x0e,
    0x0c, 0x86, 0x03, 0x41, 0x0e, 0x10, 0x83, 0x04, 0x4d, 0xc3, 0x0e, 0x0c,
    0x41, 0xc6, 0x0e, 0x08, 0x41, 0xc7, 0x0e, 0x04, 0x28, 0x00, 0x00, 0x00,
    0xa4, 0x02, 0x00, 0x00, 0xbc, 0xf9, 0xff, 0xff, 0x18, 0x00, 0x00, 0x00,
    0x00, 0x41, 0x0e, 0x08, 0x87, 0x02, 0x46, 0x0e, 0x0c, 0x86, 0x03, 0x41,
    0x0e, 0x10, 0x83, 0x04, 0x4d, 0xc3, 0x0e, 0x0c, 0x41, 0xc6, 0x0e, 0x08,
    0x41, 0xc7, 0x0e, 0x04, 0x28, 0x00, 0x00, 0x00, 0xd0, 0x02, 0x00, 0x00,
    0xb0, 0xf9, 0xff, 0xff, 0x1c, 0x00, 0x00, 0x00, 0x00, 0x43, 0x0e, 0x08,
    0x87, 0x02, 0x46, 0x0e, 0x0c, 0x86, 0x03, 0x45, 0x0e, 0x10, 0x83, 0x04,
    0x4b, 0xc3, 0x0e, 0x0c, 0x41, 0xc6, 0x0e, 0x08, 0x41, 0xc7, 0x0e, 0x04,
    0x1c, 0x00, 0x00, 0x00, 0xfc, 0x02, 0x00, 0x00, 0xa4, 0xf9, 0xff, 0xff,
    0x16, 0x00, 0x00, 0x00, 0x00, 0x41, 0x0e, 0x08, 0x87, 0x02, 0x46, 0x0e,
    0x0c, 0x86, 0x03, 0x41, 0x0e, 0x10, 0x83, 0x04, 0x34, 0x00, 0x00, 0x00,
    0x1c, 0x03, 0x00, 0x00, 0xa4, 0xf9, 0xff, 0xff, 0x3e, 0x00, 0x00, 0x00,
    0x00, 0x41, 0x0e, 0x08, 0x85, 0x02, 0x46, 0x0e, 0x0c, 0x87, 0x03, 0x41,
    0x0e, 0x10, 0x86, 0x04, 0x41, 0x0e, 0x14, 0x83, 0x05, 0x71, 0xc3, 0x0e,
    0x10, 0x41, 0xc6, 0x0e, 0x0c, 0x41, 0xc7, 0x0e, 0x08, 0x41, 0xc5, 0x0e,
    0x04, 0x00, 0x00, 0x00, 0x28, 0x00, 0x00, 0x00, 0x54, 0x03, 0x00, 0x00,
    0xac, 0xf9, 0xff, 0xff, 0x18, 0x00, 0x00, 0x00, 0x00, 0x41, 0x0e, 0x08,
    0x87, 0x02, 0x46, 0x0e, 0x0c, 0x86, 0x03, 0x41, 0x0e, 0x10, 0x83, 0x04,
    0x4d, 0xc3, 0x0e, 0x0c, 0x41, 0xc6, 0x0e, 0x08, 0x41, 0xc7, 0x0e, 0x04,
    0x28, 0x00, 0x00, 0x00, 0x80, 0x03, 0x00, 0x00, 0xa0, 0xf9, 0xff, 0xff,
    0x18, 0x00, 0x00, 0x00, 0x00, 0x41, 0x0e, 0x08, 0x87, 0x02, 0x46, 0x0e,
    0x0c, 0x86, 0x03, 0x41, 0x0e, 0x10, 0x83, 0x04, 0x4d, 0xc3, 0x0e, 0x0c,
    0x41, 0xc6, 0x0e, 0x08, 0x41, 0xc7, 0x0e, 0x04, 0x28, 0x00, 0x00, 0x00,
    0xac, 0x03, 0x00, 0x00, 0x94, 0xf9, 0xff, 0xff, 0x1c, 0x00, 0x00, 0x00,
    0x00, 0x43, 0x0e, 0x08, 0x87, 0x02, 0x46, 0x0e, 0x0c, 0x86, 0x03, 0x45,
    0x0e, 0x10, 0x83, 0x04, 0x4b, 0xc3, 0x0e, 0x0c, 0x41, 0xc6, 0x0e, 0x08,
    0x41, 0xc7, 0x0e, 0x04, 0x28, 0x00, 0x00, 0x00, 0xd8, 0x03, 0x00, 0x00,
    0x88, 0xf9, 0xff, 0xff, 0x1a, 0x00, 0x00, 0x00, 0x00, 0x43, 0x0e, 0x08,
    0x87, 0x02, 0x46, 0x0e, 0x0c, 0x86, 0x03, 0x47, 0x0e, 0x10, 0x83, 0x04,
    0x47, 0xc3, 0x0e, 0x0c, 0x41, 0xc6, 0x0e, 0x08, 0x41, 0xc7, 0x0e, 0x04,
    0x28, 0x00, 0x00, 0x00, 0x04, 0x04, 0x00, 0x00, 0x7c, 0xf9, 0xff, 0xff,
    0x18, 0x00, 0x00, 0x00, 0x00, 0x41, 0x0e, 0x08, 0x87, 0x02, 0x46, 0x0e,
    0x0c, 0x86, 0x03, 0x41, 0x0e, 0x10, 0x83, 0x04, 0x4d, 0xc3, 0x0e, 0x0c,
    0x41, 0xc6, 0x0e, 0x08, 0x41, 0xc7, 0x0e, 0x04, 0x28, 0x00, 0x00, 0x00,
    0x30, 0x04, 0x00, 0x00, 0x70, 0xf9, 0xff, 0xff, 0x18, 0x00, 0x00, 0x00,
    0x00, 0x41, 0x0e, 0x08, 0x87, 0x02, 0x46, 0x0e, 0x0c, 0x86, 0x03, 0x41,
    0x0e, 0x10, 0x83, 0x04, 0x4d, 0xc3, 0x0e, 0x0c, 0x41, 0xc6, 0x0e, 0x08,
    0x41, 0xc7, 0x0e, 0x04, 0x28, 0x00, 0x00, 0x00, 0x5c, 0x04, 0x00, 0x00,
    0x64, 0xf9, 0xff, 0xff, 0x20, 0x00, 0x00, 0x00, 0x00, 0x41, 0x0e, 0x08,
    0x87, 0x02, 0x48, 0x0e, 0x0c, 0x86, 0x03, 0x41, 0x0e, 0x10, 0x83, 0x04,
    0x53, 0xc3, 0x0e, 0x0c, 0x41, 0xc6, 0x0e, 0x08, 0x41, 0xc7, 0x0e, 0x04,
    0x28, 0x00, 0x00, 0x00, 0x88, 0x04, 0x00, 0x00, 0x58, 0xf9, 0xff, 0xff,
    0x22, 0x00, 0x00, 0x00, 0x00, 0x41, 0x0e, 0x08, 0x87, 0x02, 0x46, 0x0e,
    0x0c, 0x86, 0x03, 0x41, 0x0e, 0x10, 0x83, 0x04, 0x57, 0xc3, 0x0e, 0x0c,
    0x41, 0xc6, 0x0e, 0x08, 0x41, 0xc7, 0x0e, 0x04, 0x30, 0x00, 0x00, 0x00,
    0xb4, 0x04, 0x00, 0x00, 0x5c, 0xf9, 0xff, 0xff, 0x58, 0x00, 0x00, 0x00,
    0x00, 0x41, 0x0e, 0x08, 0x87, 0x02, 0x43, 0x0e, 0x0c, 0x86, 0x03, 0x47,
    0x0e, 0x10, 0x83, 0x04, 0x43, 0x0e, 0x30, 0x02, 0x46, 0x0e, 0x10, 0x41,
    0xc3, 0x0e, 0x0c, 0x41, 0xc6, 0x0e, 0x08, 0x41, 0xc7, 0x0e, 0x04, 0x00,
    0x30, 0x00, 0x00, 0x00, 0xe8, 0x04, 0x00, 0x00, 0x88, 0xf9, 0xff, 0xff,
    0x58, 0x00, 0x00, 0x00, 0x00, 0x41, 0x0e, 0x08, 0x87, 0x02, 0x43, 0x0e,
    0x0c, 0x86, 0x03, 0x47, 0x0e, 0x10, 0x83, 0x04, 0x43, 0x0e, 0x30, 0x02,
    0x46, 0x0e, 0x10, 0x41, 0xc3, 0x0e, 0x0c, 0x41, 0xc6, 0x0e, 0x08, 0x41,
    0xc7, 0x0e, 0x04, 0x00, 0x28, 0x00, 0x00, 0x00, 0x1c, 0x05, 0x00, 0x00,
    0xb4, 0xf9, 0xff, 0xff, 0x1a, 0x00, 0x00, 0x00, 0x00, 0x43, 0x0e, 0x08,
    0x87, 0x02, 0x46, 0x0e, 0x0c, 0x86, 0x03, 0x47, 0x0e, 0x10, 0x83, 0x04,
    0x47, 0xc3, 0x0e, 0x0c, 0x41, 0xc6, 0x0e, 0x08, 0x41, 0xc7, 0x0e, 0x04,
    0x28, 0x00, 0x00, 0x00, 0x48, 0x05, 0x00, 0x00, 0xa8, 0xf9, 0xff, 0xff,
    0x1e, 0x00, 0x00, 0x00, 0x00, 0x41, 0x0e, 0x08, 0x87, 0x02, 0x46, 0x0e,
    0x0c, 0x86, 0x03, 0x43, 0x0e, 0x10, 0x83, 0x04, 0x51, 0xc3, 0x0e, 0x0c,
    0x41, 0xc6, 0x0e, 0x08, 0x41, 0xc7, 0x0e, 0x04, 0x10, 0x00, 0x00, 0x00,
    0x74, 0x05, 0x00, 0x00, 0x9c, 0xf9, 0xff, 0xff, 0x2d, 0x00, 0x00, 0x00,
    0x00, 0x00, 0x00, 0x00, 0x10, 0x00, 0x00, 0x00, 0x88, 0x05, 0x00, 0x00,
    0xb8, 0xf9, 0xff, 0xff, 0x01, 0x00, 0x00, 0x00, 0x00, 0x00, 0x00, 0x00,
    0x34, 0x00, 0x00, 0x00, 0x9c, 0x05, 0x00, 0x00, 0xb4, 0xf9, 0xff, 0xff,
    0xa9, 0x00, 0x00, 0x00, 0x00, 0x44, 0x0c, 0x01, 0x00, 0x49, 0x10, 0x05,
    0x02, 0x75, 0x00, 0x42, 0x0f, 0x03, 0x75, 0x78, 0x06, 0x10, 0x03, 0x02,
    0x75, 0x7c, 0x02, 0x70, 0x0a, 0xc1, 0x0c, 0x01, 0x00, 0x41, 0xc3, 0x41,
    0xc5, 0x43, 0x0c, 0x04, 0x04, 0x41, 0x0b, 0x00, 0x0a, 0x55, 0x73, 0x61,
    0x67, 0x65, 0x3a, 0x20, 0x72, 0x6d, 0x20, 0x3c, 0x66, 0x69, 0x6c, 0x65,
    0x6e, 0x61, 0x6d, 0x65, 0x3e, 0x00, 0x0a, 0x44, 0x65, 0x6c, 0x65, 0x74,
    0x65, 0x64, 0x3a, 0x20, 0x00, 0x0a, 0x4e, 0x6f, 0x74, 0x20, 0x66, 0x6f,
    0x75, 0x6e, 0x64, 0x3a, 0x20, 0x00, 0x00, 0x00, 0x00, 0x00, 0x10, 0x01,
    0x47, 0x43, 0x43, 0x3a, 0x20, 0x28, 0x55, 0x62, 0x75, 0x6e, 0x74, 0x75,
    0x20, 0x31, 0x35, 0x2e, 0x32, 0x2e, 0x30, 0x2d, 0x31, 0x36, 0x75, 0x62,
    0x75, 0x6e, 0x74, 0x75, 0x31, 0x29, 0x20, 0x31, 0x35, 0x2e, 0x32, 0x2e,
    0x30, 0x00, 0x00, 0x00, 0x00, 0x00, 0x00, 0x00, 0x00, 0x00, 0x00, 0x00,
    0x00, 0x00, 0x00, 0x00, 0x00, 0x00, 0x00, 0x00, 0x01, 0x00, 0x00, 0x00,
    0x00, 0x00, 0x00, 0x00, 0x00, 0x00, 0x00, 0x00, 0x04, 0x00, 0xf1, 0xff,
    0x0a, 0x00, 0x00, 0x00, 0x7c, 0x0b, 0x00, 0x01, 0x04, 0x00, 0x00, 0x00,
    0x01, 0x00, 0x05, 0x00, 0x14, 0x00, 0x00, 0x00, 0x00, 0x00, 0x00, 0x00,
    0x00, 0x00, 0x00, 0x00, 0x04, 0x00, 0xf1, 0xff, 0x19, 0x00, 0x00, 0x00,
    0x80, 0x00, 0x00, 0x01, 0x1b, 0x00, 0x00, 0x00, 0x12, 0x00, 0x01, 0x00,
    0x21, 0x00, 0x00, 0x00, 0x50, 0x04, 0x00, 0x01, 0x1a, 0x00, 0x00, 0x00,
    0x12, 0x00, 0x01, 0x00, 0x2c, 0x00, 0x00, 0x00, 0x80, 0x02, 0x00, 0x01,
    0x18, 0x00, 0x00, 0x00, 0x12, 0x00, 0x01, 0x00, 0x32, 0x00, 0x00, 0x00,
    0x20, 0x00, 0x00, 0x01, 0x17, 0x00, 0x00, 0x00, 0x12, 0x00, 0x01, 0x00,
    0x38, 0x00, 0x00, 0x00, 0x00, 0x01, 0x00, 0x01, 0x1a, 0x00, 0x00, 0x00,
    0x12, 0x00, 0x01, 0x00, 0x44, 0x00, 0x00, 0x00, 0xa0, 0x02, 0x00, 0x01,
    0x18, 0x00, 0x00, 0x00, 0x12, 0x00, 0x01, 0x00, 0x4b, 0x00, 0x00, 0x00,
    0x00, 0x02, 0x00, 0x01, 0x1c, 0x00, 0x00, 0x00, 0x12, 0x00, 0x01, 0x00,
    0x54, 0x00, 0x00, 0x00, 0x90, 0x04, 0x00, 0x01, 0x2d, 0x00, 0x00, 0x00,
    0x12, 0x00, 0x01, 0x00, 0x5b, 0x00, 0x00, 0x00, 0xc0, 0x02, 0x00, 0x01,
    0x1c, 0x00, 0x00, 0x00, 0x12, 0x00, 0x01, 0x00, 0x64, 0x00, 0x00, 0x00,
    0x60, 0x00, 0x00, 0x01, 0x1a, 0x00, 0x00, 0x00, 0x12, 0x00, 0x01, 0x00,
    0x6e, 0x00, 0x00, 0x00, 0x00, 0x03, 0x00, 0x01, 0x18, 0x00, 0x00, 0x00,
    0x12, 0x00, 0x01, 0x00, 0x7e, 0x00, 0x00, 0x00, 0x70, 0x04, 0x00, 0x01,
    0x1e, 0x00, 0x00, 0x00, 0x12, 0x00, 0x01, 0x00, 0x84, 0x00, 0x00, 0x00,
    0x40, 0x01, 0x00, 0x01, 0x1e, 0x00, 0x00, 0x00, 0x12, 0x00, 0x01, 0x00,
    0x90, 0x00, 0x00, 0x00, 0xf0, 0x03, 0x00, 0x01, 0x58, 0x00, 0x00, 0x00,
    0x12, 0x00, 0x01, 0x00, 0x9a, 0x00, 0x00, 0x00, 0x60, 0x01, 0x00, 0x01,
    0x18, 0x00, 0x00, 0x00, 0x12, 0x00, 0x01, 0x00, 0xa3, 0x00, 0x00, 0x00,
    0xa0, 0x01, 0x00, 0x01, 0x18, 0x00, 0x00, 0x00, 0x12, 0x00, 0x01, 0x00,
    0xaa, 0x00, 0x00, 0x00, 0x00, 0x00, 0x00, 0x01, 0x1b, 0x00, 0x00, 0x00,
    0x12, 0x00, 0x01, 0x00, 0xb1, 0x00, 0x00, 0x00, 0xc0, 0x00, 0x00, 0x01,
    0x1e, 0x00, 0x00, 0x00, 0x12, 0x00, 0x01, 0x00, 0xb9, 0x00, 0x00, 0x00,
    0xe0, 0x02, 0x00, 0x01, 0x1a, 0x00, 0x00, 0x00, 0x12, 0x00, 0x01, 0x00,
    0xc2, 0x00, 0x00, 0x00, 0xc0, 0x01, 0x00, 0x01, 0x18, 0x00, 0x00, 0x00,
    0x12, 0x00, 0x01, 0x00, 0xc8, 0x00, 0x00, 0x00, 0x90, 0x03, 0x00, 0x01,
    0x58, 0x00, 0x00, 0x00, 0x12, 0x00, 0x01, 0x00, 0xd4, 0x00, 0x00, 0x00,
    0x40, 0x02, 0x00, 0x01, 0x3e, 0x00, 0x00, 0x00, 0x12, 0x00, 0x01, 0x00,
    0xdd, 0x00, 0x00, 0x00, 0x40, 0x03, 0x00, 0x01, 0x20, 0x00, 0x00, 0x00,
    0x12, 0x00, 0x01, 0x00, 0xe7, 0x00, 0x00, 0x00, 0xd0, 0x04, 0x00, 0x01,
    0xa9, 0x00, 0x00, 0x00, 0x12, 0x00, 0x02, 0x00, 0xec, 0x00, 0x00, 0x00,
    0x40, 0x00, 0x00, 0x01, 0x1a, 0x00, 0x00, 0x00, 0x12, 0x00, 0x01, 0x00,
    0xf6, 0x00, 0x00, 0x00, 0xe0, 0x01, 0x00, 0x01, 0x18, 0x00, 0x00, 0x00,
    0x12, 0x00, 0x01, 0x00, 0xff, 0x00, 0x00, 0x00, 0xa0, 0x00, 0x00, 0x01,
    0x1e, 0x00, 0x00, 0x00, 0x12, 0x00, 0x01, 0x00, 0x08, 0x01, 0x00, 0x00,
    0x20, 0x03, 0x00, 0x01, 0x18, 0x00, 0x00, 0x00, 0x12, 0x00, 0x01, 0x00,
    0x16, 0x01, 0x00, 0x00, 0x20, 0x01, 0x00, 0x01, 0x1a, 0x00, 0x00, 0x00,
    0x12, 0x00, 0x01, 0x00, 0x20, 0x01, 0x00, 0x00, 0xe0, 0x00, 0x00, 0x01,
    0x1a, 0x00, 0x00, 0x00, 0x12, 0x00, 0x01, 0x00, 0x2a, 0x01, 0x00, 0x00,
    0x60, 0x03, 0x00, 0x01, 0x22, 0x00, 0x00, 0x00, 0x12, 0x00, 0x01, 0x00,
    0x36, 0x01, 0x00, 0x00, 0x20, 0x02, 0x00, 0x01, 0x16, 0x00, 0x00, 0x00,
    0x12, 0x00, 0x01, 0x00, 0x3b, 0x01, 0x00, 0x00, 0x80, 0x01, 0x00, 0x01,
    0x18, 0x00, 0x00, 0x00, 0x12, 0x00, 0x01, 0x00, 0x48, 0x01, 0x00, 0x00,
    0xc0, 0x04, 0x00, 0x01, 0x01, 0x00, 0x00, 0x00, 0x12, 0x00, 0x01, 0x00,
    0x00, 0x6c, 0x69, 0x62, 0x61, 0x6f, 0x73, 0x2e, 0x63, 0x00, 0x68, 0x65,
    0x61, 0x70, 0x5f, 0x6e, 0x65, 0x78, 0x74, 0x00, 0x72, 0x6d, 0x2e, 0x63,
    0x00, 0x70, 0x75, 0x74, 0x63, 0x68, 0x61, 0x72, 0x00, 0x73, 0x65, 0x74,
    0x5f, 0x73, 0x74, 0x64, 0x6f, 0x75, 0x74, 0x00, 0x79, 0x69, 0x65, 0x6c,
    0x64, 0x00, 0x70, 0x72, 0x69, 0x6e, 0x74, 0x00, 0x66, 0x73, 0x5f, 0x67,
    0x65, 0x74, 0x5f, 0x73, 0x69, 0x7a, 0x65, 0x00, 0x67, 0x65, 0x74, 0x70,
    0x69, 0x64, 0x00, 0x67, 0x65, 0x74, 0x5f, 0x61, 0x72, 0x67, 0x73, 0x00,
    0x6d, 0x61, 0x6c, 0x6c, 0x6f, 0x63, 0x00, 0x73, 0x65, 0x6e, 0x64, 0x5f,
    0x6d, 0x73, 0x67, 0x00, 0x70, 0x72, 0x69, 0x6e, 0x74, 0x5f, 0x64, 0x65,
    0x63, 0x00, 0x72, 0x65, 0x67, 0x69, 0x73, 0x74, 0x65, 0x72, 0x5f, 0x65,
    0x76, 0x65, 0x6e, 0x74, 0x73, 0x00, 0x73, 0x70, 0x61, 0x77, 0x6e, 0x00,
    0x66, 0x73, 0x5f, 0x6c, 0x69, 0x73, 0x74, 0x5f, 0x67, 0x65, 0x74, 0x00,
    0x66, 0x69, 0x6c, 0x6c, 0x5f, 0x72, 0x65, 0x63, 0x74, 0x00, 0x67, 0x65,
    0x74, 0x5f, 0x74, 0x69, 0x63, 0x6b, 0x00, 0x72, 0x65, 0x62, 0x6f, 0x6f,
    0x74, 0x00, 0x5f, 0x73, 0x74, 0x61, 0x72, 0x74, 0x00, 0x66, 0x73, 0x5f,
    0x72, 0x65, 0x61, 0x64, 0x00, 0x72, 0x65, 0x63, 0x76, 0x5f, 0x6d, 0x73,
    0x67, 0x00, 0x70, 0x61, 0x6e, 0x69, 0x63, 0x00, 0x72, 0x65, 0x6e, 0x64,
    0x65, 0x72, 0x5f, 0x74, 0x65, 0x78, 0x74, 0x00, 0x72, 0x65, 0x61, 0x64,
    0x5f, 0x6b, 0x65, 0x79, 0x00, 0x67, 0x65, 0x74, 0x5f, 0x6d, 0x6f, 0x75,
    0x73, 0x65, 0x00, 0x6d, 0x61, 0x69, 0x6e, 0x00, 0x70, 0x72, 0x69, 0x6e,
    0x74, 0x5f, 0x68, 0x65, 0x78, 0x00, 0x73, 0x68, 0x75, 0x74, 0x64, 0x6f,
    0x77, 0x6e, 0x00, 0x66, 0x73, 0x5f, 0x77, 0x72, 0x69, 0x74, 0x65, 0x00,
    0x67, 0x65, 0x74, 0x5f, 0x65, 0x76, 0x65, 0x6e, 0x74, 0x5f, 0x70, 0x69,
    0x64, 0x00, 0x66, 0x73, 0x5f, 0x65, 0x78, 0x69, 0x73, 0x74, 0x73, 0x00,
    0x66, 0x73, 0x5f, 0x64, 0x65, 0x6c, 0x65, 0x74, 0x65, 0x00, 0x67, 0x65,
    0x74, 0x5f, 0x66, 0x62, 0x5f, 0x69, 0x6e, 0x66, 0x6f, 0x00, 0x65, 0x78,
    0x69, 0x74, 0x00, 0x63, 0x6c, 0x65, 0x61, 0x72, 0x5f, 0x73, 0x63, 0x72,
    0x65, 0x65, 0x6e, 0x00, 0x66, 0x72, 0x65, 0x65, 0x00, 0x00, 0x2e, 0x73,
    0x79, 0x6d, 0x74, 0x61, 0x62, 0x00, 0x2e, 0x73, 0x74, 0x72, 0x74, 0x61,
    0x62, 0x00, 0x2e, 0x73, 0x68, 0x73, 0x74, 0x72, 0x74, 0x61, 0x62, 0x00,
    0x2e, 0x74, 0x65, 0x78, 0x74, 0x00, 0x2e, 0x74, 0x65, 0x78, 0x74, 0x2e,
    0x73, 0x74, 0x61, 0x72, 0x74, 0x75, 0x70, 0x00, 0x2e, 0x65, 0x68, 0x5f,
    0x66, 0x72, 0x61, 0x6d, 0x65, 0x00, 0x2e, 0x72, 0x6f, 0x64, 0x61, 0x74,
    0x61, 0x2e, 0x73, 0x74, 0x72, 0x31, 0x2e, 0x31, 0x00, 0x2e, 0x64, 0x61,
    0x74, 0x61, 0x00, 0x2e, 0x63, 0x6f, 0x6d, 0x6d, 0x65, 0x6e, 0x74, 0x00,
    0x00, 0x00, 0x00, 0x00, 0x00, 0x00, 0x00, 0x00, 0x00, 0x00, 0x00, 0x00,
    0x00, 0x00, 0x00, 0x00, 0x00, 0x00, 0x00, 0x00, 0x00, 0x00, 0x00, 0x00,
    0x00, 0x00, 0x00, 0x00, 0x00, 0x00, 0x00, 0x00, 0x00, 0x00, 0x00, 0x00,
    0x00, 0x00, 0x00, 0x00, 0x1b, 0x00, 0x00, 0x00, 0x01, 0x00, 0x00, 0x00,
    0x06, 0x00, 0x00, 0x00, 0x00, 0x00, 0x00, 0x01, 0x80, 0x00, 0x00, 0x00,
    0xc1, 0x04, 0x00, 0x00, 0x00, 0x00, 0x00, 0x00, 0x00, 0x00, 0x00, 0x00,
    0x10, 0x00, 0x00, 0x00, 0x00, 0x00, 0x00, 0x00, 0x21, 0x00, 0x00, 0x00,
    0x01, 0x00, 0x00, 0x00, 0x06, 0x00, 0x00, 0x00, 0xd0, 0x04, 0x00, 0x01,
    0x50, 0x05, 0x00, 0x00, 0xa9, 0x00, 0x00, 0x00, 0x00, 0x00, 0x00, 0x00,
    0x00, 0x00, 0x00, 0x00, 0x10, 0x00, 0x00, 0x00, 0x00, 0x00, 0x00, 0x00,
    0x2f, 0x00, 0x00, 0x00, 0x01, 0x00, 0x00, 0x00, 0x02, 0x00, 0x00, 0x00,
    0x7c, 0x05, 0x00, 0x01, 0xfc, 0x05, 0x00, 0x00, 0xd0, 0x05, 0x00, 0x00,
    0x00, 0x00, 0x00, 0x00, 0x00, 0x00, 0x00, 0x00, 0x04, 0x00, 0x00, 0x00,
    0x00, 0x00, 0x00, 0x00, 0x39, 0x00, 0x00, 0x00, 0x01, 0x00, 0x00, 0x00,
    0x32, 0x00, 0x00, 0x00, 0x4c, 0x0b, 0x00, 0x01, 0xcc, 0x0b, 0x00, 0x00,
    0x2e, 0x00, 0x00, 0x00, 0x00, 0x00, 0x00, 0x00, 0x00, 0x00, 0x00, 0x00,
    0x01, 0x00, 0x00, 0x00, 0x01, 0x00, 0x00, 0x00, 0x48, 0x00, 0x00, 0x00,
    0x01, 0x00, 0x00, 0x00, 0x03, 0x00, 0x00, 0x00, 0x7c, 0x0b, 0x00, 0x01,
    0xfc, 0x0b, 0x00, 0x00, 0x04, 0x00, 0x00, 0x00, 0x00, 0x00, 0x00, 0x00,
    0x00, 0x00, 0x00, 0x00, 0x04, 0x00, 0x00, 0x00, 0x00, 0x00, 0x00, 0x00,
    0x4e, 0x00, 0x00, 0x00, 0x01, 0x00, 0x00, 0x00, 0x30, 0x00, 0x00, 0x00,
    0x00, 0x00, 0x00, 0x00, 0x00, 0x0c, 0x00, 0x00, 0x26, 0x00, 0x00, 0x00,
    0x00, 0x00, 0x00, 0x00, 0x00, 0x00, 0x00, 0x00, 0x01, 0x00, 0x00, 0x00,
    0x01, 0x00, 0x00, 0x00, 0x01, 0x00, 0x00, 0x00, 0x02, 0x00, 0x00, 0x00,
    0x00, 0x00, 0x00, 0x00, 0x00, 0x00, 0x00, 0x00, 0x28, 0x0c, 0x00, 0x00,
    0x60, 0x02, 0x00, 0x00, 0x08, 0x00, 0x00, 0x00, 0x04, 0x00, 0x00, 0x00,
    0x04, 0x00, 0x00, 0x00, 0x10, 0x00, 0x00, 0x00, 0x09, 0x00, 0x00, 0x00,
    0x03, 0x00, 0x00, 0x00, 0x00, 0x00, 0x00, 0x00, 0x00, 0x00, 0x00, 0x00,
    0x88, 0x0e, 0x00, 0x00, 0x4d, 0x01, 0x00, 0x00, 0x00, 0x00, 0x00, 0x00,
    0x00, 0x00, 0x00, 0x00, 0x01, 0x00, 0x00, 0x00, 0x00, 0x00, 0x00, 0x00,
    0x11, 0x00, 0x00, 0x00, 0x03, 0x00, 0x00, 0x00, 0x00, 0x00, 0x00, 0x00,
    0x00, 0x00, 0x00, 0x00, 0xd5, 0x0f, 0x00, 0x00, 0x57, 0x00, 0x00, 0x00,
    0x00, 0x00, 0x00, 0x00, 0x00, 0x00, 0x00, 0x00, 0x01, 0x00, 0x00, 0x00,
    0x00, 0x00, 0x00, 0x00,
};

static const unsigned char prog_format_elf[] = {
    0x7f, 0x45, 0x4c, 0x46, 0x01, 0x01, 0x01, 0x00, 0x00, 0x00, 0x00, 0x00,
    0x00, 0x00, 0x00, 0x00, 0x02, 0x00, 0x03, 0x00, 0x01, 0x00, 0x00, 0x00,
    0x00, 0x00, 0x00, 0x01, 0x34, 0x00, 0x00, 0x00, 0x54, 0x10, 0x00, 0x00,
    0x00, 0x00, 0x00, 0x00, 0x34, 0x00, 0x20, 0x00, 0x02, 0x00, 0x28, 0x00,
    0x0b, 0x00, 0x0a, 0x00, 0x01, 0x00, 0x00, 0x00, 0x80, 0x00, 0x00, 0x00,
    0x00, 0x00, 0x00, 0x01, 0x00, 0x00, 0x00, 0x01, 0x94, 0x0b, 0x00, 0x00,
    0x94, 0x0b, 0x00, 0x00, 0x07, 0x00, 0x00, 0x00, 0x10, 0x00, 0x00, 0x00,
    0x51, 0xe5, 0x74, 0x64, 0x00, 0x00, 0x00, 0x00, 0x00, 0x00, 0x00, 0x00,
    0x00, 0x00, 0x00, 0x00, 0x00, 0x00, 0x00, 0x00, 0x00, 0x00, 0x00, 0x00,
    0x06, 0x00, 0x00, 0x00, 0x10, 0x00, 0x00, 0x00, 0x00, 0x00, 0x00, 0x00,
    0x00, 0x00, 0x00, 0x00, 0x00, 0x00, 0x00, 0x00, 0x57, 0x56, 0x53, 0x31,
    0xdb, 0x89, 0xde, 0x89, 0xdf, 0xe8, 0xc2, 0x04, 0x00, 0x00, 0xb8, 0x10,
    0x00, 0x00, 0x00, 0x89, 0xd9, 0x89, 0xda, 0xcd, 0x80, 0xeb, 0xfe, 0x2e,
    0x8d, 0x74, 0x26, 0x00, 0x31, 0xc0, 0x57, 0x89, 0xc1, 0x56, 0x89, 0xc2,
    0x89, 0xc6, 0x53, 0x89, 0xc7, 0x8b, 0x5c, 0x24, 0x10, 0xcd, 0x80, 0x5b,
    0x5e, 0x5f, 0xc3, 0x90, 0x2e, 0x8d, 0xb4, 0x26, 0x00, 0x00, 0x00, 0x00,
    0x31, 0xc9, 0x57, 0xb8, 0x01, 0x00, 0x00, 0x00, 0x56, 0x89, 0xca, 0x89,
    0xce, 0x89, 0xcf, 0x53, 0x8b, 0x5c, 0x24, 0x10, 0xcd, 0x80, 0x5b, 0x5e,
    0x5f, 0xc3, 0x8d, 0xb6, 0x00, 0x00, 0x00, 0x00, 0x31, 0xc9, 0x57, 0xb8,
    0x02, 0x00, 0x00, 0x00, 0x56, 0x89, 0xca, 0x89, 0xce, 0x89, 0xcf, 0x53,
    0x8b, 0x5c, 0x24, 0x10, 0xcd, 0x80, 0x5b, 0x5e, 0x5f, 0xc3, 0x8d, 0xb6,
    0x00, 0x00, 0x00, 0x00, 0x31, 0xc9, 0x57, 0xb8, 0x03, 0x00, 0x00, 0x00,
    0x56, 0x89, 0xca, 0x89, 0xce, 0x89, 0xcf, 0x53, 0x0f, 0xbe, 0x5c, 0x24,
    0x10, 0xcd, 0x80, 0x5b, 0x5e, 0x5f, 0xc3, 0x2e, 0x8d, 0x74, 0x26, 0x00,
    0x57, 0xb8, 0x04, 0x00, 0x00, 0x00, 0x56, 0x31, 0xf6, 0x53, 0x89, 0xf7,
    0x8b, 0x4c, 0x24, 0x14, 0x8b, 0x54, 0x24, 0x18, 0x8b, 0x5c, 0x24, 0x10,
    0xcd, 0x80, 0x5b, 0x5e, 0x5f, 0xc3, 0x66, 0x90, 0x57, 0xb8, 0x05, 0x00,
    0x00, 0x00, 0x56, 0x31, 0xf6, 0x53, 0x89, 0xf7, 0x8b, 0x4c, 0x24, 0x14,
    0x8b, 0x54, 0x24, 0x18, 0x8b, 0x5c, 0x24, 0x10, 0xcd, 0x80, 0x5b, 0x5e,
    0x5f, 0xc3, 0x66, 0x90, 0x31, 0xc9, 0x57, 0xb8, 0x06, 0x00, 0x00, 0x00,
    0x56, 0x89, 0xca, 0x89, 0xce, 0x89, 0xcf, 0x53, 0x8b, 0x5c, 0x24, 0x10,
    0xcd, 0x80, 0x5b, 0x5e, 0x5f, 0xc3, 0x8d, 0xb6, 0x00, 0x00, 0x00, 0x00,
    0x31, 0xc9, 0x57, 0xb8, 0x07, 0x00, 0x00, 0x00, 0x56, 0x89, 0xca, 0x89,
    0xce, 0x89, 0xcf, 0x53, 0x8b, 0x5c, 0x24, 0x10, 0xcd, 0x80, 0x5b, 0x5e,
    0x5f, 0xc3, 0x8d, 0xb6, 0x00, 0x00, 0x00, 0x00, 0x31, 0xc9, 0x57, 0xb8,
    0x08, 0x00, 0x00, 0x00, 0x56, 0x89, 0xca, 0x89, 0xce, 0x89, 0xcf, 0x53,
    0x8b, 0x5c, 0x24, 0x10, 0xcd, 0x80, 0x5b, 0x5e, 0x5f, 0xc3, 0x8d, 0xb6,
    0x00, 0x00, 0x00, 0x00, 0x57, 0xb8, 0x09, 0x00, 0x00, 0x00, 0x56, 0x31,
    0xf6, 0x53, 0x89, 0xf7, 0x8b, 0x4c, 0x24, 0x14, 0x8b, 0x54, 0x24, 0x18,
    0x8b, 0x5c, 0x24, 0x10, 0xcd, 0x80, 0x5b, 0x5e, 0x5f, 0xc3, 0x66, 0x90,
    0x57, 0xb8, 0x0a, 0x00, 0x00, 0x00, 0x56, 0x53, 0x31, 0xdb, 0x89, 0xd9,
    0x89, 0xda, 0x89, 0xde, 0x89, 0xdf, 0xcd, 0x80, 0x5b, 0x5e, 0x5f, 0xc3,
    0x2e, 0x8d, 0xb4, 0x26, 0x00, 0x00, 0x00, 0x00, 0x57, 0xb8, 0x0b, 0x00,
    0x00, 0x00, 0x56, 0x53, 0x31, 0xdb, 0x89, 0xd9, 0x89, 0xda, 0x89, 0xde,
    0x89, 0xdf, 0xcd, 0x80, 0x5b, 0x5e, 0x5f, 0xc3, 0x2e, 0x8d, 0xb4, 0x26,
    0x00, 0x00, 0x00, 0x00, 0x57, 0xb8, 0x0c, 0x00, 0x00, 0x00, 0x56, 0x53,
    0x31, 0xdb, 0x89, 0xd9, 0x89, 0xda, 0x89, 0xde, 0x89, 0xdf, 0xcd, 0x80,
    0x5b, 0x5e, 0x5f, 0xc3, 0x2e, 0x8d, 0xb4, 0x26, 0x00, 0x00, 0x00, 0x00,
    0x57, 0xb8, 0x0d, 0x00, 0x00, 0x00, 0x56, 0x53, 0x31, 0xdb, 0x89, 0xd9,
    0x89, 0xda, 0x89, 0xde, 0x89, 0xdf, 0xcd, 0x80, 0x5b, 0x5e, 0x5f, 0xc3,
    0x2e, 0x8d, 0xb4, 0x26, 0x00, 0x00, 0x00, 0x00, 0x57, 0xb8, 0x0e, 0x00,
    0x00, 0x00, 0x56, 0x53, 0x31, 0xdb, 0x89, 0xd9, 0x89, 0xda, 0x89, 0xde,
    0x89, 0xdf, 0xcd, 0x80, 0x5b, 0x5e, 0x5f, 0xc3, 0x2e, 0x8d, 0xb4, 0x26,
    0x00, 0x00, 0x00, 0x00, 0x31, 0xd2, 0x57, 0xb8, 0x0f, 0x00, 0x00, 0x00,
    0x56, 0x89, 0xd7, 0x89, 0xd6, 0x53, 0x8b, 0x4c, 0x24, 0x14, 0x8b, 0x5c,
    0x24, 0x10, 0xcd, 0x80, 0x5b, 0x5e, 0x5f, 0xc3, 0x8d, 0x74, 0x26, 0x00,
    0x57, 0xb8, 0x10, 0x00, 0x00, 0x00, 0x56, 0x53, 0x31, 0xdb, 0x89, 0xd9,
    0x89, 0xda, 0x89, 0xde, 0x89, 0xdf, 0xcd, 0x80, 0xeb, 0xfe, 0x66, 0x90,
    0x2e, 0x8d, 0xb4, 0x26, 0x00, 0x00, 0x00, 0x00, 0x55, 0xb8, 0x11, 0x00,
    0x00, 0x00, 0x57, 0x56, 0x53, 0x31, 0xdb, 0x89, 0xd9, 0x89, 0xda, 0x89,
    0xde, 0x89, 0xdf, 0xcd, 0x80, 0x85, 0xc0, 0x79, 0x20, 0xbd, 0x12, 0x00,
    0x00, 0x00, 0x66, 0x90, 0x31, 0xdb, 0x89, 0xe8, 0x89, 0xd9, 0x89, 0xda,
    0x89, 0xde, 0x89, 0xdf, 0xcd, 0x80, 0xb8, 0x11, 0x00, 0x00, 0x00, 0xcd,
    0x80, 0x85, 0xc0, 0x78, 0xe7, 0x5b, 0x5e, 0x5f, 0x5d, 0xc3, 0x66, 0x90,
    0x57, 0xb8, 0x12, 0x00, 0x00, 0x00, 0x56, 0x53, 0x31, 0xdb, 0x89, 0xd9,
    0x89, 0xda, 0x89, 0xde, 0x89, 0xdf, 0xcd, 0x80, 0x5b, 0x5e, 0x5f, 0xc3,
    0x2e, 0x8d, 0xb4, 0x26, 0x00, 0x00, 0x00, 0x00, 0x57, 0xb8, 0x13, 0x00,
    0x00, 0x00, 0x56, 0x53, 0x31, 0xdb, 0x89, 0xd9, 0x89, 0xda, 0x89, 0xde,
    0x89, 0xdf, 0xcd, 0x80, 0x5b, 0x5e, 0x5f, 0xc3, 0x2e, 0x8d, 0xb4, 0x26,
    0x00, 0x00, 0x00, 0x00, 0x31, 0xd2, 0x57, 0xb8, 0x14, 0x00, 0x00, 0x00,
    0x56, 0x89, 0xd7, 0x89, 0xd6, 0x53, 0x8b, 0x4c, 0x24, 0x14, 0x8b, 0x5c,
    0x24, 0x10, 0xcd, 0x80, 0x5b, 0x5e, 0x5f, 0xc3, 0x8d, 0x74, 0x26, 0x00,
    0x31, 0xc9, 0x57, 0xb8, 0x15, 0x00, 0x00, 0x00, 0x56, 0x89, 0xca, 0x89,
    0xce, 0x89, 0xcf, 0x53, 0x8b, 0x5c, 0x24, 0x10, 0xcd, 0x80, 0x5b, 0x5e,
    0x5f, 0xc3, 0x8d, 0xb6, 0x00, 0x00, 0x00, 0x00, 0x57, 0xb8, 0x16, 0x00,
    0x00, 0x00, 0x56, 0x53, 0x31, 0xdb, 0x89, 0xd9, 0x89, 0xda, 0x89, 0xde,
    0x89, 0xdf, 0xcd, 0x80, 0x5b, 0x5e, 0x5f, 0xc3, 0x2e, 0x8d, 0xb4, 0x26,
    0x00, 0x00, 0x00, 0x00, 0x57, 0xb8, 0x1d, 0x00, 0x00, 0x00, 0x56, 0x53,
    0x31, 0xdb, 0x89, 0xd9, 0x89, 0xda, 0x89, 0xde, 0x89, 0xdf, 0xcd, 0x80,
    0x5b, 0x5e, 0x5f, 0xc3, 0x2e, 0x8d, 0xb4, 0x26, 0x00, 0x00, 0x00, 0x00,
    0x57, 0xb8, 0x17, 0x00, 0x00, 0x00, 0x31, 0xff, 0x56, 0x53, 0x8b, 0x4c,
    0x24, 0x14, 0x8b, 0x54, 0x24, 0x18, 0x8b, 0x5c, 0x24, 0x10, 0x8b, 0x74,
    0x24, 0x1c, 0xcd, 0x80, 0x5b, 0x5e, 0x5f, 0xc3, 0x57, 0xb8, 0x18, 0x00,
    0x00, 0x00, 0x56, 0x53, 0x8b, 0x4c, 0x24, 0x14, 0x8b, 0x54, 0x24, 0x18,
    0x8b, 0x5c, 0x24, 0x10, 0x8b, 0x74, 0x24, 0x1c, 0x8b, 0x7c, 0x24, 0x20,
    0xcd, 0x80, 0x5b, 0x5e, 0x5f, 0xc3, 0x8d, 0xb6, 0x00, 0x00, 0x00, 0x00,
    0x2e, 0x8d, 0xb4, 0x26, 0x00, 0x00, 0x00, 0x00, 0x57, 0x31, 0xc9, 0x56,
    0x89, 0xca, 0x89, 0xce, 0x89, 0xcf, 0x53, 0x83, 0xec, 0x20, 0x8b, 0x44,
    0x24, 0x30, 0x8d, 0x5c, 0x24, 0x04, 0x89, 0x44, 0x24, 0x04, 0x8b, 0x44,
    0x24, 0x34, 0x89, 0x44, 0x24, 0x08, 0x8b, 0x44, 0x24, 0x38, 0x89, 0x44,
    0x24, 0x0c, 0x8b, 0x44, 0x24, 0x3c, 0x89, 0x44, 0x24, 0x10, 0x8b, 0x44,
    0x24, 0x40, 0x89, 0x44, 0x24, 0x14, 0x8b, 0x44, 0x24, 0x44, 0x89, 0x44,
    0x24, 0x18, 0x8b, 0x44, 0x24, 0x48, 0x89, 0x44, 0x24, 0x1c, 0xb8, 0x19,
    0x00, 0x00, 0x00, 0xcd, 0x80, 0x83, 0xc4, 0x20, 0x5b, 0x5e, 0x5f, 0xc3,
    0x2e, 0x8d, 0xb4, 0x26, 0x00, 0x00, 0x00, 0x00, 0x57, 0x31, 0xc9, 0x56,
    0x89, 0xca, 0x89, 0xce, 0x89, 0xcf, 0x53, 0x83, 0xec, 0x20, 0x8b, 0x44,
    0x24, 0x30, 0x8d, 0x5c, 0x24, 0x04, 0x89, 0x44, 0x24, 0x04, 0x8b, 0x44,
    0x24, 0x34, 0x89, 0x44, 0x24, 0x08, 0x8b, 0x44, 0x24, 0x38, 0x89, 0x44,
    0x24, 0x0c, 0x8b, 0x44, 0x24, 0x3c, 0x89, 0x44, 0x24, 0x10, 0x8b, 0x44,
    0x24, 0x40, 0x89, 0x44, 0x24, 0x14, 0x8b, 0x44, 0x24, 0x44, 0x89, 0x44,
    0x24, 0x18, 0x8b, 0x44, 0x24, 0x48, 0x89, 0x44, 0x24, 0x1c, 0xb8, 0x1a,
    0x00, 0x00, 0x00, 0xcd, 0x80, 0x83, 0xc4, 0x20, 0x5b, 0x5e, 0x5f, 0xc3,
    0x2e, 0x8d, 0xb4, 0x26, 0x00, 0x00, 0x00, 0x00, 0x31, 0xc9, 0x57, 0xb8,
    0x1b, 0x00, 0x00, 0x00, 0x56, 0x89, 0xca, 0x89, 0xce, 0x89, 0xcf, 0x53,
    0x8b, 0x5c, 0x24, 0x10, 0xcd, 0x80, 0x5b, 0x5e, 0x5f, 0xc3, 0x8d, 0xb6,
    0x00, 0x00, 0x00, 0x00, 0x57, 0xb8, 0x1c, 0x00, 0x00, 0x00, 0x56, 0x31,
    0xf6, 0x53, 0x89, 0xf7, 0x8b, 0x4c, 0x24, 0x14, 0x8b, 0x54, 0x24, 0x18,
    0x8b, 0x5c, 0x24, 0x10, 0xcd, 0x80, 0x5b, 0x5e, 0x5f, 0xc3, 0x66, 0x90,
    0x8b, 0x44, 0x24, 0x04, 0x8b, 0x15, 0x90, 0x0b, 0x00, 0x01, 0x83, 0xc0,
    0x0f, 0x83, 0xe0, 0xf0, 0x01, 0xd0, 0x3d, 0x00, 0x00, 0x80, 0x01, 0x77,
    0x0f, 0xa3, 0x90, 0x0b, 0x00, 0x01, 0x89, 0xd0, 0xc3, 0x8d, 0xb4, 0x26,
    0x00, 0x00, 0x00, 0x00, 0x31, 0xd2, 0x89, 0xd0, 0xc3, 0x8d, 0x76, 0x00,
    0xc3, 0x00, 0x00, 0x00, 0x00, 0x00, 0x00, 0x00, 0x00, 0x00, 0x00, 0x00,
    0x00, 0x00, 0x00, 0x00, 0x8d, 0x4c, 0x24, 0x04, 0x83, 0xe4, 0xf0, 0xff,
    0x71, 0xfc, 0x55, 0x89, 0xe5, 0x53, 0x51, 0x8d, 0x85, 0xf8, 0xfe, 0xff,
    0xff, 0x81, 0xec, 0x28, 0x01, 0x00, 0x00, 0x68, 0x00, 0x01, 0x00, 0x00,
    0x50, 0xe8, 0x0a, 0xfd, 0xff, 0xff, 0x83, 0xc4, 0x10, 0x80, 0xbd, 0xf8,
    0xfe, 0xff, 0xff, 0x2d, 0x75, 0x09, 0x80, 0xbd, 0xf9, 0xfe, 0xff, 0xff,
    0x79, 0x74, 0x1a, 0x83, 0xec, 0x0c, 0x68, 0x60, 0x0b, 0x00, 0x01, 0xe8,
    0x08, 0xfb, 0xff, 0xff, 0x83, 0xc4, 0x10, 0x8d, 0x65, 0xf8, 0x59, 0x5b,
    0x5d, 0x8d, 0x61, 0xfc, 0xc3, 0x83, 0xec, 0x0c, 0x31, 0xdb, 0x68, 0x4c,
    0x0b, 0x00, 0x01, 0xe8, 0xec, 0xfa, 0xff, 0xff, 0x83, 0xc4, 0x10, 0xeb,
    0x15, 0x83, 0xec, 0x0c, 0x8d, 0x85, 0xdc, 0xfe, 0xff, 0xff, 0x83, 0xc3,
    0x01, 0x50, 0xe8, 0x95, 0xfb, 0xff, 0xff, 0x83, 0xc4, 0x10, 0x50, 0x8d,
    0x85, 0xd8, 0xfe, 0xff, 0xff, 0x50, 0x8d, 0x85, 0xdc, 0xfe, 0xff, 0xff,
    0x50, 0x53, 0xe8, 0xdd, 0xfb, 0xff, 0xff, 0x83, 0xc4, 0x10, 0x85, 0xc0,
    0x79, 0xcf, 0x83, 0xec, 0x0c, 0x68, 0x5b, 0x0b, 0x00, 0x01, 0xe8, 0xa9,
    0xfa, 0xff, 0xff, 0x83, 0xc4, 0x10, 0xeb, 0x9f, 0x14, 0x00, 0x00, 0x00,
    0x00, 0x00, 0x00, 0x00, 0x01, 0x7a, 0x52, 0x00, 0x01, 0x7c, 0x08, 0x01,
    0x1b, 0x0c, 0x04, 0x04, 0x88, 0x01, 0x00, 0x00, 0x1c, 0x00, 0x00, 0x00,
    0x1c, 0x00, 0x00, 0x00, 0x64, 0xfa, 0xff, 0xff, 0x1b, 0x00, 0x00, 0x00,
    0x00, 0x41, 0x0e, 0x08, 0x87, 0x02, 0x41, 0x0e, 0x0c, 0x86, 0x03, 0x41,
    0x0e, 0x10, 0x83, 0x04, 0x28, 0x00, 0x00, 0x00, 0x3c, 0x00, 0x00, 0x00,
    0x64, 0xfa, 0xff, 0xff, 0x17, 0x00, 0x00, 0x00, 0x00, 0x43, 0x0e, 0x08,
    0x87, 0x02, 0x43, 0x0e, 0x0c, 0x86, 0x03, 0x45, 0x0e, 0x10, 0x83, 0x04,
    0x49, 0xc3, 0x0e, 0x0c, 0x41, 0xc6, 0x0e, 0x08, 0x41, 0xc7, 0x0e, 0x04,
    0x28, 0x00, 0x00, 0x00, 0x68, 0x00, 0x00, 0x00, 0x58, 0xfa, 0xff, 0xff,
    0x1a, 0x00, 0x00, 0x00, 0x00, 0x43, 0x0e, 0x08, 0x87, 0x02, 0x46, 0x0e,
    0x0c, 0x86, 0x03, 0x47, 0x0e, 0x10, 0x83, 0x04, 0x47, 0xc3, 0x0e, 0x0c,
    0x41, 0xc6, 0x0e, 0x08, 0x41, 0xc7, 0x0e, 0x04, 0x28, 0x00, 0x00, 0x00,
    0x94, 0x00, 0x00, 0x00, 0x4c, 0xfa, 0xff, 0xff, 0x1a, 0x00, 0x00, 0x00,
    0x00, 0x43, 0x0e, 0x08, 0x87, 0x02, 0x46, 0x0e, 0x0c, 0x86, 0x03, 0x47,
    0x0e, 0x10, 0x83, 0x04, 0x47, 0xc3, 0x0e, 0x0c, 0x41, 0xc6, 0x0e, 0x08,
    0x41, 0xc7, 0x0e, 0x04, 0x28, 0x00, 0x00, 0x00, 0xc0, 0x00, 0x00, 0x00,
    0x40, 0xfa, 0xff, 0xff, 0x1b, 0x00, 0x00, 0x00, 0x00, 0x43, 0x0e, 0x08,
    0x87, 0x02, 0x46, 0x0e, 0x0c, 0x86, 0x03, 0x47, 0x0e, 0x10, 0x83, 0x04,
    0x48, 0xc3, 0x0e, 0x0c, 0x41, 0xc6, 0x0e, 0x08, 0x41, 0xc7, 0x0e, 0x04,
    0x28, 0x00, 0x00, 0x00, 0xec, 0x00, 0x00, 0x00, 0x34, 0xfa, 0xff, 0xff,
    0x1e, 0x00, 0x00, 0x00, 0x00, 0x41, 0x0e, 0x08, 0x87, 0x02, 0x46, 0x0e,
    0x0c, 0x86, 0x03, 0x43, 0x0e, 0x10, 0x83, 0x04, 0x51, 0xc3, 0x0e, 0x0c,
    0x41, 0xc6, 0x0e, 0x08, 0x41, 0xc7, 0x0e, 0x04, 0x28, 0x00, 0x00, 0x00,
    0x18, 0x01, 0x00, 0x00, 0x28, 0xfa, 0xff, 0xff, 0x1e, 0x00, 0x00, 0x00,
    0x00, 0x41, 0x0e, 0x08, 0x87, 0x02, 0x46, 0x0e, 0x0c, 0x86, 0x03, 0x43,
    0x0e, 0x10, 0x83, 0x04, 0x51, 0xc3, 0x0e, 0x0c, 0x41, 0xc6, 0x0e, 0x08,
    0x41, 0xc7, 0x0e, 0x04, 0x28, 0x00, 0x00, 0x00, 0x44, 0x01, 0x00, 0x00,
    0x1c, 0xfa, 0xff, 0xff, 0x1a, 0x00, 0x00, 0x00, 0x00, 0x43, 0x0e, 0x08,
    0x87, 0x02, 0x46, 0x0e, 0x0c, 0x86, 0x03, 0x47, 0x0e, 0x10, 0x83, 0x04,
    0x47, 0xc3, 0x0e, 0x0c, 0x41, 0xc6, 0x0e, 0x08, 0x41, 0xc7, 0x0e, 0x04,
    0x28, 0x00, 0x00, 0x00, 0x70, 0x01, 0x00, 0x00, 0x10, 0xfa, 0xff, 0xff,
    0x1a, 0x00, 0x00, 0x00, 0x00, 0x43, 0x0e, 0x08, 0x87, 0x02, 0x46, 0x0e,
    0x0c, 0x86, 0x03, 0x47, 0x0e, 0x10, 0x83, 0x04, 0x47, 0xc3, 0x0e, 0x0c,
    0x41, 0xc6, 0x0e, 0x08, 0x41, 0xc7, 0x0e, 0x04, 0x28, 0x00, 0x00, 0x00,
    0x9c, 0x01, 0x00, 0x00, 0x04, 0xfa, 0xff, 0xff, 0x1a, 0x00, 0x00, 0x00,
    0x00, 0x43, 0x0e, 0x08, 0x87, 0x02, 0x46, 0x0e, 0x0c, 0x86, 0x03, 0x47,
    0x0e, 0x10, 0x83, 0x04, 0x47, 0xc3, 0x0e, 0x0c, 0x41, 0xc6, 0x0e, 0x08,
    0x41, 0xc7, 0x0e, 0x04, 0x28, 0x00, 0x00, 0x00, 0xc8, 0x01, 0x00, 0x00,
    0xf8, 0xf9, 0xff, 0xff, 0x1e, 0x00, 0x00, 0x00, 0x00, 0x41, 0x0e, 0x08,
    0x87, 0x02, 0x46, 0x0e, 0x0c, 0x86, 0x03, 0x43, 0x0e, 0x10, 0x83, 0x04,
    0x51, 0xc3, 0x0e, 0x0c, 0x41, 0xc6, 0x0e, 0x08, 0x41, 0xc7, 0x0e, 0x04,
    0x28, 0x00, 0x00, 0x00, 0xf4, 0x01, 0x00, 0x00, 0xec, 0xf9, 0xff, 0xff,
    0x18, 0x00, 0x00, 0x00, 0x00, 0x41, 0x0e, 0x08, 0x87, 0x02, 0x46, 0x0e,
    0x0c, 0x86, 0x03, 0x41, 0x0e, 0x10, 0x83, 0x04, 0x4d, 0xc3, 0x0e, 0x0c,
    0x41, 0xc6, 0x0e, 0x08, 0x41, 0xc7, 0x0e, 0x04, 0x28, 0x00, 0x00, 0x00,
    0x20, 0x02, 0x00, 0x00, 0xe0, 0xf9, 0xff, 0xff, 0x18, 0x00, 0x00, 0x00,
    0x00, 0x41, 0x0e, 0x08, 0x87, 0x02, 0x46, 0x0e, 0x0c, 0x86, 0x03, 0x41,
    0x0e, 0x10, 0x83, 0x04, 0x4d, 0xc3, 0x0e, 0x0c, 0x41, 0xc6, 0x0e, 0x08,
    0x41, 0xc7, 0x0e, 0x04, 0x28, 0x00, 0x00, 0x00, 0x4c, 0x02, 0x00, 0x00,
    0xd4, 0xf9, 0xff, 0xff, 0x18, 0x00, 0x00, 0x00, 0x00, 0x41, 0x0e, 0x08,
    0x87, 0x02, 0x46, 0x0e, 0x0c, 0x86, 0x03, 0x41, 0x0e, 0x10, 0x83, 0x04,
    0x4d, 0xc3, 0x0e, 0x0c, 0x41, 0xc6, 0x0e, 0x08, 0x41, 0xc7, 0x0e, 0x04,
    0x28, 0x00, 0x00, 0x00, 0x78, 0x02, 0x00, 0x00, 0xc8, 0xf9, 0xff, 0xff,
    0x18, 0x00, 0x00, 0x00, 0x00, 0x41, 0x0e, 0x08, 0x87, 0x02, 0x46, 0x0e,
    0x0c, 0x86, 0x03, 0x41, 0x0e, 0x10, 0x83, 0x04, 0x4d, 0xc3, 0x0e, 0x0c,
    0x41, 0xc6, 0x0e, 0x08, 0x41, 0xc7, 0x0e, 0x04, 0x28, 0x00, 0x00, 0x00,
    0xa4, 0x02, 0x00, 0x00, 0xbc, 0xf9, 0xff, 0xff, 0x18, 0x00, 0x00, 0x00,
    0x00, 0x41, 0x0e, 0x08, 0x87, 0x02, 0x46, 0x0e, 0x0c, 0x86, 0x03, 0x41,
    0x0e, 0x10, 0x83, 0x04, 0x4d, 0xc3, 0x0e, 0x0c, 0x41, 0xc6, 0x0e, 0x08,
    0x41, 0xc7, 0x0e, 0x04, 0x28, 0x00, 0x00, 0x00, 0xd0, 0x02, 0x00, 0x00,
    0xb0, 0xf9, 0xff, 0xff, 0x1c, 0x00, 0x00, 0x00, 0x00, 0x43, 0x0e, 0x08,
    0x87, 0x02, 0x46, 0x0e, 0x0c, 0x86, 0x03, 0x45, 0x0e, 0x10, 0x83, 0x04,
    0x4b, 0xc3, 0x0e, 0x0c, 0x41, 0xc6, 0x0e, 0x08, 0x41, 0xc7, 0x0e, 0x04,
    0x1c, 0x00, 0x00, 0x00, 0xfc, 0x02, 0x00, 0x00, 0xa4, 0xf9, 0xff, 0xff,
    0x16, 0x00, 0x00, 0x00, 0x00, 0x41, 0x0e, 0x08, 0x87, 0x02, 0x46, 0x0e,
    0x0c, 0x86, 0x03, 0x41, 0x0e, 0x10, 0x83, 0x04, 0x34, 0x00, 0x00, 0x00,
    0x1c, 0x03, 0x00, 0x00, 0xa4, 0xf9, 0xff, 0xff, 0x3e, 0x00, 0x00, 0x00,
    0x00, 0x41, 0x0e, 0x08, 0x85, 0x02, 0x46, 0x0e, 0x0c, 0x87, 0x03, 0x41,
    0x0e, 0x10, 0x86, 0x04, 0x41, 0x0e, 0x14, 0x83, 0x05, 0x71, 0xc3, 0x0e,
    0x10, 0x41, 0xc6, 0x0e, 0x0c, 0x41, 0xc7, 0x0e, 0x08, 0x41, 0xc5, 0x0e,
    0x04, 0x00, 0x00, 0x00, 0x28, 0x00, 0x00, 0x00, 0x54, 0x03, 0x00, 0x00,
    0xac, 0xf9, 0xff, 0xff, 0x18, 0x00, 0x00, 0x00, 0x00, 0x41, 0x0e, 0x08,
    0x87, 0x02, 0x46, 0x0e, 0x0c, 0x86, 0x03, 0x41, 0x0e, 0x10, 0x83, 0x04,
    0x4d, 0xc3, 0x0e, 0x0c, 0x41, 0xc6, 0x0e, 0x08, 0x41, 0xc7, 0x0e, 0x04,
    0x28, 0x00, 0x00, 0x00, 0x80, 0x03, 0x00, 0x00, 0xa0, 0xf9, 0xff, 0xff,
    0x18, 0x00, 0x00, 0x00, 0x00, 0x41, 0x0e, 0x08, 0x87, 0x02, 0x46, 0x0e,
    0x0c, 0x86, 0x03, 0x41, 0x0e, 0x10, 0x83, 0x04, 0x4d, 0xc3, 0x0e, 0x0c,
    0x41, 0xc6, 0x0e, 0x08, 0x41, 0xc7, 0x0e, 0x04, 0x28, 0x00, 0x00, 0x00,
    0xac, 0x03, 0x00, 0x00, 0x94, 0xf9, 0xff, 0xff, 0x1c, 0x00, 0x00, 0x00,
    0x00, 0x43, 0x0e, 0x08, 0x87, 0x02, 0x46, 0x0e, 0x0c, 0x86, 0x03, 0x45,
    0x0e, 0x10, 0x83, 0x04, 0x4b, 0xc3, 0x0e, 0x0c, 0x41, 0xc6, 0x0e, 0x08,
    0x41, 0xc7, 0x0e, 0x04, 0x28, 0x00, 0x00, 0x00, 0xd8, 0x03, 0x00, 0x00,
    0x88, 0xf9, 0xff, 0xff, 0x1a, 0x00, 0x00, 0x00, 0x00, 0x43, 0x0e, 0x08,
    0x87, 0x02, 0x46, 0x0e, 0x0c, 0x86, 0x03, 0x47, 0x0e, 0x10, 0x83, 0x04,
    0x47, 0xc3, 0x0e, 0x0c, 0x41, 0xc6, 0x0e, 0x08, 0x41, 0xc7, 0x0e, 0x04,
    0x28, 0x00, 0x00, 0x00, 0x04, 0x04, 0x00, 0x00, 0x7c, 0xf9, 0xff, 0xff,
    0x18, 0x00, 0x00, 0x00, 0x00, 0x41, 0x0e, 0x08, 0x87, 0x02, 0x46, 0x0e,
    0x0c, 0x86, 0x03, 0x41, 0x0e, 0x10, 0x83, 0x04, 0x4d, 0xc3, 0x0e, 0x0c,
    0x41, 0xc6, 0x0e, 0x08, 0x41, 0xc7, 0x0e, 0x04, 0x28, 0x00, 0x00, 0x00,
    0x30, 0x04, 0x00, 0x00, 0x70, 0xf9, 0xff, 0xff, 0x18, 0x00, 0x00, 0x00,
    0x00, 0x41, 0x0e, 0x08, 0x87, 0x02, 0x46, 0x0e, 0x0c, 0x86, 0x03, 0x41,
    0x0e, 0x10, 0x83, 0x04, 0x4d, 0xc3, 0x0e, 0x0c, 0x41, 0xc6, 0x0e, 0x08,
    0x41, 0xc7, 0x0e, 0x04, 0x28, 0x00, 0x00, 0x00, 0x5c, 0x04, 0x00, 0x00,
    0x64, 0xf9, 0xff, 0xff, 0x20, 0x00, 0x00, 0x00, 0x00, 0x41, 0x0e, 0x08,
    0x87, 0x02, 0x48, 0x0e, 0x0c, 0x86, 0x03, 0x41, 0x0e, 0x10, 0x83, 0x04,
    0x53, 0xc3, 0x0e, 0x0c, 0x41, 0xc6, 0x0e, 0x08, 0x41, 0xc7, 0x0e, 0x04,
    0x28, 0x00, 0x00, 0x00, 0x88, 0x04, 0x00, 0x00, 0x58, 0xf9, 0xff, 0xff,
    0x22, 0x00, 0x00, 0x00, 0x00, 0x41, 0x0e, 0x08, 0x87, 0x02, 0x46, 0x0e,
    0x0c, 0x86, 0x03, 0x41, 0x0e, 0x10, 0x83, 0x04, 0x57, 0xc3, 0x0e, 0x0c,
    0x41, 0xc6, 0x0e, 0x08, 0x41, 0xc7, 0x0e, 0x04, 0x30, 0x00, 0x00, 0x00,
    0xb4, 0x04, 0x00, 0x00, 0x5c, 0xf9, 0xff, 0xff, 0x58, 0x00, 0x00, 0x00,
    0x00, 0x41, 0x0e, 0x08, 0x87, 0x02, 0x43, 0x0e, 0x0c, 0x86, 0x03, 0x47,
    0x0e, 0x10, 0x83, 0x04, 0x43, 0x0e, 0x30, 0x02, 0x46, 0x0e, 0x10, 0x41,
    0xc3, 0x0e, 0x0c, 0x41, 0xc6, 0x0e, 0x08, 0x41, 0xc7, 0x0e, 0x04, 0x00,
    0x30, 0x00, 0x00, 0x00, 0xe8, 0x04, 0x00, 0x00, 0x88, 0xf9, 0xff, 0xff,
    0x58, 0x00, 0x00, 0x00, 0x00, 0x41, 0x0e, 0x08, 0x87, 0x02, 0x43, 0x0e,
    0x0c, 0x86, 0x03, 0x47, 0x0e, 0x10, 0x83, 0x04, 0x43, 0x0e, 0x30, 0x02,
    0x46, 0x0e, 0x10, 0x41, 0xc3, 0x0e, 0x0c, 0x41, 0xc6, 0x0e, 0x08, 0x41,
    0xc7, 0x0e, 0x04, 0x00, 0x28, 0x00, 0x00, 0x00, 0x1c, 0x05, 0x00, 0x00,
    0xb4, 0xf9, 0xff, 0xff, 0x1a, 0x00, 0x00, 0x00, 0x00, 0x43, 0x0e, 0x08,
    0x87, 0x02, 0x46, 0x0e, 0x0c, 0x86, 0x03, 0x47, 0x0e, 0x10, 0x83, 0x04,
    0x47, 0xc3, 0x0e, 0x0c, 0x41, 0xc6, 0x0e, 0x08, 0x41, 0xc7, 0x0e, 0x04,
    0x28, 0x00, 0x00, 0x00, 0x48, 0x05, 0x00, 0x00, 0xa8, 0xf9, 0xff, 0xff,
    0x1e, 0x00, 0x00, 0x00, 0x00, 0x41, 0x0e, 0x08, 0x87, 0x02, 0x46, 0x0e,
    0x0c, 0x86, 0x03, 0x43, 0x0e, 0x10, 0x83, 0x04, 0x51, 0xc3, 0x0e, 0x0c,
    0x41, 0xc6, 0x0e, 0x08, 0x41, 0xc7, 0x0e, 0x04, 0x10, 0x00, 0x00, 0x00,
    0x74, 0x05, 0x00, 0x00, 0x9c, 0xf9, 0xff, 0xff, 0x2d, 0x00, 0x00, 0x00,
    0x00, 0x00, 0x00, 0x00, 0x10, 0x00, 0x00, 0x00, 0x88, 0x05, 0x00, 0x00,
    0xb8, 0xf9, 0xff, 0xff, 0x01, 0x00, 0x00, 0x00, 0x00, 0x00, 0x00, 0x00,
    0x34, 0x00, 0x00, 0x00, 0x9c, 0x05, 0x00, 0x00, 0xb4, 0xf9, 0xff, 0xff,
    0xac, 0x00, 0x00, 0x00, 0x00, 0x44, 0x0c, 0x01, 0x00, 0x49, 0x10, 0x05,
    0x02, 0x75, 0x00, 0x42, 0x0f, 0x03, 0x75, 0x78, 0x06, 0x10, 0x03, 0x02,
    0x75, 0x7c, 0x02, 0x40, 0x0a, 0xc1, 0x0c, 0x01, 0x00, 0x41, 0xc3, 0x41,
    0xc5, 0x43, 0x0c, 0x04, 0x04, 0x41, 0x0b, 0x00, 0x46, 0x6f, 0x72, 0x6d,
    0x61, 0x74, 0x74, 0x69, 0x6e, 0x67, 0x2e, 0x2e, 0x2e, 0x20, 0x00, 0x64,
    0x6f, 0x6e, 0x65, 0x00, 0x0a, 0x55, 0x73, 0x65, 0x20, 0x27, 0x66, 0x6f,
    0x72, 0x6d, 0x61, 0x74, 0x20, 0x2d, 0x79, 0x27, 0x20, 0x74, 0x6f, 0x20,
    0x66, 0x6f, 0x72, 0x6d, 0x61, 0x74, 0x20, 0x28, 0x72, 0x65, 0x6d, 0x6f,
    0x76, 0x65, 0x73, 0x20, 0x61, 0x6c, 0x6c, 0x20, 0x66, 0x69, 0x6c, 0x65,
    0x73, 0x29, 0x00, 0x00, 0x00, 0x00, 0x10, 0x01, 0x47, 0x43, 0x43, 0x3a,
    0x20, 0x28, 0x55, 0x62, 0x75, 0x6e, 0x74, 0x75, 0x20, 0x31, 0x35, 0x2e,
    0x32, 0x2e, 0x30, 0x2d, 0x31, 0x36, 0x75, 0x62, 0x75, 0x6e, 0x74, 0x75,
    0x31, 0x29, 0x20, 0x31, 0x35, 0x2e, 0x32, 0x2e, 0x30, 0x00, 0x00, 0x00,
    0x00, 0x00, 0x00, 0x00, 0x00, 0x00, 0x00, 0x00, 0x00, 0x00, 0x00, 0x00,
    0x00, 0x00, 0x00, 0x00, 0x01, 0x00, 0x00, 0x00, 0x00, 0x00, 0x00, 0x00,
    0x00, 0x00, 0x00, 0x00, 0x04, 0x00, 0xf1, 0xff, 0x0a, 0x00, 0x00, 0x00,
    0x90, 0x0b, 0x00, 0x01, 0x04, 0x00, 0x00, 0x00, 0x01, 0x00, 0x06, 0x00,
    0x14, 0x00, 0x00, 0x00, 0x00, 0x00, 0x00, 0x00, 0x00, 0x00, 0x00, 0x00,
    0x04, 0x00, 0xf1, 0xff, 0x1d, 0x00, 0x00, 0x00, 0x80, 0x00, 0x00, 0x01,
    0x1b, 0x00, 0x00, 0x00, 0x12, 0x00, 0x01, 0x00, 0x25, 0x00, 0x00, 0x00,
    0x50, 0x04, 0x00, 0x01, 0x1a, 0x00, 0x00, 0x00, 0x12, 0x00, 0x01, 0x00,
    0x30, 0x00, 0x00, 0x00, 0x80, 0x02, 0x00, 0x01, 0x18, 0x00, 0x00, 0x00,
    0x12, 0x00, 0x01, 0x00, 0x36, 0x00, 0x00, 0x00, 0x20, 0x00, 0x00, 0x01,
    0x17, 0x00, 0x00, 0x00, 0x12, 0x00, 0x01, 0x00, 0x3c, 0x00, 0x00, 0x00,
    0x00, 0x01, 0x00, 0x01, 0x1a, 0x00, 0x00, 0x00, 0x12, 0x00, 0x01, 0x00,
    0x48, 0x00, 0x00, 0x00, 0xa0, 0x02, 0x00, 0x01, 0x18, 0x00, 0x00, 0x00,
    0x12, 0x00, 0x01, 0x00, 0x4f, 0x00, 0x00, 0x00, 0x00, 0x02, 0x00, 0x01,
    0x1c, 0x00, 0x00, 0x00, 0x12, 0x00, 0x01, 0x00, 0x58, 0x00, 0x00, 0x00,
    0x90, 0x04, 0x00, 0x01, 0x2d, 0x00, 0x00, 0x00, 0x12, 0x00, 0x01, 0x00,
    0x5f, 0x00, 0x00, 0x00, 0xc0, 0x02, 0x00, 0x01, 0x1c, 0x00, 0x00, 0x00,
    0x12, 0x00, 0x01, 0x00, 0x68, 0x00, 0x00, 0x00, 0x60, 0x00, 0x00, 0x01,
    0x1a, 0x00, 0x00, 0x00, 0x12, 0x00, 0x01, 0x00, 0x72, 0x00, 0x00, 0x00,
    0x00, 0x03, 0x00, 0x01, 0x18, 0x00, 0x00, 0x00, 0x12, 0x00, 0x01, 0x00,
    0x82, 0x00, 0x00, 0x00, 0x70, 0x04, 0x00, 0x01, 0x1e, 0x00, 0x00, 0x00,
    0x12, 0x00, 0x01, 0x00, 0x88, 0x00, 0x00, 0x00, 0x40, 0x01, 0x00, 0x01,
    0x1e, 0x00, 0x00, 0x00, 0x12, 0x00, 0x01, 0x00, 0x94, 0x00, 0x00, 0x00,
    0xf0, 0x03, 0x00, 0x01, 0x58, 0x00, 0x00, 0x00, 0x12, 0x00, 0x01, 0x00,
    0x9e, 0x00, 0x00, 0x00, 0x60, 0x01, 0x00, 0x01, 0x18, 0x00, 0x00, 0x00,
    0x12, 0x00, 0x01, 0x00, 0xa7, 0x00, 0x00, 0x00, 0xa0, 0x01, 0x00, 0x01,
    0x18, 0x00, 0x00, 0x00, 0x12, 0x00, 0x01, 0x00, 0xae, 0x00, 0x00, 0x00,
    0x00, 0x00, 0x00, 0x01, 0x1b, 0x00, 0x00, 0x00, 0x12, 0x00, 0x01, 0x00,
    0xb5, 0x00, 0x00, 0x00, 0xc0, 0x00, 0x00, 0x01, 0x1e, 0x00, 0x00, 0x00,
    0x12, 0x00, 0x01, 0x00, 0xbd, 0x00, 0x00, 0x00, 0xe0, 0x02, 0x00, 0x01,
    0x1a, 0x00, 0x00, 0x00, 0x12, 0x00, 0x01, 0x00, 0xc6, 0x00, 0x00, 0x00,
    0xc0, 0x01, 0x00, 0x01, 0x18, 0x00, 0x00, 0x00, 0x12, 0x00, 0x01, 0x00,
    0xcc, 0x00, 0x00, 0x00, 0x90, 0x03, 0x00, 0x01, 0x58, 0x00, 0x00, 0x00,
    0x12, 0x00, 0x01, 0x00, 0xd8, 0x00, 0x00, 0x00, 0x40, 0x02, 0x00, 0x01,
    0x3e, 0x00, 0x00, 0x00, 0x12, 0x00, 0x01, 0x00, 0xe1, 0x00, 0x00, 0x00,
    0x40, 0x03, 0x00, 0x01, 0x20, 0x00, 0x00, 0x00, 0x12, 0x00, 0x01, 0x00,
    0xeb, 0x00, 0x00, 0x00, 0xd0, 0x04, 0x00, 0x01, 0xac, 0x00, 0x00, 0x00,
    0x12, 0x00, 0x02, 0x00, 0xf0, 0x00, 0x00, 0x00, 0x40, 0x00, 0x00, 0x01,
    0x1a, 0x00, 0x00, 0x00, 0x12, 0x00, 0x01, 0x00, 0xfa, 0x00, 0x00, 0x00,
    0xe0, 0x01, 0x00, 0x01, 0x18, 0x00, 0x00, 0x00, 0x12, 0x00, 0x01, 0x00,
    0x03, 0x01, 0x00, 0x00, 0xa0, 0x00, 0x00, 0x01, 0x1e, 0x00, 0x00, 0x00,
    0x12, 0x00, 0x01, 0x00, 0x0c, 0x01, 0x00, 0x00, 0x20, 0x03, 0x00, 0x01,
    0x18, 0x00, 0x00, 0x00, 0x12, 0x00, 0x01, 0x00, 0x1a, 0x01, 0x00, 0x00,
    0x20, 0x01, 0x00, 0x01, 0x1a, 0x00, 0x00, 0x00, 0x12, 0x00, 0x01, 0x00,
    0x24, 0x01, 0x00, 0x00, 0xe0, 0x00, 0x00, 0x01, 0x1a, 0x00, 0x00, 0x00,
    0x12, 0x00, 0x01, 0x00, 0x2e, 0x01, 0x00, 0x00, 0x60, 0x03, 0x00, 0x01,
    0x22, 0x00, 0x00, 0x00, 0x12, 0x00, 0x01, 0x00, 0x3a, 0x01, 0x00, 0x00,
    0x20, 0x02, 0x00, 0x01, 0x16, 0x00, 0x00, 0x00, 0x12, 0x00, 0x01, 0x00,
    0x3f, 0x01, 0x00, 0x00, 0x80, 0x01, 0x00, 0x01, 0x18, 0x00, 0x00, 0x00,
    0x12, 0x00, 0x01, 0x00, 0x4c, 0x01, 0x00, 0x00, 0xc0, 0x04, 0x00, 0x01,
    0x01, 0x00, 0x00, 0x00, 0x12, 0x00, 0x01, 0x00, 0x00, 0x6c, 0x69, 0x62,
    0x61, 0x6f, 0x73, 0x2e, 0x63, 0x00, 0x68, 0x65, 0x61, 0x70, 0x5f, 0x6e,
    0x65, 0x78, 0x74, 0x00, 0x66, 0x6f, 0x72, 0x6d, 0x61, 0x74, 0x2e, 0x63,
    0x00, 0x70, 0x75, 0x74, 0x63, 0x68, 0x61, 0x72, 0x00, 0x73, 0x65, 0x74,
    0x5f, 0x73, 0x74, 0x64, 0x6f, 0x75, 0x74, 0x00, 0x79, 0x69, 0x65, 0x6c,
    0x64, 0x00, 0x70, 0x72, 0x69, 0x6e, 0x74, 0x00, 0x66, 0x73, 0x5f, 0x67,
    0x65, 0x74, 0x5f, 0x73, 0x69, 0x7a, 0x65, 0x00, 0x67, 0x65, 0x74, 0x70,
    0x69, 0x64, 0x00, 0x67, 0x65, 0x74, 0x5f, 0x61, 0x72, 0x67, 0x73, 0x00,
    0x6d, 0x61, 0x6c, 0x6c, 0x6f, 0x63, 0x00, 0x73, 0x65, 0x6e, 0x64, 0x5f,
    0x6d, 0x73, 0x67, 0x00, 0x70, 0x72, 0x69, 0x6e, 0x74, 0x5f, 0x64, 0x65,
    0x63, 0x00, 0x72, 0x65, 0x67, 0x69, 0x73, 0x74, 0x65, 0x72, 0x5f, 0x65,
    0x76, 0x65, 0x6e, 0x74, 0x73, 0x00, 0x73, 0x70, 0x61, 0x77, 0x6e, 0x00,
    0x66, 0x73, 0x5f, 0x6c, 0x69, 0x73, 0x74, 0x5f, 0x67, 0x65, 0x74, 0x00,
    0x66, 0x69, 0x6c, 0x6c, 0x5f, 0x72, 0x65, 0x63, 0x74, 0x00, 0x67, 0x65,
    0x74, 0x5f, 0x74, 0x69, 0x63, 0x6b, 0x00, 0x72, 0x65, 0x62, 0x6f, 0x6f,
    0x74, 0x00, 0x5f, 0x73, 0x74, 0x61, 0x72, 0x74, 0x00, 0x66, 0x73, 0x5f,
    0x72, 0x65, 0x61, 0x64, 0x00, 0x72, 0x65, 0x63, 0x76, 0x5f, 0x6d, 0x73,
    0x67, 0x00, 0x70, 0x61, 0x6e, 0x69, 0x63, 0x00, 0x72, 0x65, 0x6e, 0x64,
    0x65, 0x72, 0x5f, 0x74, 0x65, 0x78, 0x74, 0x00, 0x72, 0x65, 0x61, 0x64,
    0x5f, 0x6b, 0x65, 0x79, 0x00, 0x67, 0x65, 0x74, 0x5f, 0x6d, 0x6f, 0x75,
    0x73, 0x65, 0x00, 0x6d, 0x61, 0x69, 0x6e, 0x00, 0x70, 0x72, 0x69, 0x6e,
    0x74, 0x5f, 0x68, 0x65, 0x78, 0x00, 0x73, 0x68, 0x75, 0x74, 0x64, 0x6f,
    0x77, 0x6e, 0x00, 0x66, 0x73, 0x5f, 0x77, 0x72, 0x69, 0x74, 0x65, 0x00,
    0x67, 0x65, 0x74, 0x5f, 0x65, 0x76, 0x65, 0x6e, 0x74, 0x5f, 0x70, 0x69,
    0x64, 0x00, 0x66, 0x73, 0x5f, 0x65, 0x78, 0x69, 0x73, 0x74, 0x73, 0x00,
    0x66, 0x73, 0x5f, 0x64, 0x65, 0x6c, 0x65, 0x74, 0x65, 0x00, 0x67, 0x65,
    0x74, 0x5f, 0x66, 0x62, 0x5f, 0x69, 0x6e, 0x66, 0x6f, 0x00, 0x65, 0x78,
    0x69, 0x74, 0x00, 0x63, 0x6c, 0x65, 0x61, 0x72, 0x5f, 0x73, 0x63, 0x72,
    0x65, 0x65, 0x6e, 0x00, 0x66, 0x72, 0x65, 0x65, 0x00, 0x00, 0x2e, 0x73,
    0x79, 0x6d, 0x74, 0x61, 0x62, 0x00, 0x2e, 0x73, 0x74, 0x72, 0x74, 0x61,
    0x62, 0x00, 0x2e, 0x73, 0x68, 0x73, 0x74, 0x72, 0x74, 0x61, 0x62, 0x00,
    0x2e, 0x74, 0x65, 0x78, 0x74, 0x00, 0x2e, 0x74, 0x65, 0x78, 0x74, 0x2e,
    0x73, 0x74, 0x61, 0x72, 0x74, 0x75, 0x70, 0x00, 0x2e, 0x65, 0x68, 0x5f,
    0x66, 0x72, 0x61, 0x6d, 0x65, 0x00, 0x2e, 0x72, 0x6f, 0x64, 0x61, 0x74,
    0x61, 0x2e, 0x73, 0x74, 0x72, 0x31, 0x2e, 0x31, 0x00, 0x2e, 0x72, 0x6f,
    0x64, 0x61, 0x74, 0x61, 0x2e, 0x73, 0x74, 0x72, 0x31, 0x2e, 0x34, 0x00,
    0x2e, 0x64, 0x61, 0x74, 0x61, 0x00, 0x2e, 0x63, 0x6f, 0x6d, 0x6d, 0x65,
    0x6e, 0x74, 0x00, 0x00, 0x00, 0x00, 0x00, 0x00, 0x00, 0x00, 0x00, 0x00,
    0x00, 0x00, 0x00, 0x00, 0x00, 0x00, 0x00, 0x00, 0x00, 0x00, 0x00, 0x00,
    0x00, 0x00, 0x00, 0x00, 0x00, 0x00, 0x00, 0x00, 0x00, 0x00, 0x00, 0x00,
    0x00, 0x00, 0x00, 0x00, 0x00, 0x00, 0x00, 0x00, 0x1b, 0x00, 0x00, 0x00,
    0x01, 0x00, 0x00, 0x00, 0x06, 0x00, 0x00, 0x00, 0x00, 0x00, 0x00, 0x01,
    0x80, 0x00, 0x00, 0x00, 0xc1, 0x04, 0x00, 0x00, 0x00, 0x00, 0x00, 0x00,
    0x00, 0x00, 0x00, 0x00, 0x10, 0x00, 0x00, 0x00, 0x00, 0x00, 0x00, 0x00,
    0x21, 0x00, 0x00, 0x00, 0x01, 0x00, 0x00, 0x00, 0x06, 0x00, 0x00, 0x00,
    0xd0, 0x04, 0x00, 0x01, 0x50, 0x05, 0x00, 0x00, 0xac, 0x00, 0x00, 0x00,
    0x00, 0x00, 0x00, 0x00, 0x00, 0x00, 0x00, 0x00, 0x10, 0x00, 0x00, 0x00,
    0x00, 0x00, 0x00, 0x00, 0x2f, 0x00, 0x00, 0x00, 0x01, 0x00, 0x00, 0x00,
    0x02, 0x00, 0x00, 0x00, 0x7c, 0x05, 0x00, 0x01, 0xfc, 0x05, 0x00, 0x00,
    0xd0, 0x05, 0x00, 0x00, 0x00, 0x00, 0x00, 0x00, 0x00, 0x00, 0x00, 0x00,
    0x04, 0x00, 0x00, 0x00, 0x00, 0x00, 0x00, 0x00, 0x39, 0x00, 0x00, 0x00,
    0x01, 0x00, 0x00, 0x00, 0x32, 0x00, 0x00, 0x00, 0x4c, 0x0b, 0x00, 0x01,
    0xcc, 0x0b, 0x00, 0x00, 0x14, 0x00, 0x00, 0x00, 0x00, 0x00, 0x00, 0x00,
    0x00, 0x00, 0x00, 0x00, 0x01, 0x00, 0x00, 0x00, 0x01, 0x00, 0x00, 0x00,
    0x48, 0x00, 0x00, 0x00, 0x01, 0x00, 0x00, 0x00, 0x32, 0x00, 0x00, 0x00,
    0x60, 0x0b, 0x00, 0x01, 0xe0, 0x0b, 0x00, 0x00, 0x2f, 0x00, 0x00, 0x00,
    0x00, 0x00, 0x00, 0x00, 0x00, 0x00, 0x00, 0x00, 0x04, 0x00, 0x00, 0x00,
    0x01, 0x00, 0x00, 0x00, 0x57, 0x00, 0x00, 0x00, 0x01, 0x00, 0x00, 0x00,
    0x03, 0x00, 0x00, 0x00, 0x90, 0x0b, 0x00, 0x01, 0x10, 0x0c, 0x00, 0x00,
    0x04, 0x00, 0x00, 0x00, 0x00, 0x00, 0x00, 0x00, 0x00, 0x00, 0x00, 0x00,
    0x04, 0x00, 0x00, 0x00, 0x00, 0x00, 0x00, 0x00, 0x5d, 0x00, 0x00, 0x00,
    0x01, 0x00, 0x00, 0x00, 0x30, 0x00, 0x00, 0x00, 0x00, 0x00, 0x00, 0x00,
    0x14, 0x0c, 0x00, 0x00, 0x26, 0x00, 0x00, 0x00, 0x00, 0x00, 0x00, 0x00,
    0x00, 0x00, 0x00, 0x00, 0x01, 0x00, 0x00, 0x00, 0x01, 0x00, 0x00, 0x00,
    0x01, 0x00, 0x00, 0x00, 0x02, 0x00, 0x00, 0x00, 0x00, 0x00, 0x00, 0x00,
    0x00, 0x00, 0x00, 0x00, 0x3c, 0x0c, 0x00, 0x00, 0x60, 0x02, 0x00, 0x00,
    0x09, 0x00, 0x00, 0x00, 0x04, 0x00, 0x00, 0x00, 0x04, 0x00, 0x00, 0x00,
    0x10, 0x00, 0x00, 0x00, 0x09, 0x00, 0x00, 0x00, 0x03, 0x00, 0x00, 0x00,
    0x00, 0x00, 0x00, 0x00, 0x00, 0x00, 0x00, 0x00, 0x9c, 0x0e, 0x00, 0x00,
    0x51, 0x01, 0x00, 0x00, 0x00, 0x00, 0x00, 0x00, 0x00, 0x00, 0x00, 0x00,
    0x01, 0x00, 0x00, 0x00, 0x00, 0x00, 0x00, 0x00, 0x11, 0x00, 0x00, 0x00,
    0x03, 0x00, 0x00, 0x00, 0x00, 0x00, 0x00, 0x00, 0x00, 0x00, 0x00, 0x00,
    0xed, 0x0f, 0x00, 0x00, 0x66, 0x00, 0x00, 0x00, 0x00, 0x00, 0x00, 0x00,
    0x00, 0x00, 0x00, 0x00, 0x01, 0x00, 0x00, 0x00, 0x00, 0x00, 0x00, 0x00,
};

static const unsigned char prog_shutdown_elf[] = {
    0x7f, 0x45, 0x4c, 0x46, 0x01, 0x01, 0x01, 0x00, 0x00, 0x00, 0x00, 0x00,
    0x00, 0x00, 0x00, 0x00, 0x02, 0x00, 0x03, 0x00, 0x01, 0x00, 0x00, 0x00,
    0x00, 0x00, 0x00, 0x01, 0x34, 0x00, 0x00, 0x00, 0x8c, 0x0f, 0x00, 0x00,
    0x00, 0x00, 0x00, 0x00, 0x34, 0x00, 0x20, 0x00, 0x02, 0x00, 0x28, 0x00,
    0x0a, 0x00, 0x09, 0x00, 0x01, 0x00, 0x00, 0x00, 0x80, 0x00, 0x00, 0x00,
    0x00, 0x00, 0x00, 0x01, 0x00, 0x00, 0x00, 0x01, 0xd8, 0x0a, 0x00, 0x00,
    0xd8, 0x0a, 0x00, 0x00, 0x07, 0x00, 0x00, 0x00, 0x10, 0x00, 0x00, 0x00,
    0x51, 0xe5, 0x74, 0x64, 0x00, 0x00, 0x00, 0x00, 0x00, 0x00, 0x00, 0x00,
    0x00, 0x00, 0x00, 0x00, 0x00, 0x00, 0x00, 0x00, 0x00, 0x00, 0x00, 0x00,
    0x06, 0x00, 0x00, 0x00, 0x10, 0x00, 0x00, 0x00, 0x00, 0x00, 0x00, 0x00,
    0x00, 0x00, 0x00, 0x00, 0x00, 0x00, 0x00, 0x00, 0x57, 0x56, 0x53, 0x31,
    0xdb, 0x89, 0xde, 0x89, 0xdf, 0xe8, 0xc2, 0x04, 0x00, 0x00, 0xb8, 0x10,
    0x00, 0x00, 0x00, 0x89, 0xd9, 0x89, 0xda, 0xcd, 0x80, 0xeb, 0xfe, 0x2e,
    0x8d, 0x74, 0x26, 0x00, 0x31, 0xc0, 0x57, 0x89, 0xc1, 0x56, 0x89, 0xc2,
    0x89, 0xc6, 0x53, 0x89, 0xc7, 0x8b, 0x5c, 0x24, 0x10, 0xcd, 0x80, 0x5b,
    0x5e, 0x5f, 0xc3, 0x90, 0x2e, 0x8d, 0xb4, 0x26, 0x00, 0x00, 0x00, 0x00,
    0x31, 0xc9, 0x57, 0xb8, 0x01, 0x00, 0x00, 0x00, 0x56, 0x89, 0xca, 0x89,
    0xce, 0x89, 0xcf, 0x53, 0x8b, 0x5c, 0x24, 0x10, 0xcd, 0x80, 0x5b, 0x5e,
    0x5f, 0xc3, 0x8d, 0xb6, 0x00, 0x00, 0x00, 0x00, 0x31, 0xc9, 0x57, 0xb8,
    0x02, 0x00, 0x00, 0x00, 0x56, 0x89, 0xca, 0x89, 0xce, 0x89, 0xcf, 0x53,
    0x8b, 0x5c, 0x24, 0x10, 0xcd, 0x80, 0x5b, 0x5e, 0x5f, 0xc3, 0x8d, 0xb6,
    0x00, 0x00, 0x00, 0x00, 0x31, 0xc9, 0x57, 0xb8, 0x03, 0x00, 0x00, 0x00,
    0x56, 0x89, 0xca, 0x89, 0xce, 0x89, 0xcf, 0x53, 0x0f, 0xbe, 0x5c, 0x24,
    0x10, 0xcd, 0x80, 0x5b, 0x5e, 0x5f, 0xc3, 0x2e, 0x8d, 0x74, 0x26, 0x00,
    0x57, 0xb8, 0x04, 0x00, 0x00, 0x00, 0x56, 0x31, 0xf6, 0x53, 0x89, 0xf7,
    0x8b, 0x4c, 0x24, 0x14, 0x8b, 0x54, 0x24, 0x18, 0x8b, 0x5c, 0x24, 0x10,
    0xcd, 0x80, 0x5b, 0x5e, 0x5f, 0xc3, 0x66, 0x90, 0x57, 0xb8, 0x05, 0x00,
    0x00, 0x00, 0x56, 0x31, 0xf6, 0x53, 0x89, 0xf7, 0x8b, 0x4c, 0x24, 0x14,
    0x8b, 0x54, 0x24, 0x18, 0x8b, 0x5c, 0x24, 0x10, 0xcd, 0x80, 0x5b, 0x5e,
    0x5f, 0xc3, 0x66, 0x90, 0x31, 0xc9, 0x57, 0xb8, 0x06, 0x00, 0x00, 0x00,
    0x56, 0x89, 0xca, 0x89, 0xce, 0x89, 0xcf, 0x53, 0x8b, 0x5c, 0x24, 0x10,
    0xcd, 0x80, 0x5b, 0x5e, 0x5f, 0xc3, 0x8d, 0xb6, 0x00, 0x00, 0x00, 0x00,
    0x31, 0xc9, 0x57, 0xb8, 0x07, 0x00, 0x00, 0x00, 0x56, 0x89, 0xca, 0x89,
    0xce, 0x89, 0xcf, 0x53, 0x8b, 0x5c, 0x24, 0x10, 0xcd, 0x80, 0x5b, 0x5e,
    0x5f, 0xc3, 0x8d, 0xb6, 0x00, 0x00, 0x00, 0x00, 0x31, 0xc9, 0x57, 0xb8,
    0x08, 0x00, 0x00, 0x00, 0x56, 0x89, 0xca, 0x89, 0xce, 0x89, 0xcf, 0x53,
    0x8b, 0x5c, 0x24, 0x10, 0xcd, 0x80, 0x5b, 0x5e, 0x5f, 0xc3, 0x8d, 0xb6,
    0x00, 0x00, 0x00, 0x00, 0x57, 0xb8, 0x09, 0x00, 0x00, 0x00, 0x56, 0x31,
    0xf6, 0x53, 0x89, 0xf7, 0x8b, 0x4c, 0x24, 0x14, 0x8b, 0x54, 0x24, 0x18,
    0x8b, 0x5c, 0x24, 0x10, 0xcd, 0x80, 0x5b, 0x5e, 0x5f, 0xc3, 0x66, 0x90,
    0x57, 0xb8, 0x0a, 0x00, 0x00, 0x00, 0x56, 0x53, 0x31, 0xdb, 0x89, 0xd9,
    0x89, 0xda, 0x89, 0xde, 0x89, 0xdf, 0xcd, 0x80, 0x5b, 0x5e, 0x5f, 0xc3,
    0x2e, 0x8d, 0xb4, 0x26, 0x00, 0x00, 0x00, 0x00, 0x57, 0xb8, 0x0b, 0x00,
    0x00, 0x00, 0x56, 0x53, 0x31, 0xdb, 0x89, 0xd9, 0x89, 0xda, 0x89, 0xde,
    0x89, 0xdf, 0xcd, 0x80, 0x5b, 0x5e, 0x5f, 0xc3, 0x2e, 0x8d, 0xb4, 0x26,
    0x00, 0x00, 0x00, 0x00, 0x57, 0xb8, 0x0c, 0x00, 0x00, 0x00, 0x56, 0x53,
    0x31, 0xdb, 0x89, 0xd9, 0x89, 0xda, 0x89, 0xde, 0x89, 0xdf, 0xcd, 0x80,
    0x5b, 0x5e, 0x5f, 0xc3, 0x2e, 0x8d, 0xb4, 0x26, 0x00, 0x00, 0x00, 0x00,
    0x57, 0xb8, 0x0d, 0x00, 0x00, 0x00, 0x56, 0x53, 0x31, 0xdb, 0x89, 0xd9,
    0x89, 0xda, 0x89, 0xde, 0x89, 0xdf, 0xcd, 0x80, 0x5b, 0x5e, 0x5f, 0xc3,
    0x2e, 0x8d, 0xb4, 0x26, 0x00, 0x00, 0x00, 0x00, 0x57, 0xb8, 0x0e, 0x00,
    0x00, 0x00, 0x56, 0x53, 0x31, 0xdb, 0x89, 0xd9, 0x89, 0xda, 0x89, 0xde,
    0x89, 0xdf, 0xcd, 0x80, 0x5b, 0x5e, 0x5f, 0xc3, 0x2e, 0x8d, 0xb4, 0x26,
    0x00, 0x00, 0x00, 0x00, 0x31, 0xd2, 0x57, 0xb8, 0x0f, 0x00, 0x00, 0x00,
    0x56, 0x89, 0xd7, 0x89, 0xd6, 0x53, 0x8b, 0x4c, 0x24, 0x14, 0x8b, 0x5c,
    0x24, 0x10, 0xcd, 0x80, 0x5b, 0x5e, 0x5f, 0xc3, 0x8d, 0x74, 0x26, 0x00,
    0x57, 0xb8, 0x10, 0x00, 0x00, 0x00, 0x56, 0x53, 0x31, 0xdb, 0x89, 0xd9,
    0x89, 0xda, 0x89, 0xde, 0x89, 0xdf, 0xcd, 0x80, 0xeb, 0xfe, 0x66, 0x90,
    0x2e, 0x8d, 0xb4, 0x26, 0x00, 0x00, 0x00, 0x00, 0x55, 0xb8, 0x11, 0x00,
    0x00, 0x00, 0x57, 0x56, 0x53, 0x31, 0xdb, 0x89, 0xd9, 0x89, 0xda, 0x89,
    0xde, 0x89, 0xdf, 0xcd, 0x80, 0x85, 0xc0, 0x79, 0x20, 0xbd, 0x12, 0x00,
    0x00, 0x00, 0x66, 0x90, 0x31, 0xdb, 0x89, 0xe8, 0x89, 0xd9, 0x89, 0xda,
    0x89, 0xde, 0x89, 0xdf, 0xcd, 0x80, 0xb8, 0x11, 0x00, 0x00, 0x00, 0xcd,
    0x80, 0x85, 0xc0, 0x78, 0xe7, 0x5b, 0x5e, 0x5f, 0x5d, 0xc3, 0x66, 0x90,
    0x57, 0xb8, 0x12, 0x00, 0x00, 0x00, 0x56, 0x53, 0x31, 0xdb, 0x89, 0xd9,
    0x89, 0xda, 0x89, 0xde, 0x89, 0xdf, 0xcd, 0x80, 0x5b, 0x5e, 0x5f, 0xc3,
    0x2e, 0x8d, 0xb4, 0x26, 0x00, 0x00, 0x00, 0x00, 0x57, 0xb8, 0x13, 0x00,
    0x00, 0x00, 0x56, 0x53, 0x31, 0xdb, 0x89, 0xd9, 0x89, 0xda, 0x89, 0xde,
    0x89, 0xdf, 0xcd, 0x80, 0x5b, 0x5e, 0x5f, 0xc3, 0x2e, 0x8d, 0xb4, 0x26,
    0x00, 0x00, 0x00, 0x00, 0x31, 0xd2, 0x57, 0xb8, 0x14, 0x00, 0x00, 0x00,
    0x56, 0x89, 0xd7, 0x89, 0xd6, 0x53, 0x8b, 0x4c, 0x24, 0x14, 0x8b, 0x5c,
    0x24, 0x10, 0xcd, 0x80, 0x5b, 0x5e, 0x5f, 0xc3, 0x8d, 0x74, 0x26, 0x00,
    0x31, 0xc9, 0x57, 0xb8, 0x15, 0x00, 0x00, 0x00, 0x56, 0x89, 0xca, 0x89,
    0xce, 0x89, 0xcf, 0x53, 0x8b, 0x5c, 0x24, 0x10, 0xcd, 0x80, 0x5b, 0x5e,
    0x5f, 0xc3, 0x8d, 0xb6, 0x00, 0x00, 0x00, 0x00, 0x57, 0xb8, 0x16, 0x00,
    0x00, 0x00, 0x56, 0x53, 0x31, 0xdb, 0x89, 0xd9, 0x89, 0xda, 0x89, 0xde,
    0x89, 0xdf, 0xcd, 0x80, 0x5b, 0x5e, 0x5f, 0xc3, 0x2e, 0x8d, 0xb4, 0x26,
    0x00, 0x00, 0x00, 0x00, 0x57, 0xb8, 0x1d, 0x00, 0x00, 0x00, 0x56, 0x53,
    0x31, 0xdb, 0x89, 0xd9, 0x89, 0xda, 0x89, 0xde, 0x89, 0xdf, 0xcd, 0x80,
    0x5b, 0x5e, 0x5f, 0xc3, 0x2e, 0x8d, 0xb4, 0x26, 0x00, 0x00, 0x00, 0x00,
    0x57, 0xb8, 0x17, 0x00, 0x00, 0x00, 0x31, 0xff, 0x56, 0x53, 0x8b, 0x4c,
    0x24, 0x14, 0x8b, 0x54, 0x24, 0x18, 0x8b, 0x5c, 0x24, 0x10, 0x8b, 0x74,
    0x24, 0x1c, 0xcd, 0x80, 0x5b, 0x5e, 0x5f, 0xc3, 0x57, 0xb8, 0x18, 0x00,
    0x00, 0x00, 0x56, 0x53, 0x8b, 0x4c, 0x24, 0x14, 0x8b, 0x54, 0x24, 0x18,
    0x8b, 0x5c, 0x24, 0x10, 0x8b, 0x74, 0x24, 0x1c, 0x8b, 0x7c, 0x24, 0x20,
    0xcd, 0x80, 0x5b, 0x5e, 0x5f, 0xc3, 0x8d, 0xb6, 0x00, 0x00, 0x00, 0x00,
    0x2e, 0x8d, 0xb4, 0x26, 0x00, 0x00, 0x00, 0x00, 0x57, 0x31, 0xc9, 0x56,
    0x89, 0xca, 0x89, 0xce, 0x89, 0xcf, 0x53, 0x83, 0xec, 0x20, 0x8b, 0x44,
    0x24, 0x30, 0x8d, 0x5c, 0x24, 0x04, 0x89, 0x44, 0x24, 0x04, 0x8b, 0x44,
    0x24, 0x34, 0x89, 0x44, 0x24, 0x08, 0x8b, 0x44, 0x24, 0x38, 0x89, 0x44,
    0x24, 0x0c, 0x8b, 0x44, 0x24, 0x3c, 0x89, 0x44, 0x24, 0x10, 0x8b, 0x44,
    0x24, 0x40, 0x89, 0x44, 0x24, 0x14, 0x8b, 0x44, 0x24, 0x44, 0x89, 0x44,
    0x24, 0x18, 0x8b, 0x44, 0x24, 0x48, 0x89, 0x44, 0x24, 0x1c, 0xb8, 0x19,
    0x00, 0x00, 0x00, 0xcd, 0x80, 0x83, 0xc4, 0x20, 0x5b, 0x5e, 0x5f, 0xc3,
    0x2e, 0x8d, 0xb4, 0x26, 0x00, 0x00, 0x00, 0x00, 0x57, 0x31, 0xc9, 0x56,
    0x89, 0xca, 0x89, 0xce, 0x89, 0xcf, 0x53, 0x83, 0xec, 0x20, 0x8b, 0x44,
    0x24, 0x30, 0x8d, 0x5c, 0x24, 0x04, 0x89, 0x44, 0x24, 0x04, 0x8b, 0x44,
    0x24, 0x34, 0x89, 0x44, 0x24, 0x08, 0x8b, 0x44, 0x24, 0x38, 0x89, 0x44,
    0x24, 0x0c, 0x8b, 0x44, 0x24, 0x3c, 0x89, 0x44, 0x24, 0x10, 0x8b, 0x44,
    0x24, 0x40, 0x89, 0x44, 0x24, 0x14, 0x8b, 0x44, 0x24, 0x44, 0x89, 0x44,
    0x24, 0x18, 0x8b, 0x44, 0x24, 0x48, 0x89, 0x44, 0x24, 0x1c, 0xb8, 0x1a,
    0x00, 0x00, 0x00, 0xcd, 0x80, 0x83, 0xc4, 0x20, 0x5b, 0x5e, 0x5f, 0xc3,
    0x2e, 0x8d, 0xb4, 0x26, 0x00, 0x00, 0x00, 0x00, 0x31, 0xc9, 0x57, 0xb8,
    0x1b, 0x00, 0x00, 0x00, 0x56, 0x89, 0xca, 0x89, 0xce, 0x89, 0xcf, 0x53,
    0x8b, 0x5c, 0x24, 0x10, 0xcd, 0x80, 0x5b, 0x5e, 0x5f, 0xc3, 0x8d, 0xb6,
    0x00, 0x00, 0x00, 0x00, 0x57, 0xb8, 0x1c, 0x00, 0x00, 0x00, 0x56, 0x31,
    0xf6, 0x53, 0x89, 0xf7, 0x8b, 0x4c, 0x24, 0x14, 0x8b, 0x54, 0x24, 0x18,
    0x8b, 0x5c, 0x24, 0x10, 0xcd, 0x80, 0x5b, 0x5e, 0x5f, 0xc3, 0x66, 0x90,
    0x8b, 0x44, 0x24, 0x04, 0x8b, 0x15, 0xd4, 0x0a, 0x00, 0x01, 0x83, 0xc0,
    0x0f, 0x83, 0xe0, 0xf0, 0x01, 0xd0, 0x3d, 0x00, 0x00, 0x80, 0x01, 0x77,
    0x0f, 0xa3, 0xd4, 0x0a, 0x00, 0x01, 0x89, 0xd0, 0xc3, 0x8d, 0xb4, 0x26,
    0x00, 0x00, 0x00, 0x00, 0x31, 0xd2, 0x89, 0xd0, 0xc3, 0x8d, 0x76, 0x00,
    0xc3, 0x00, 0x00, 0x00, 0x00, 0x00, 0x00, 0x00, 0x00, 0x00, 0x00, 0x00,
    0x00, 0x00, 0x00, 0x00, 0x8d, 0x4c, 0x24, 0x04, 0x83, 0xe4, 0xf0, 0xff,
    0x71, 0xfc, 0x55, 0x89, 0xe5, 0x51, 0x83, 0xec, 0x10, 0x68, 0xc0, 0x0a,
    0x00, 0x01, 0xe8, 0x35, 0xfb, 0xff, 0xff, 0xe8, 0xf0, 0xfc, 0xff, 0xff,
    0x8b, 0x4d, 0xfc, 0x83, 0xc4, 0x10, 0xc9, 0x8d, 0x61, 0xfc, 0xc3, 0x00,
    0x14, 0x00, 0x00, 0x00, 0x00, 0x00, 0x00, 0x00, 0x01, 0x7a, 0x52, 0x00,
    0x01, 0x7c, 0x08, 0x01, 0x1b, 0x0c, 0x04, 0x04, 0x88, 0x01, 0x00, 0x00,
    0x1c, 0x00, 0x00, 0x00, 0x1c, 0x00, 0x00, 0x00, 0xe4, 0xfa, 0xff, 0xff,
    0x1b, 0x00, 0x00, 0x00, 0x00, 0x41, 0x0e, 0x08, 0x87, 0x02, 0x41, 0x0e,
    0x0c, 0x86, 0x03, 0x41, 0x0e, 0x10, 0x83, 0x04, 0x28, 0x00, 0x00, 0x00,
    0x3c, 0x00, 0x00, 0x00, 0xe4, 0xfa, 0xff, 0xff, 0x17, 0x00, 0x00, 0x00,
    0x00, 0x43, 0x0e, 0x08, 0x87, 0x02, 0x43, 0x0e, 0x0c, 0x86, 0x03, 0x45,
    0x0e, 0x10, 0x83, 0x04, 0x49, 0xc3, 0x0e, 0x0c, 0x41, 0xc6, 0x0e, 0x08,
    0x41, 0xc7, 0x0e, 0x04, 0x28, 0x00, 0x00, 0x00, 0x68, 0x00, 0x00, 0x00,
    0xd8, 0xfa, 0xff, 0xff, 0x1a, 0x00, 0x00, 0x00, 0x00, 0x43, 0x0e, 0x08,
    0x87, 0x02, 0x46, 0x0e, 0x0c, 0x86, 0x03, 0x47, 0x0e, 0x10, 0x83, 0x04,
    0x47, 0xc3, 0x0e, 0x0c, 0x41, 0xc6, 0x0e, 0x08, 0x41, 0xc7, 0x0e, 0x04,
    0x28, 0x00, 0x00, 0x00, 0x94, 0x00, 0x00, 0x00, 0xcc, 0xfa, 0xff, 0xff,
    0x1a, 0x00, 0x00, 0x00, 0x00, 0x43, 0x0e, 0x08, 0x87, 0x02, 0x46, 0x0e,
    0x0c, 0x86, 0x03, 0x47, 0x0e, 0x10, 0x83, 0x04, 0x47, 0xc3, 0x0e, 0x0c,
    0x41, 0xc6, 0x0e, 0x08, 0x41, 0xc7, 0x0e, 0x04, 0x28, 0x00, 0x00, 0x00,
    0xc0, 0x00, 0x00, 0x00, 0xc0, 0xfa, 0xff, 0xff, 0x1b, 0x00, 0x00, 0x00,
    0x00, 0x43, 0x0e, 0x08, 0x87, 0x02, 0x46, 0x0e, 0x0c, 0x86, 0x03, 0x47,
    0x0e, 0x10, 0x83, 0x04, 0x48, 0xc3, 0x0e, 0x0c, 0x41, 0xc6, 0x0e, 0x08,
    0x41, 0xc7, 0x0e, 0x04, 0x28, 0x00, 0x00, 0x00, 0xec, 0x00, 0x00, 0x00,
    0xb4, 0xfa, 0xff, 0xff, 0x1e, 0x00, 0x00, 0x00, 0x00, 0x41, 0x0e, 0x08,
    0x87, 0x02, 0x46, 0x0e, 0x0c, 0x86, 0x03, 0x43, 0x0e, 0x10, 0x83, 0x04,
    0x51, 0xc3, 0x0e, 0x0c, 0x41, 0xc6, 0x0e, 0x08, 0x41, 0xc7, 0x0e, 0x04,
    0x28, 0x00, 0x00, 0x00, 0x18, 0x01, 0x00, 0x00, 0xa8, 0xfa, 0xff, 0xff,
    0x1e, 0x00, 0x00, 0x00, 0x00, 0x41, 0x0e, 0x08, 0x87, 0x02, 0x46, 0x0e,
    0x0c, 0x86, 0x03, 0x43, 0x0e, 0x10, 0x83, 0x04, 0x51, 0xc3, 0x0e, 0x0c,
    0x41, 0xc6, 0x0e, 0x08, 0x41, 0xc7, 0x0e, 0x04, 0x28, 0x00, 0x00, 0x00,
    0x44, 0x01, 0x00, 0x00, 0x9c, 0xfa, 0xff, 0xff, 0x1a, 0x00, 0x00, 0x00,
    0x00, 0x43, 0x0e, 0x08, 0x87, 0x02, 0x46, 0x0e, 0x0c, 0x86, 0x03, 0x47,
    0x0e, 0x10, 0x83, 0x04, 0x47, 0xc3, 0x0e, 0x0c, 0x41, 0xc6, 0x0e, 0x08,
    0x41, 0xc7, 0x0e, 0x04, 0x28, 0x00, 0x00, 0x00, 0x70, 0x01, 0x00, 0x00,
    0x90, 0xfa, 0xff, 0xff, 0x1a, 0x00, 0x00, 0x00, 0x00, 0x43, 0x0e, 0x08,
    0x87, 0x02, 0x46, 0x0e, 0x0c, 0x86, 0x03, 0x47, 0x0e, 0x10, 0x83, 0x04,
    0x47, 0xc3, 0x0e, 0x0c, 0x41, 0xc6, 0x0e, 0x08, 0x41, 0xc7, 0x0e, 0x04,
    0x28, 0x00, 0x00, 0x00, 0x9c, 0x01, 0x00, 0x00, 0x84, 0xfa, 0xff, 0xff,
    0x1a, 0x00, 0x00, 0x00, 0x00, 0x43, 0x0e, 0x08, 0x87, 0x02, 0x46, 0x0e,
    0x0c, 0x86, 0x03, 0x47, 0x0e, 0x10, 0x83, 0x04, 0x47, 0xc3, 0x0e, 0x0c,
    0x41, 0xc6, 0x0e, 0x08, 0x41, 0xc7, 0x0e, 0x04, 0x28, 0x00, 0x00, 0x00,
    0xc8, 0x01, 0x00, 0x00, 0x78, 0xfa, 0xff, 0xff, 0x1e, 0x00, 0x00, 0x00,
    0x00, 0x41, 0x0e, 0x08, 0x87, 0x02, 0x46, 0x0e, 0x0c, 0x86, 0x03, 0x43,
    0x0e, 0x10, 0x83, 0x04, 0x51, 0xc3, 0x0e, 0x0c, 0x41, 0xc6, 0x0e, 0x08,
    0x41, 0xc7, 0x0e, 0x04, 0x28, 0x00, 0x00, 0x00, 0xf4, 0x01, 0x00, 0x00,
    0x6c, 0xfa, 0xff, 0xff, 0x18, 0x00, 0x00, 0x00, 0x00, 0x41, 0x0e, 0x08,
    0x87, 0x02, 0x46, 0x0e, 0x0c, 0x86, 0x03, 0x41, 0x0e, 0x10, 0x83, 0x04,
    0x4d, 0xc3, 0x0e, 0x0c, 0x41, 0xc6, 0x0e, 0x08, 0x41, 0xc7, 0x0e, 0x04,
    0x28, 0x00, 0x00, 0x00, 0x20, 0x02, 0x00, 0x00, 0x60, 0xfa, 0xff, 0xff,
    0x18, 0x00, 0x00, 0x00, 0x00, 0x41, 0x0e, 0x08, 0x87, 0x02, 0x46, 0x0e,
    0x0c, 0x86, 0x03, 0x41, 0x0e, 0x10, 0x83, 0x04, 0x4d, 0xc3, 0x0e, 0x0c,
    0x41, 0xc6, 0x0e, 0x08, 0x41, 0xc7, 0x0e, 0x04, 0x28, 0x00, 0x00, 0x00,
    0x4c, 0x02, 0x00, 0x00, 0x54, 0xfa, 0xff, 0xff, 0x18, 0x00, 0x00, 0x00,
    0x00, 0x41, 0x0e, 0x08, 0x87, 0x02, 0x46, 0x0e, 0x0c, 0x86, 0x03, 0x41,
    0x0e, 0x10, 0x83, 0x04, 0x4d, 0xc3, 0x0e, 0x0c, 0x41, 0xc6, 0x0e, 0x08,
    0x41, 0xc7, 0x0e, 0x04, 0x28, 0x00, 0x00, 0x00, 0x78, 0x02, 0x00, 0x00,
    0x48, 0xfa, 0xff, 0xff, 0x18, 0x00, 0x00, 0x00, 0x00, 0x41, 0x0e, 0x08,
    0x87, 0x02, 0x46, 0x0e, 0x0c, 0x86, 0x03, 0x41, 0x0e, 0x10, 0x83, 0x04,
    0x4d, 0xc3, 0x0e, 0x0c, 0x41, 0xc6, 0x0e, 0x08, 0x41, 0xc7, 0x0e, 0x04,
    0x28, 0x00, 0x00, 0x00, 0xa4, 0x02, 0x00, 0x00, 0x3c, 0xfa, 0xff, 0xff,
    0x18, 0x00, 0x00, 0x00, 0x00, 0x41, 0x0e, 0x08, 0x87, 0x02, 0x46, 0x0e,
    0x0c, 0x86, 0x03, 0x41, 0x0e, 0x10, 0x83, 0x04, 0x4d, 0xc3, 0x0e, 0x0c,
    0x41, 0xc6, 0x0e, 0x08, 0x41, 0xc7, 0x0e, 0x04, 0x28, 0x00, 0x00, 0x00,
    0xd0, 0x02, 0x00, 0x00, 0x30, 0xfa, 0xff, 0xff, 0x1c, 0x00, 0x00, 0x00,
    0x00, 0x43, 0x0e, 0x08, 0x87, 0x02, 0x46, 0x0e, 0x0c, 0x86, 0x03, 0x45,
    0x0e, 0x10, 0x83, 0x04, 0x4b, 0xc3, 0x0e, 0x0c, 0x41, 0xc6, 0x0e, 0x08,
    0x41, 0xc7, 0x0e, 0x04, 0x1c, 0x00, 0x00, 0x00, 0xfc, 0x02, 0x00, 0x00,
    0x24, 0xfa, 0xff, 0xff, 0x16, 0x00, 0x00, 0x00, 0x00, 0x41, 0x0e, 0x08,
    0x87, 0x02, 0x46, 0x0e, 0x0c, 0x86, 0x03, 0x41, 0x0e, 0x10, 0x83, 0x04,
    0x34, 0x00, 0x00, 0x00, 0x1c, 0x03, 0x00, 0x00, 0x24, 0xfa, 0xff, 0xff,
    0x3e, 0x00, 0x00, 0x00, 0x00, 0x41, 0x0e, 0x08, 0x85, 0x02, 0x46, 0x0e,
    0x0c, 0x87, 0x03, 0x41, 0x0e, 0x10, 0x86, 0x04, 0x41, 0x0e, 0x14, 0x83,
    0x05, 0x71, 0xc3, 0x0e, 0x10, 0x41, 0xc6, 0x0e, 0x0c, 0x41, 0xc7, 0x0e,
    0x08, 0x41, 0xc5, 0x0e, 0x04, 0x00, 0x00, 0x00, 0x28, 0x00, 0x00, 0x00,
    0x54, 0x03, 0x00, 0x00, 0x2c, 0xfa, 0xff, 0xff, 0x18, 0x00, 0x00, 0x00,
    0x00, 0x41, 0x0e, 0x08, 0x87, 0x02, 0x46, 0x0e, 0x0c, 0x86, 0x03, 0x41,
    0x0e, 0x10, 0x83, 0x04, 0x4d, 0xc3, 0x0e, 0x0c, 0x41, 0xc6, 0x0e, 0x08,
    0x41, 0xc7, 0x0e, 0x04, 0x28, 0x00, 0x00, 0x00, 0x80, 0x03, 0x00, 0x00,
    0x20, 0xfa, 0xff, 0xff, 0x18, 0x00, 0x00, 0x00, 0x00, 0x41, 0x0e, 0x08,
    0x87, 0x02, 0x46, 0x0e, 0x0c, 0x86, 0x03, 0x41, 0x0e, 0x10, 0x83, 0x04,
    0x4d, 0xc3, 0x0e, 0x0c, 0x41, 0xc6, 0x0e, 0x08, 0x41, 0xc7, 0x0e, 0x04,
    0x28, 0x00, 0x00, 0x00, 0xac, 0x03, 0x00, 0x00, 0x14, 0xfa, 0xff, 0xff,
    0x1c, 0x00, 0x00, 0x00, 0x00, 0x43, 0x0e, 0x08, 0x87, 0x02, 0x46, 0x0e,
    0x0c, 0x86, 0x03, 0x45, 0x0e, 0x10, 0x83, 0x04, 0x4b, 0xc3, 0x0e, 0x0c,
    0x41, 0xc6, 0x0e, 0x08, 0x41, 0xc7, 0x0e, 0x04, 0x28, 0x00, 0x00, 0x00,
    0xd8, 0x03, 0x00, 0x00, 0x08, 0xfa, 0xff, 0xff, 0x1a, 0x00, 0x00, 0x00,
    0x00, 0x43, 0x0e, 0x08, 0x87, 0x02, 0x46, 0x0e, 0x0c, 0x86, 0x03, 0x47,
    0x0e, 0x10, 0x83, 0x04, 0x47, 0xc3, 0x0e, 0x0c, 0x41, 0xc6, 0x0e, 0x08,
    0x41, 0xc7, 0x0e, 0x04, 0x28, 0x00, 0x00, 0x00, 0x04, 0x04, 0x00, 0x00,
    0xfc, 0xf9, 0xff, 0xff, 0x18, 0x00, 0x00, 0x00, 0x00, 0x41, 0x0e, 0x08,
    0x87, 0x02, 0x46, 0x0e, 0x0c, 0x86, 0x03, 0x41, 0x0e, 0x10, 0x83, 0x04,
    0x4d, 0xc3, 0x0e, 0x0c, 0x41, 0xc6, 0x0e, 0x08, 0x41, 0xc7, 0x0e, 0x04,
    0x28, 0x00, 0x00, 0x00, 0x30, 0x04, 0x00, 0x00, 0xf0, 0xf9, 0xff, 0xff,
    0x18, 0x00, 0x00, 0x00, 0x00, 0x41, 0x0e, 0x08, 0x87, 0x02, 0x46, 0x0e,
    0x0c, 0x86, 0x03, 0x41, 0x0e, 0x10, 0x83, 0x04, 0x4d, 0xc3, 0x0e, 0x0c,
    0x41, 0xc6, 0x0e, 0x08, 0x41, 0xc7, 0x0e, 0x04, 0x28, 0x00, 0x00, 0x00,
    0x5c, 0x04, 0x00, 0x00, 0xe4, 0xf9, 0xff, 0xff, 0x20, 0x00, 0x00, 0x00,
    0x00, 0x41, 0x0e, 0x08, 0x87, 0x02, 0x48, 0x0e, 0x0c, 0x86, 0x03, 0x41,
    0x0e, 0x10, 0x83, 0x04, 0x53, 0xc3, 0x0e, 0x0c, 0x41, 0xc6, 0x0e, 0x08,
    0x41, 0xc7, 0x0e, 0x04, 0x28, 0x00, 0x00, 0x00, 0x88, 0x04, 0x00, 0x00,
    0xd8, 0xf9, 0xff, 0xff, 0x22, 0x00, 0x00, 0x00, 0x00, 0x41, 0x0e, 0x08,
    0x87, 0x02, 0x46, 0x0e, 0x0c, 0x86, 0x03, 0x41, 0x0e, 0x10, 0x83, 0x04,
    0x57, 0xc3, 0x0e, 0x0c, 0x41, 0xc6, 0x0e, 0x08, 0x41, 0xc7, 0x0e, 0x04,
    0x30, 0x00, 0x00, 0x00, 0xb4, 0x04, 0x00, 0x00, 0xdc, 0xf9, 0xff, 0xff,
    0x58, 0x00, 0x00, 0x00, 0x00, 0x41, 0x0e, 0x08, 0x87, 0x02, 0x43, 0x0e,
    0x0c, 0x86, 0x03, 0x47, 0x0e, 0x10, 0x83, 0x04, 0x43, 0x0e, 0x30, 0x02,
    0x46, 0x0e, 0x10, 0x41, 0xc3, 0x0e, 0x0c, 0x41, 0xc6, 0x0e, 0x08, 0x41,
    0xc7, 0x0e, 0x04, 0x00, 0x30, 0x00, 0x00, 0x00, 0xe8, 0x04, 0x00, 0x00,
    0x08, 0xfa, 0xff, 0xff, 0x58, 0x00, 0x00, 0x00, 0x00, 0x41, 0x0e, 0x08,
    0x87, 0x02, 0x43, 0x0e, 0x0c, 0x86, 0x03, 0x47, 0x0e, 0x10, 0x83, 0x04,
    0x43, 0x0e, 0x30, 0x02, 0x46, 0x0e, 0x10, 0x41, 0xc3, 0x0e, 0x0c, 0x41,
    0xc6, 0x0e, 0x08, 0x41, 0xc7, 0x0e, 0x04, 0x00, 0x28, 0x00, 0x00, 0x00,
    0x1c, 0x05, 0x00, 0x00, 0x34, 0xfa, 0xff, 0xff, 0x1a, 0x00, 0x00, 0x00,
    0x00, 0x43, 0x0e, 0x08, 0x87, 0x02, 0x46, 0x0e, 0x0c, 0x86, 0x03, 0x47,
    0x0e, 0x10, 0x83, 0x04, 0x47, 0xc3, 0x0e, 0x0c, 0x41, 0xc6, 0x0e, 0x08,
    0x41, 0xc7, 0x0e, 0x04, 0x28, 0x00, 0x00, 0x00, 0x48, 0x05, 0x00, 0x00,
    0x28, 0xfa, 0xff, 0xff, 0x1e, 0x00, 0x00, 0x00, 0x00, 0x41, 0x0e, 0x08,
    0x87, 0x02, 0x46, 0x0e, 0x0c, 0x86, 0x03, 0x43, 0x0e, 0x10, 0x83, 0x04,
    0x51, 0xc3, 0x0e, 0x0c, 0x41, 0xc6, 0x0e, 0x08, 0x41, 0xc7, 0x0e, 0x04,
    0x10, 0x00, 0x00, 0x00, 0x74, 0x05, 0x00, 0x00, 0x1c, 0xfa, 0xff, 0xff,
    0x2d, 0x00, 0x00, 0x00, 0x00, 0x00, 0x00, 0x00, 0x10, 0x00, 0x00, 0x00,
    0x88, 0x05, 0x00, 0x00, 0x38, 0xfa, 0xff, 0xff, 0x01, 0x00, 0x00, 0x00,
    0x00, 0x00, 0x00, 0x00, 0x28, 0x00, 0x00, 0x00, 0x9c, 0x05, 0x00, 0x00,
    0x34, 0xfa, 0xff, 0xff, 0x2b, 0x00, 0x00, 0x00, 0x00, 0x44, 0x0c, 0x01,
    0x00, 0x49, 0x10, 0x05, 0x02, 0x75, 0x00, 0x41, 0x0f, 0x03, 0x75, 0x7c,
    0x06, 0x55, 0x0c, 0x01, 0x00, 0x44, 0xc5, 0x43, 0x0c, 0x04, 0x04, 0x00,
    0x0a, 0x53, 0x68, 0x75, 0x74, 0x74, 0x69, 0x6e, 0x67, 0x20, 0x64, 0x6f,
    0x77, 0x6e, 0x2e, 0x2e, 0x2e, 0x00, 0x00, 0x00, 0x00, 0x00, 0x10, 0x01,
    0x47, 0x43, 0x43, 0x3a, 0x20, 0x28, 0x55, 0x62, 0x75, 0x6e, 0x74, 0x75,
    0x20, 0x31, 0x35, 0x2e, 0x32, 0x2e, 0x30, 0x2d, 0x31, 0x36, 0x75, 0x62,
    0x75, 0x6e, 0x74, 0x75, 0x31, 0x29, 0x20, 0x31, 0x35, 0x2e, 0x32, 0x2e,
    0x30, 0x00, 0x00, 0x00, 0x00, 0x00, 0x00, 0x00, 0x00, 0x00, 0x00, 0x00,
    0x00, 0x00, 0x00, 0x00, 0x00, 0x00, 0x00, 0x00, 0x01, 0x00, 0x00, 0x00,
    0x00, 0x00, 0x00, 0x00, 0x00, 0x00, 0x00, 0x00, 0x04, 0x00, 0xf1, 0xff,
    0x0a, 0x00, 0x00, 0x00, 0xd4, 0x0a, 0x00, 0x01, 0x04, 0x00, 0x00, 0x00,
    0x01, 0x00, 0x05, 0x00, 0x14, 0x00, 0x00, 0x00, 0x00, 0x00, 0x00, 0x00,
    0x00, 0x00, 0x00, 0x00, 0x04, 0x00, 0xf1, 0xff, 0x1f, 0x00, 0x00, 0x00,
    0x80, 0x00, 0x00, 0x01, 0x1b, 0x00, 0x00, 0x00, 0x12, 0x00, 0x01, 0x00,
    0x27, 0x00, 0x00, 0x00, 0x50, 0x04, 0x00, 0x01, 0x1a, 0x00, 0x00, 0x00,
    0x12, 0x00, 0x01, 0x00, 0x32, 0x00, 0x00, 0x00, 0x80, 0x02, 0x00, 0x01,
    0x18, 0x00, 0x00, 0x00, 0x12, 0x00, 0x01, 0x00, 0x38, 0x00, 0x00, 0x00,
    0x20, 0x00, 0x00, 0x01, 0x17, 0x00, 0x00, 0x00, 0x12, 0x00, 0x01, 0x00,
    0x3e, 0x00, 0x00, 0x00, 0x00, 0x01, 0x00, 0x01, 0x1a, 0x00, 0x00, 0x00,
    0x12, 0x00, 0x01, 0x00, 0x4a, 0x00, 0x00, 0x00, 0xa0, 0x02, 0x00, 0x01,
    0x18, 0x00, 0x00, 0x00, 0x12, 0x00, 0x01, 0x00, 0x51, 0x00, 0x00, 0x00,
    0x00, 0x02, 0x00, 0x01, 0x1c, 0x00, 0x00, 0x00, 0x12, 0x00, 0x01, 0x00,
    0x5a, 0x00, 0x00, 0x00, 0x90, 0x04, 0x00, 0x01, 0x2d, 0x00, 0x00, 0x00,
    0x12, 0x00, 0x01, 0x00, 0x61, 0x00, 0x00, 0x00, 0xc0, 0x02, 0x00, 0x01,
    0x1c, 0x00, 0x00, 0x00, 0x12, 0x00, 0x01, 0x00, 0x6a, 0x00, 0x00, 0x00,
    0x60, 0x00, 0x00, 0x01, 0x1a, 0x00, 0x00, 0x00, 0x12, 0x00, 0x01, 0x00,
    0x74, 0x00, 0x00, 0x00, 0x00, 0x03, 0x00, 0x01, 0x18, 0x00, 0x00, 0x00,
    0x12, 0x00, 0x01, 0x00, 0x84, 0x00, 0x00, 0x00, 0x70, 0x04, 0x00, 0x01,
    0x1e, 0x00, 0x00, 0x00, 0x12, 0x00, 0x01, 0x00, 0x8a, 0x00, 0x00, 0x00,
    0x40, 0x01, 0x00, 0x01, 0x1e, 0x00, 0x00, 0x00, 0x12, 0x00, 0x01, 0x00,
    0x96, 0x00, 0x00, 0x00, 0xf0, 0x03, 0x00, 0x01, 0x58, 0x00, 0x00, 0x00,
    0x12, 0x00, 0x01, 0x00, 0xa0, 0x00, 0x00, 0x00, 0x60, 0x01, 0x00, 0x01,
    0x18, 0x00, 0x00, 0x00, 0x12, 0x00, 0x01, 0x00, 0xa9, 0x00, 0x00, 0x00,
    0xa0, 0x01, 0x00, 0x01, 0x18, 0x00, 0x00, 0x00, 0x12, 0x00, 0x01, 0x00,
    0xb0, 0x00, 0x00, 0x00, 0x00, 0x00, 0x00, 0x01, 0x1b, 0x00, 0x00, 0x00,
    0x12, 0x00, 0x01, 0x00, 0xb7, 0x00, 0x00, 0x00, 0xc0, 0x00, 0x00, 0x01,
    0x1e, 0x00, 0x00, 0x00, 0x12, 0x00, 0x01, 0x00, 0xbf, 0x00, 0x00, 0x00,
    0xe0, 0x02, 0x00, 0x01, 0x1a, 0x00, 0x00, 0x00, 0x12, 0x00, 0x01, 0x00,
    0xc8, 0x00, 0x00, 0x00, 0xc0, 0x01, 0x00, 0x01, 0x18, 0x00, 0x00, 0x00,
    0x12, 0x00, 0x01, 0x00, 0xce, 0x00, 0x00, 0x00, 0x90, 0x03, 0x00, 0x01,
    0x58, 0x00, 0x00, 0x00, 0x12, 0x00, 0x01, 0x00, 0xda, 0x00, 0x00, 0x00,
    0x40, 0x02, 0x00, 0x01, 0x3e, 0x00, 0x00, 0x00, 0x12, 0x00, 0x01, 0x00,
    0xe3, 0x00, 0x00, 0x00, 0x40, 0x03, 0x00, 0x01, 0x20, 0x00, 0x00, 0x00,
    0x12, 0x00, 0x01, 0x00, 0xed, 0x00, 0x00, 0x00, 0xd0, 0x04, 0x00, 0x01,
    0x2b, 0x00, 0x00, 0x00, 0x12, 0x00, 0x02, 0x00, 0xf2, 0x00, 0x00, 0x00,
    0x40, 0x00, 0x00, 0x01, 0x1a, 0x00, 0x00, 0x00, 0x12, 0x00, 0x01, 0x00,
    0xfc, 0x00, 0x00, 0x00, 0xe0, 0x01, 0x00, 0x01, 0x18, 0x00, 0x00, 0x00,
    0x12, 0x00, 0x01, 0x00, 0x05, 0x01, 0x00, 0x00, 0xa0, 0x00, 0x00, 0x01,
    0x1e, 0x00, 0x00, 0x00, 0x12, 0x00, 0x01, 0x00, 0x0e, 0x01, 0x00, 0x00,
    0x20, 0x03, 0x00, 0x01, 0x18, 0x00, 0x00, 0x00, 0x12, 0x00, 0x01, 0x00,
    0x1c, 0x01, 0x00, 0x00, 0x20, 0x01, 0x00, 0x01, 0x1a, 0x00, 0x00, 0x00,
    0x12, 0x00, 0x01, 0x00, 0x26, 0x01, 0x00, 0x00, 0xe0, 0x00, 0x00, 0x01,
    0x1a, 0x00, 0x00, 0x00, 0x12, 0x00, 0x01, 0x00, 0x30, 0x01, 0x00, 0x00,
    0x60, 0x03, 0x00, 0x01, 0x22, 0x00, 0x00, 0x00, 0x12, 0x00, 0x01, 0x00,
    0x3c, 0x01, 0x00, 0x00, 0x20, 0x02, 0x00, 0x01, 0x16, 0x00, 0x00, 0x00,
    0x12, 0x00, 0x01, 0x00, 0x41, 0x01, 0x00, 0x00, 0x80, 0x01, 0x00, 0x01,
    0x18, 0x00, 0x00, 0x00, 0x12, 0x00, 0x01, 0x00, 0x4e, 0x01, 0x00, 0x00,
    0xc0, 0x04, 0x00, 0x01, 0x01, 0x00, 0x00, 0x00, 0x12, 0x00, 0x01, 0x00,
    0x00, 0x6c, 0x69, 0x62, 0x61, 0x6f, 0x73, 0x2e, 0x63, 0x00, 0x68, 0x65,
    0x61, 0x70, 0x5f, 0x6e, 0x65, 0x78, 0x74, 0x00, 0x73, 0x68, 0x75, 0x74,
    0x64, 0x6f, 0x77, 0x6e, 0x2e, 0x63, 0x00, 0x70, 0x75, 0x74, 0x63, 0x68,
    0x61, 0x72, 0x00, 0x73, 0x65, 0x74, 0x5f, 0x73, 0x74, 0x64, 0x6f, 0x75,
    0x74, 0x00, 0x79, 0x69, 0x65, 0x6c, 0x64, 0x00, 0x70, 0x72, 0x69, 0x6e,
    0x74, 0x00, 0x66, 0x73, 0x5f, 0x67, 0x65, 0x74, 0x5f, 0x73, 0x69, 0x7a,
    0x65, 0x00, 0x67, 0x65, 0x74, 0x70, 0x69, 0x64, 0x00, 0x67, 0x65, 0x74,
    0x5f, 0x61, 0x72, 0x67, 0x73, 0x00, 0x6d, 0x61, 0x6c, 0x6c, 0x6f, 0x63,
    0x00, 0x73, 0x65, 0x6e, 0x64, 0x5f, 0x6d, 0x73, 0x67, 0x00, 0x70, 0x72,
    0x69, 0x6e, 0x74, 0x5f, 0x64, 0x65, 0x63, 0x00, 0x72, 0x65, 0x67, 0x69,
    0x73, 0x74, 0x65, 0x72, 0x5f, 0x65, 0x76, 0x65, 0x6e, 0x74, 0x73, 0x00,
    0x73, 0x70, 0x61, 0x77, 0x6e, 0x00, 0x66, 0x73, 0x5f, 0x6c, 0x69, 0x73,
    0x74, 0x5f, 0x67, 0x65, 0x74, 0x00, 0x66, 0x69, 0x6c, 0x6c, 0x5f, 0x72,
    0x65, 0x63, 0x74, 0x00, 0x67, 0x65, 0x74, 0x5f, 0x74, 0x69, 0x63, 0x6b,
    0x00, 0x72, 0x65, 0x62, 0x6f, 0x6f, 0x74, 0x00, 0x5f, 0x73, 0x74, 0x61,
    0x72, 0x74, 0x00, 0x66, 0x73, 0x5f, 0x72, 0x65, 0x61, 0x64, 0x00, 0x72,
    0x65, 0x63, 0x76, 0x5f, 0x6d, 0x73, 0x67, 0x00, 0x70, 0x61, 0x6e, 0x69,
    0x63, 0x00, 0x72, 0x65, 0x6e, 0x64, 0x65, 0x72, 0x5f, 0x74, 0x65, 0x78,
    0x74, 0x00, 0x72, 0x65, 0x61, 0x64, 0x5f, 0x6b, 0x65, 0x79, 0x00, 0x67,
    0x65, 0x74, 0x5f, 0x6d, 0x6f, 0x75, 0x73, 0x65, 0x00, 0x6d, 0x61, 0x69,
    0x6e, 0x00, 0x70, 0x72, 0x69, 0x6e, 0x74, 0x5f, 0x68, 0x65, 0x78, 0x00,
    0x73, 0x68, 0x75, 0x74, 0x64, 0x6f, 0x77, 0x6e, 0x00, 0x66, 0x73, 0x5f,
    0x77, 0x72, 0x69, 0x74, 0x65, 0x00, 0x67, 0x65, 0x74, 0x5f, 0x65, 0x76,
    0x65, 0x6e, 0x74, 0x5f, 0x70, 0x69, 0x64, 0x00, 0x66, 0x73, 0x5f, 0x65,
    0x78, 0x69, 0x73, 0x74, 0x73, 0x00, 0x66, 0x73, 0x5f, 0x64, 0x65, 0x6c,
    0x65, 0x74, 0x65, 0x00, 0x67, 0x65, 0x74, 0x5f, 0x66, 0x62, 0x5f, 0x69,
    0x6e, 0x66, 0x6f, 0x00, 0x65, 0x78, 0x69, 0x74, 0x00, 0x63, 0x6c, 0x65,
    0x61, 0x72, 0x5f, 0x73, 0x63, 0x72, 0x65, 0x65, 0x6e, 0x00, 0x66, 0x72,
    0x65, 0x65, 0x00, 0x00, 0x2e, 0x73, 0x79, 0x6d, 0x74, 0x61, 0x62, 0x00,
    0x2e, 0x73, 0x74, 0x72, 0x74, 0x61, 0x62, 0x00, 0x2e, 0x73, 0x68, 0x73,
    0x74, 0x72, 0x74, 0x61, 0x62, 0x00, 0x2e, 0x74, 0x65, 0x78, 0x74, 0x00,
    0x2e, 0x74, 0x65, 0x78, 0x74, 0x2e, 0x73, 0x74, 0x61, 0x72, 0x74, 0x75,
    0x70, 0x00, 0x2e, 0x65, 0x68, 0x5f, 0x66, 0x72, 0x61, 0x6d, 0x65, 0x00,
    0x2e, 0x72, 0x6f, 0x64, 0x61, 0x74, 0x61, 0x2e, 0x73, 0x74, 0x72, 0x31,
    0x2e, 0x31, 0x00, 0x2e, 0x64, 0x61, 0x74, 0x61, 0x00, 0x2e, 0x63, 0x6f,
    0x6d, 0x6d, 0x65, 0x6e, 0x74, 0x00, 0x00, 0x00, 0x00, 0x00, 0x00, 0x00,
    0x00, 0x00, 0x00, 0x00, 0x00, 0x00, 0x00, 0x00, 0x00, 0x00, 0x00, 0x00,
    0x00, 0x00, 0x00, 0x00, 0x00, 0x00, 0x00, 0x00, 0x00, 0x00, 0x00, 0x00,
    0x00, 0x00, 0x00, 0x00, 0x00, 0x00, 0x00, 0x00, 0x00, 0x00, 0x00, 0x00,
    0x1b, 0x00, 0x00, 0x00, 0x01, 0x00, 0x00, 0x00, 0x06, 0x00, 0x00, 0x00,
    0x00, 0x00, 0x00, 0x01, 0x80, 0x00, 0x00, 0x00, 0xc1, 0x04, 0x00, 0x00,
    0x00, 0x00, 0x00, 0x00, 0x00, 0x00, 0x00, 0x00, 0x10, 0x00, 0x00, 0x00,
    0x00, 0x00, 0x00, 0x00, 0x21, 0x00, 0x00, 0x00, 0x01, 0x00, 0x00, 0x00,
    0x06, 0x00, 0x00, 0x00, 0xd0, 0x04, 0x00, 0x01, 0x50, 0x05, 0x00, 0x00,
    0x2b, 0x00, 0x00, 0x00, 0x00, 0x00, 0x00, 0x00, 0x00, 0x00, 0x00, 0x00,
    0x10, 0x00, 0x00, 0x00, 0x00, 0x00, 0x00, 0x00, 0x2f, 0x00, 0x00, 0x00,
    0x01, 0x00, 0x00, 0x00, 0x02, 0x00, 0x00, 0x00, 0xfc, 0x04, 0x00, 0x01,
    0x7c, 0x05, 0x00, 0x00, 0xc4, 0x05, 0x00, 0x00, 0x00, 0x00, 0x00, 0x00,
    0x00, 0x00, 0x00, 0x00, 0x04, 0x00, 0x00, 0x00, 0x00, 0x00, 0x00, 0x00,
    0x39, 0x00, 0x00, 0x00, 0x01, 0x00, 0x00, 0x00, 0x32, 0x00, 0x00, 0x00,
    0xc0, 0x0a, 0x00, 0x01, 0x40, 0x0b, 0x00, 0x00, 0x12, 0x00, 0x00, 0x00,
    0x00, 0x00, 0x00, 0x00, 0x00, 0x00, 0x00, 0x00, 0x01, 0x00, 0x00, 0x00,
    0x01, 0x00, 0x00, 0x00, 0x48, 0x00, 0x00, 0x00, 0x01, 0x00, 0x00, 0x00,
    0x03, 0x00, 0x00, 0x00, 0xd4, 0x0a, 0x00, 0x01, 0x54, 0x0b, 0x00, 0x00,
    0x04, 0x00, 0x00, 0x00, 0x00, 0x00, 0x00, 0x00, 0x00, 0x00, 0x00, 0x00,
    0x04, 0x00, 0x00, 0x00, 0x00, 0x00, 0x00, 0x00, 0x4e, 0x00, 0x00, 0x00,
    0x01, 0x00, 0x00, 0x00, 0x30, 0x00, 0x00, 0x00, 0x00, 0x00, 0x00, 0x00,
    0x58, 0x0b, 0x00, 0x00, 0x26, 0x00, 0x00, 0x00, 0x00, 0x00, 0x00, 0x00,
    0x00, 0x00, 0x00, 0x00, 0x01, 0x00, 0x00, 0x00, 0x01, 0x00, 0x00, 0x00,
    0x01, 0x00, 0x00, 0x00, 0x02, 0x00, 0x00, 0x00, 0x00, 0x00, 0x00, 0x00,
    0x00, 0x00, 0x00, 0x00, 0x80, 0x0b, 0x00, 0x00, 0x60, 0x02, 0x00, 0x00,
    0x08, 0x00, 0x00, 0x00, 0x04, 0x00, 0x00, 0x00, 0x04, 0x00, 0x00, 0x00,
    0x10, 0x00, 0x00, 0x00, 0x09, 0x00, 0x00, 0x00, 0x03, 0x00, 0x00, 0x00,
    0x00, 0x00, 0x00, 0x00, 0x00, 0x00, 0x00, 0x00, 0xe0, 0x0d, 0x00, 0x00,
    0x53, 0x01, 0x00, 0x00, 0x00, 0x00, 0x00, 0x00, 0x00, 0x00, 0x00, 0x00,
    0x01, 0x00, 0x00, 0x00, 0x00, 0x00, 0x00, 0x00, 0x11, 0x00, 0x00, 0x00,
    0x03, 0x00, 0x00, 0x00, 0x00, 0x00, 0x00, 0x00, 0x00, 0x00, 0x00, 0x00,
    0x33, 0x0f, 0x00, 0x00, 0x57, 0x00, 0x00, 0x00, 0x00, 0x00, 0x00, 0x00,
    0x00, 0x00, 0x00, 0x00, 0x01, 0x00, 0x00, 0x00, 0x00, 0x00, 0x00, 0x00,
};

static const unsigned char prog_test_elf[] = {
    0x7f, 0x45, 0x4c, 0x46, 0x01, 0x01, 0x01, 0x00, 0x00, 0x00, 0x00, 0x00,
    0x00, 0x00, 0x00, 0x00, 0x02, 0x00, 0x03, 0x00, 0x01, 0x00, 0x00, 0x00,
    0x00, 0x00, 0x00, 0x01, 0x34, 0x00, 0x00, 0x00, 0xc0, 0x10, 0x00, 0x00,
    0x00, 0x00, 0x00, 0x00, 0x34, 0x00, 0x20, 0x00, 0x02, 0x00, 0x28, 0x00,
    0x0a, 0x00, 0x09, 0x00, 0x01, 0x00, 0x00, 0x00, 0x80, 0x00, 0x00, 0x00,
    0x00, 0x00, 0x00, 0x01, 0x00, 0x00, 0x00, 0x01, 0x10, 0x0c, 0x00, 0x00,
    0x10, 0x0c, 0x00, 0x00, 0x07, 0x00, 0x00, 0x00, 0x10, 0x00, 0x00, 0x00,
    0x51, 0xe5, 0x74, 0x64, 0x00, 0x00, 0x00, 0x00, 0x00, 0x00, 0x00, 0x00,
    0x00, 0x00, 0x00, 0x00, 0x00, 0x00, 0x00, 0x00, 0x00, 0x00, 0x00, 0x00,
    0x06, 0x00, 0x00, 0x00, 0x10, 0x00, 0x00, 0x00, 0x00, 0x00, 0x00, 0x00,
    0x00, 0x00, 0x00, 0x00, 0x00, 0x00, 0x00, 0x00, 0x57, 0x56, 0x53, 0x31,
    0xdb, 0x89, 0xde, 0x89, 0xdf, 0xe8, 0xc2, 0x04, 0x00, 0x00, 0xb8, 0x10,
    0x00, 0x00, 0x00, 0x89, 0xd9, 0x89, 0xda, 0xcd, 0x80, 0xeb, 0xfe, 0x2e,
    0x8d, 0x74, 0x26, 0x00, 0x31, 0xc0, 0x57, 0x89, 0xc1, 0x56, 0x89, 0xc2,
    0x89, 0xc6, 0x53, 0x89, 0xc7, 0x8b, 0x5c, 0x24, 0x10, 0xcd, 0x80, 0x5b,
    0x5e, 0x5f, 0xc3, 0x90, 0x2e, 0x8d, 0xb4, 0x26, 0x00, 0x00, 0x00, 0x00,
    0x31, 0xc9, 0x57, 0xb8, 0x01, 0x00, 0x00, 0x00, 0x56, 0x89, 0xca, 0x89,
    0xce, 0x89, 0xcf, 0x53, 0x8b, 0x5c, 0x24, 0x10, 0xcd, 0x80, 0x5b, 0x5e,
    0x5f, 0xc3, 0x8d, 0xb6, 0x00, 0x00, 0x00, 0x00, 0x31, 0xc9, 0x57, 0xb8,
    0x02, 0x00, 0x00, 0x00, 0x56, 0x89, 0xca, 0x89, 0xce, 0x89, 0xcf, 0x53,
    0x8b, 0x5c, 0x24, 0x10, 0xcd, 0x80, 0x5b, 0x5e, 0x5f, 0xc3, 0x8d, 0xb6,
    0x00, 0x00, 0x00, 0x00, 0x31, 0xc9, 0x57, 0xb8, 0x03, 0x00, 0x00, 0x00,
    0x56, 0x89, 0xca, 0x89, 0xce, 0x89, 0xcf, 0x53, 0x0f, 0xbe, 0x5c, 0x24,
    0x10, 0xcd, 0x80, 0x5b, 0x5e, 0x5f, 0xc3, 0x2e, 0x8d, 0x74, 0x26, 0x00,
    0x57, 0xb8, 0x04, 0x00, 0x00, 0x00, 0x56, 0x31, 0xf6, 0x53, 0x89, 0xf7,
    0x8b, 0x4c, 0x24, 0x14, 0x8b, 0x54, 0x24, 0x18, 0x8b, 0x5c, 0x24, 0x10,
    0xcd, 0x80, 0x5b, 0x5e, 0x5f, 0xc3, 0x66, 0x90, 0x57, 0xb8, 0x05, 0x00,
    0x00, 0x00, 0x56, 0x31, 0xf6, 0x53, 0x89, 0xf7, 0x8b, 0x4c, 0x24, 0x14,
    0x8b, 0x54, 0x24, 0x18, 0x8b, 0x5c, 0x24, 0x10, 0xcd, 0x80, 0x5b, 0x5e,
    0x5f, 0xc3, 0x66, 0x90, 0x31, 0xc9, 0x57, 0xb8, 0x06, 0x00, 0x00, 0x00,
    0x56, 0x89, 0xca, 0x89, 0xce, 0x89, 0xcf, 0x53, 0x8b, 0x5c, 0x24, 0x10,
    0xcd, 0x80, 0x5b, 0x5e, 0x5f, 0xc3, 0x8d, 0xb6, 0x00, 0x00, 0x00, 0x00,
    0x31, 0xc9, 0x57, 0xb8, 0x07, 0x00, 0x00, 0x00, 0x56, 0x89, 0xca, 0x89,
    0xce, 0x89, 0xcf, 0x53, 0x8b, 0x5c, 0x24, 0x10, 0xcd, 0x80, 0x5b, 0x5e,
    0x5f, 0xc3, 0x8d, 0xb6, 0x00, 0x00, 0x00, 0x00, 0x31, 0xc9, 0x57, 0xb8,
    0x08, 0x00, 0x00, 0x00, 0x56, 0x89, 0xca, 0x89, 0xce, 0x89, 0xcf, 0x53,
    0x8b, 0x5c, 0x24, 0x10, 0xcd, 0x80, 0x5b, 0x5e, 0x5f, 0xc3, 0x8d, 0xb6,
    0x00, 0x00, 0x00, 0x00, 0x57, 0xb8, 0x09, 0x00, 0x00, 0x00, 0x56, 0x31,
    0xf6, 0x53, 0x89, 0xf7, 0x8b, 0x4c, 0x24, 0x14, 0x8b, 0x54, 0x24, 0x18,
    0x8b, 0x5c, 0x24, 0x10, 0xcd, 0x80, 0x5b, 0x5e, 0x5f, 0xc3, 0x66, 0x90,
    0x57, 0xb8, 0x0a, 0x00, 0x00, 0x00, 0x56, 0x53, 0x31, 0xdb, 0x89, 0xd9,
    0x89, 0xda, 0x89, 0xde, 0x89, 0xdf, 0xcd, 0x80, 0x5b, 0x5e, 0x5f, 0xc3,
    0x2e, 0x8d, 0xb4, 0x26, 0x00, 0x00, 0x00, 0x00, 0x57, 0xb8, 0x0b, 0x00,
    0x00, 0x00, 0x56, 0x53, 0x31, 0xdb, 0x89, 0xd9, 0x89, 0xda, 0x89, 0xde,
    0x89, 0xdf, 0xcd, 0x80, 0x5b, 0x5e, 0x5f, 0xc3, 0x2e, 0x8d, 0xb4, 0x26,
    0x00, 0x00, 0x00, 0x00, 0x57, 0xb8, 0x0c, 0x00, 0x00, 0x00, 0x56, 0x53,
    0x31, 0xdb, 0x89, 0xd9, 0x89, 0xda, 0x89, 0xde, 0x89, 0xdf, 0xcd, 0x80,
    0x5b, 0x5e, 0x5f, 0xc3, 0x2e, 0x8d, 0xb4, 0x26, 0x00, 0x00, 0x00, 0x00,
    0x57, 0xb8, 0x0d, 0x00, 0x00, 0x00, 0x56, 0x53, 0x31, 0xdb, 0x89, 0xd9,
    0x89, 0xda, 0x89, 0xde, 0x89, 0xdf, 0xcd, 0x80, 0x5b, 0x5e, 0x5f, 0xc3,
    0x2e, 0x8d, 0xb4, 0x26, 0x00, 0x00, 0x00, 0x00, 0x57, 0xb8, 0x0e, 0x00,
    0x00, 0x00, 0x56, 0x53, 0x31, 0xdb, 0x89, 0xd9, 0x89, 0xda, 0x89, 0xde,
    0x89, 0xdf, 0xcd, 0x80, 0x5b, 0x5e, 0x5f, 0xc3, 0x2e, 0x8d, 0xb4, 0x26,
    0x00, 0x00, 0x00, 0x00, 0x31, 0xd2, 0x57, 0xb8, 0x0f, 0x00, 0x00, 0x00,
    0x56, 0x89, 0xd7, 0x89, 0xd6, 0x53, 0x8b, 0x4c, 0x24, 0x14, 0x8b, 0x5c,
    0x24, 0x10, 0xcd, 0x80, 0x5b, 0x5e, 0x5f, 0xc3, 0x8d, 0x74, 0x26, 0x00,
    0x57, 0xb8, 0x10, 0x00, 0x00, 0x00, 0x56, 0x53, 0x31, 0xdb, 0x89, 0xd9,
    0x89, 0xda, 0x89, 0xde, 0x89, 0xdf, 0xcd, 0x80, 0xeb, 0xfe, 0x66, 0x90,
    0x2e, 0x8d, 0xb4, 0x26, 0x00, 0x00, 0x00, 0x00, 0x55, 0xb8, 0x11, 0x00,
    0x00, 0x00, 0x57, 0x56, 0x53, 0x31, 0xdb, 0x89, 0xd9, 0x89, 0xda, 0x89,
    0xde, 0x89, 0xdf, 0xcd, 0x80, 0x85, 0xc0, 0x79, 0x20, 0xbd, 0x12, 0x00,
    0x00, 0x00, 0x66, 0x90, 0x31, 0xdb, 0x89, 0xe8, 0x89, 0xd9, 0x89, 0xda,
    0x89, 0xde, 0x89, 0xdf, 0xcd, 0x80, 0xb8, 0x11, 0x00, 0x00, 0x00, 0xcd,
    0x80, 0x85, 0xc0, 0x78, 0xe7, 0x5b, 0x5e, 0x5f, 0x5d, 0xc3, 0x66, 0x90,
    0x57, 0xb8, 0x12, 0x00, 0x00, 0x00, 0x56, 0x53, 0x31, 0xdb, 0x89, 0xd9,
    0x89, 0xda, 0x89, 0xde, 0x89, 0xdf, 0xcd, 0x80, 0x5b, 0x5e, 0x5f, 0xc3,
    0x2e, 0x8d, 0xb4, 0x26, 0x00, 0x00, 0x00, 0x00, 0x57, 0xb8, 0x13, 0x00,
    0x00, 0x00, 0x56, 0x53, 0x31, 0xdb, 0x89, 0xd9, 0x89, 0xda, 0x89, 0xde,
    0x89, 0xdf, 0xcd, 0x80, 0x5b, 0x5e, 0x5f, 0xc3, 0x2e, 0x8d, 0xb4, 0x26,
    0x00, 0x00, 0x00, 0x00, 0x31, 0xd2, 0x57, 0xb8, 0x14, 0x00, 0x00, 0x00,
    0x56, 0x89, 0xd7, 0x89, 0xd6, 0x53, 0x8b, 0x4c, 0x24, 0x14, 0x8b, 0x5c,
    0x24, 0x10, 0xcd, 0x80, 0x5b, 0x5e, 0x5f, 0xc3, 0x8d, 0x74, 0x26, 0x00,
    0x31, 0xc9, 0x57, 0xb8, 0x15, 0x00, 0x00, 0x00, 0x56, 0x89, 0xca, 0x89,
    0xce, 0x89, 0xcf, 0x53, 0x8b, 0x5c, 0x24, 0x10, 0xcd, 0x80, 0x5b, 0x5e,
    0x5f, 0xc3, 0x8d, 0xb6, 0x00, 0x00, 0x00, 0x00, 0x57, 0xb8, 0x16, 0x00,
    0x00, 0x00, 0x56, 0x53, 0x31, 0xdb, 0x89, 0xd9, 0x89, 0xda, 0x89, 0xde,
    0x89, 0xdf, 0xcd, 0x80, 0x5b, 0x5e, 0x5f, 0xc3, 0x2e, 0x8d, 0xb4, 0x26,
    0x00, 0x00, 0x00, 0x00, 0x57, 0xb8, 0x1d, 0x00, 0x00, 0x00, 0x56, 0x53,
    0x31, 0xdb, 0x89, 0xd9, 0x89, 0xda, 0x89, 0xde, 0x89, 0xdf, 0xcd, 0x80,
    0x5b, 0x5e, 0x5f, 0xc3, 0x2e, 0x8d, 0xb4, 0x26, 0x00, 0x00, 0x00, 0x00,
    0x57, 0xb8, 0x17, 0x00, 0x00, 0x00, 0x31, 0xff, 0x56, 0x53, 0x8b, 0x4c,
    0x24, 0x14, 0x8b, 0x54, 0x24, 0x18, 0x8b, 0x5c, 0x24, 0x10, 0x8b, 0x74,
    0x24, 0x1c, 0xcd, 0x80, 0x5b, 0x5e, 0x5f, 0xc3, 0x57, 0xb8, 0x18, 0x00,
    0x00, 0x00, 0x56, 0x53, 0x8b, 0x4c, 0x24, 0x14, 0x8b, 0x54, 0x24, 0x18,
    0x8b, 0x5c, 0x24, 0x10, 0x8b, 0x74, 0x24, 0x1c, 0x8b, 0x7c, 0x24, 0x20,
    0xcd, 0x80, 0x5b, 0x5e, 0x5f, 0xc3, 0x8d, 0xb6, 0x00, 0x00, 0x00, 0x00,
    0x2e, 0x8d, 0xb4, 0x26, 0x00, 0x00, 0x00, 0x00, 0x57, 0x31, 0xc9, 0x56,
    0x89, 0xca, 0x89, 0xce, 0x89, 0xcf, 0x53, 0x83, 0xec, 0x20, 0x8b, 0x44,
    0x24, 0x30, 0x8d, 0x5c, 0x24, 0x04, 0x89, 0x44, 0x24, 0x04, 0x8b, 0x44,
    0x24, 0x34, 0x89, 0x44, 0x24, 0x08, 0x8b, 0x44, 0x24, 0x38, 0x89, 0x44,
    0x24, 0x0c, 0x8b, 0x44, 0x24, 0x3c, 0x89, 0x44, 0x24, 0x10, 0x8b, 0x44,
    0x24, 0x40, 0x89, 0x44, 0x24, 0x14, 0x8b, 0x44, 0x24, 0x44, 0x89, 0x44,
    0x24, 0x18, 0x8b, 0x44, 0x24, 0x48, 0x89, 0x44, 0x24, 0x1c, 0xb8, 0x19,
    0x00, 0x00, 0x00, 0xcd, 0x80, 0x83, 0xc4, 0x20, 0x5b, 0x5e, 0x5f, 0xc3,
    0x2e, 0x8d, 0xb4, 0x26, 0x00, 0x00, 0x00, 0x00, 0x57, 0x31, 0xc9, 0x56,
    0x89, 0xca, 0x89, 0xce, 0x89, 0xcf, 0x53, 0x83, 0xec, 0x20, 0x8b, 0x44,
    0x24, 0x30, 0x8d, 0x5c, 0x24, 0x04, 0x89, 0x44, 0x24, 0x04, 0x8b, 0x44,
    0x24, 0x34, 0x89, 0x44, 0x24, 0x08, 0x8b, 0x44, 0x24, 0x38, 0x89, 0x44,
    0x24, 0x0c, 0x8b, 0x44, 0x24, 0x3c, 0x89, 0x44, 0x24, 0x10, 0x8b, 0x44,
    0x24, 0x40, 0x89, 0x44, 0x24, 0x14, 0x8b, 0x44, 0x24, 0x44, 0x89, 0x44,
    0x24, 0x18, 0x8b, 0x44, 0x24, 0x48, 0x89, 0x44, 0x24, 0x1c, 0xb8, 0x1a,
    0x00, 0x00, 0x00, 0xcd, 0x80, 0x83, 0xc4, 0x20, 0x5b, 0x5e, 0x5f, 0xc3,
    0x2e, 0x8d, 0xb4, 0x26, 0x00, 0x00, 0x00, 0x00, 0x31, 0xc9, 0x57, 0xb8,
    0x1b, 0x00, 0x00, 0x00, 0x56, 0x89, 0xca, 0x89, 0xce, 0x89, 0xcf, 0x53,
    0x8b, 0x5c, 0x24, 0x10, 0xcd, 0x80, 0x5b, 0x5e, 0x5f, 0xc3, 0x8d, 0xb6,
    0x00, 0x00, 0x00, 0x00, 0x57, 0xb8, 0x1c, 0x00, 0x00, 0x00, 0x56, 0x31,
    0xf6, 0x53, 0x89, 0xf7, 0x8b, 0x4c, 0x24, 0x14, 0x8b, 0x54, 0x24, 0x18,
    0x8b, 0x5c, 0x24, 0x10, 0xcd, 0x80, 0x5b, 0x5e, 0x5f, 0xc3, 0x66, 0x90,
    0x8b, 0x44, 0x24, 0x04, 0x8b, 0x15, 0x0c, 0x0c, 0x00, 0x01, 0x83, 0xc0,
    0x0f, 0x83, 0xe0, 0xf0, 0x01, 0xd0, 0x3d, 0x00, 0x00, 0x80, 0x01, 0x77,
    0x0f, 0xa3, 0x0c, 0x0c, 0x00, 0x01, 0x89, 0xd0, 0xc3, 0x8d, 0xb4, 0x26,
    0x00, 0x00, 0x00, 0x00, 0x31, 0xd2, 0x89, 0xd0, 0xc3, 0x8d, 0x76, 0x00,
    0xc3, 0x00, 0x00, 0x00, 0x00, 0x00, 0x00, 0x00, 0x00, 0x00, 0x00, 0x00,
    0x00, 0x00, 0x00, 0x00, 0x8d, 0x4c, 0x24, 0x04, 0x83, 0xe4, 0xf0, 0xff,
    0x71, 0xfc, 0x55, 0x89, 0xe5, 0x53, 0x51, 0x83, 0xec, 0x1c, 0x68, 0xac,
    0x0b, 0x00, 0x01, 0xe8, 0x34, 0xfb, 0xff, 0xff, 0xc7, 0x04, 0x24, 0x40,
    0x00, 0x00, 0x00, 0xe8, 0x98, 0xff, 0xff, 0xff, 0x83, 0xc4, 0x10, 0x85,
    0xc0, 0x0f, 0x84, 0xc7, 0x00, 0x00, 0x00, 0x83, 0xec, 0x0c, 0x89, 0xc3,
    0xb8, 0x48, 0x69, 0x00, 0x00, 0x66, 0x89, 0x03, 0xc6, 0x43, 0x02, 0x00,
    0x68, 0xc1, 0x0b, 0x00, 0x01, 0xe8, 0x02, 0xfb, 0xff, 0xff, 0x89, 0x1c,
    0x24, 0xe8, 0xfa, 0xfa, 0xff, 0xff, 0xc7, 0x04, 0x24, 0x09, 0x0c, 0x00,
    0x01, 0xe8, 0xee, 0xfa, 0xff, 0xff, 0x89, 0x1c, 0x24, 0xe8, 0x86, 0xff,
    0xff, 0xff, 0xc7, 0x04, 0x24, 0xc8, 0x0b, 0x00, 0x01, 0xe8, 0xda, 0xfa,
    0xff, 0xff, 0xe8, 0xf5, 0xfc, 0xff, 0xff, 0xc7, 0x04, 0x24, 0xd8, 0x0b,
    0x00, 0x01, 0x89, 0xc3, 0xe8, 0xc7, 0xfa, 0xff, 0xff, 0x89, 0x1c, 0x24,
    0xe8, 0xdf, 0xfa, 0xff, 0xff, 0xc7, 0x04, 0x24, 0x09, 0x0c, 0x00, 0x01,
    0xe8, 0xb3, 0xfa, 0xff, 0xff, 0x83, 0xc4, 0x0c, 0x8d, 0x45, 0xe8, 0x6a,
    0x10, 0x50, 0x68, 0x00, 0x00, 0x10, 0x00, 0xe8, 0x40, 0xfb, 0xff, 0xff,
    0x83, 0xc4, 0x10, 0x89, 0xc3, 0x83, 0xf8, 0xfb, 0x74, 0x2e, 0x83, 0xec,
    0x0c, 0x68, 0xf0, 0x0b, 0x00, 0x01, 0xe8, 0x89, 0xfa, 0xff, 0xff, 0x89,
    0x1c, 0x24, 0xe8, 0xc1, 0xfa, 0xff, 0xff, 0xc7, 0x04, 0x24, 0x08, 0x0c,
    0x00, 0x01, 0xe8, 0x75, 0xfa, 0xff, 0xff, 0x83, 0xc4, 0x10, 0x8d, 0x65,
    0xf8, 0x59, 0x5b, 0x5d, 0x8d, 0x61, 0xfc, 0xc3, 0x83, 0xec, 0x0c, 0x68,
    0xde, 0x0b, 0x00, 0x01, 0xe8, 0x5b, 0xfa, 0xff, 0xff, 0x83, 0xc4, 0x10,
    0xeb, 0xe4, 0x83, 0xec, 0x0c, 0x68, 0xb2, 0x0b, 0x00, 0x01, 0xe8, 0x49,
    0xfa, 0xff, 0xff, 0x83, 0xc4, 0x10, 0xeb, 0xd2, 0x14, 0x00, 0x00, 0x00,
    0x00, 0x00, 0x00, 0x00, 0x01, 0x7a, 0x52, 0x00, 0x01, 0x7c, 0x08, 0x01,
    0x1b, 0x0c, 0x04, 0x04, 0x88, 0x01, 0x00, 0x00, 0x1c, 0x00, 0x00, 0x00,
    0x1c, 0x00, 0x00, 0x00, 0x04, 0xfa, 0xff, 0xff, 0x1b, 0x00, 0x00, 0x00,
    0x00, 0x41, 0x0e, 0x08, 0x87, 0x02, 0x41, 0x0e, 0x0c, 0x86, 0x03, 0x41,
    0x0e, 0x10, 0x83, 0x04, 0x28, 0x00, 0x00, 0x00, 0x3c, 0x00, 0x00, 0x00,
    0x04, 0xfa, 0xff, 0xff, 0x17, 0x00, 0x00, 0x00, 0x00, 0x43, 0x0e, 0x08,
    0x87, 0x02, 0x43, 0x0e, 0x0c, 0x86, 0x03, 0x45, 0x0e, 0x10, 0x83, 0x04,
    0x49, 0xc3, 0x0e, 0x0c, 0x41, 0xc6, 0x0e, 0x08, 0x41, 0xc7, 0x0e, 0x04,
    0x28, 0x00, 0x00, 0x00, 0x68, 0x00, 0x00, 0x00, 0xf8, 0xf9, 0xff, 0xff,
    0x1a, 0x00, 0x00, 0x00, 0x00, 0x43, 0x0e, 0x08, 0x87, 0x02, 0x46, 0x0e,
    0x0c, 0x86, 0x03, 0x47, 0x0e, 0x10, 0x83, 0x04, 0x47, 0xc3, 0x0e, 0x0c,
    0x41, 0xc6, 0x0e, 0x08, 0x41, 0xc7, 0x0e, 0x04, 0x28, 0x00, 0x00, 0x00,
    0x94, 0x00, 0x00, 0x00, 0xec, 0xf9, 0xff, 0xff, 0x1a, 0x00, 0x00, 0x00,
    0x00, 0x43, 0x0e, 0x08, 0x87, 0x02, 0x46, 0x0e, 0x0c, 0x86, 0x03, 0x47,
    0x0e, 0x10, 0x83, 0x04, 0x47, 0xc3, 0x0e, 0x0c, 0x41, 0xc6, 0x0e, 0x08,
    0x41, 0xc7, 0x0e, 0x04, 0x28, 0x00, 0x00, 0x00, 0xc0, 0x00, 0x00, 0x00,
    0xe0, 0xf9, 0xff, 0xff, 0x1b, 0x00, 0x00, 0x00, 0x00, 0x43, 0x0e, 0x08,
    0x87, 0x02, 0x46, 0x0e, 0x0c, 0x86, 0x03, 0x47, 0x0e, 0x10, 0x83, 0x04,
    0x48, 0xc3, 0x0e, 0x0c, 0x41, 0xc6, 0x0e, 0x08, 0x41, 0xc7, 0x0e, 0x04,
    0x28, 0x00, 0x00, 0x00, 0xec, 0x00, 0x00, 0x00, 0xd4, 0xf9, 0xff, 0xff,
    0x1e, 0x00, 0x00, 0x00, 0x00, 0x41, 0x0e, 0x08, 0x87, 0x02, 0x46, 0x0e,
    0x0c, 0x86, 0x03, 0x43, 0x0e, 0x10, 0x83, 0x04, 0x51, 0xc3, 0x0e, 0x0c,
    0x41, 0xc6, 0x0e, 0x08, 0x41, 0xc7, 0x0e, 0x04, 0x28, 0x00, 0x00, 0x00,
    0x18, 0x01, 0x00, 0x00, 0xc8, 0xf9, 0xff, 0xff, 0x1e, 0x00, 0x00, 0x00,
    0x00, 0x41, 0x0e, 0x08, 0x87, 0x02, 0x46, 0x0e, 0x0c, 0x86, 0x03, 0x43,
    0x0e, 0x10, 0x83, 0x04, 0x51, 0xc3, 0x0e, 0x0c, 0x41, 0xc6, 0x0e, 0x08,
    0x41, 0xc7, 0x0e, 0x04, 0x28, 0x00, 0x00, 0x00, 0x44, 0x01, 0x00, 0x00,
    0xbc, 0xf9, 0xff, 0xff, 0x1a, 0x00, 0x00, 0x00, 0x00, 0x43, 0x0e, 0x08,
    0x87, 0x02, 0x46, 0x0e, 0x0c, 0x86, 0x03, 0x47, 0x0e, 0x10, 0x83, 0x04,
    0x47, 0xc3, 0x0e, 0x0c, 0x41, 0xc6, 0x0e, 0x08, 0x41, 0xc7, 0x0e, 0x04,
    0x28, 0x00, 0x00, 0x00, 0x70, 0x01, 0x00, 0x00, 0xb0, 0xf9, 0xff, 0xff,
    0x1a, 0x00, 0x00, 0x00, 0x00, 0x43, 0x0e, 0x08, 0x87, 0x02, 0x46, 0x0e,
    0x0c, 0x86, 0x03, 0x47, 0x0e, 0x10, 0x83, 0x04, 0x47, 0xc3, 0x0e, 0x0c,
    0x41, 0xc6, 0x0e, 0x08, 0x41, 0xc7, 0x0e, 0x04, 0x28, 0x00, 0x00, 0x00,
    0x9c, 0x01, 0x00, 0x00, 0xa4, 0xf9, 0xff, 0xff, 0x1a, 0x00, 0x00, 0x00,
    0x00, 0x43, 0x0e, 0x08, 0x87, 0x02, 0x46, 0x0e, 0x0c, 0x86, 0x03, 0x47,
    0x0e, 0x10, 0x83, 0x04, 0x47, 0xc3, 0x0e, 0x0c, 0x41, 0xc6, 0x0e, 0x08,
    0x41, 0xc7, 0x0e, 0x04, 0x28, 0x00, 0x00, 0x00, 0xc8, 0x01, 0x00, 0x00,
    0x98, 0xf9, 0xff, 0xff, 0x1e, 0x00, 0x00, 0x00, 0x00, 0x41, 0x0e, 0x08,
    0x87, 0x02, 0x46, 0x0e, 0x0c, 0x86, 0x03, 0x43, 0x0e, 0x10, 0x83, 0x04,
    0x51, 0xc3, 0x0e, 0x0c, 0x41, 0xc6, 0x0e, 0x08, 0x41, 0xc7, 0x0e, 0x04,
    0x28, 0x00, 0x00, 0x00, 0xf4, 0x01, 0x00, 0x00, 0x8c, 0xf9, 0xff, 0xff,
    0x18, 0x00, 0x00, 0x00, 0x00, 0x41, 0x0e, 0x08, 0x87, 0x02, 0x46, 0x0e,
    0x0c, 0x86, 0x03, 0x41, 0x0e, 0x10, 0x83, 0x04, 0x4d, 0xc3, 0x0e, 0x0c,
    0x41, 0xc6, 0x0e, 0x08, 0x41, 0xc7, 0x0e, 0x04, 0x28, 0x00, 0x00, 0x00,
    0x20, 0x02, 0x00, 0x00, 0x80, 0xf9, 0xff, 0xff, 0x18, 0x00, 0x00, 0x00,
    0x00, 0x41, 0x0e, 0x08, 0x87, 0x02, 0x46, 0x0e, 0x0c, 0x86, 0x03, 0x41,
    0x0e, 0x10, 0x83, 0x04, 0x4d, 0xc3, 0x0e, 0x0c, 0x41, 0xc6, 0x0e, 0x08,
    0x41, 0xc7, 0x0e, 0x04, 0x28, 0x00, 0x00, 0x00, 0x4c, 0x02, 0x00, 0x00,
    0x74, 0xf9, 0xff, 0xff, 0x18, 0x00, 0x00, 0x00, 0x00, 0x41, 0x0e, 0x08,
    0x87, 0x02, 0x46, 0x0e, 0x0c, 0x86, 0x03, 0x41, 0x0e, 0x10, 0x83, 0x04,
    0x4d, 0xc3, 0x0e, 0x0c, 0x41, 0xc6, 0x0e, 0x08, 0x41, 0xc7, 0x0e, 0x04,
    0x28, 0x00, 0x00, 0x00, 0x78, 0x02, 0x00, 0x00, 0x68, 0xf9, 0xff, 0xff,
    0x18, 0x00, 0x00, 0x00, 0x00, 0x41, 0x0e, 0x08, 0x87, 0x02, 0x46, 0x0e,
    0x0c, 0x86, 0x03, 0x41, 0x0e, 0x10, 0x83, 0x04, 0x4d, 0xc3, 0x0e, 0x0c,
    0x41, 0xc6, 0x0e, 0x08, 0x41, 0xc7, 0x0e, 0x04, 0x28, 0x00, 0x00, 0x00,
    0xa4, 0x02, 0x00, 0x00, 0x5c, 0xf9, 0xff, 0xff, 0x18, 0x00, 0x00, 0x00,
    0x00, 0x41, 0x0e, 0x08, 0x87, 0x02, 0x46, 0x0e, 0x0c, 0x86, 0x03, 0x41,
    0x0e, 0x10, 0x83, 0x04, 0x4d, 0xc3, 0x0e, 0x0c, 0x41, 0xc6, 0x0e, 0x08,
    0x41, 0xc7, 0x0e, 0x04, 0x28, 0x00, 0x00, 0x00, 0xd0, 0x02, 0x00, 0x00,
    0x50, 0xf9, 0xff, 0xff, 0x1c, 0x00, 0x00, 0x00, 0x00, 0x43, 0x0e, 0x08,
    0x87, 0x02, 0x46, 0x0e, 0x0c, 0x86, 0x03, 0x45, 0x0e, 0x10, 0x83, 0x04,
    0x4b, 0xc3, 0x0e, 0x0c, 0x41, 0xc6, 0x0e, 0x08, 0x41, 0xc7, 0x0e, 0x04,
    0x1c, 0x00, 0x00, 0x00, 0xfc, 0x02, 0x00, 0x00, 0x44, 0xf9, 0xff, 0xff,
    0x16, 0x00, 0x00, 0x00, 0x00, 0x41, 0x0e, 0x08, 0x87, 0x02, 0x46, 0x0e,
    0x0c, 0x86, 0x03, 0x41, 0x0e, 0x10, 0x83, 0x04, 0x34, 0x00, 0x00, 0x00,
    0x1c, 0x03, 0x00, 0x00, 0x44, 0xf9, 0xff, 0xff, 0x3e, 0x00, 0x00, 0x00,
    0x00, 0x41, 0x0e, 0x08, 0x85, 0x02, 0x46, 0x0e, 0x0c, 0x87, 0x03, 0x41,
    0x0e, 0x10, 0x86, 0x04, 0x41, 0x0e, 0x14, 0x83, 0x05, 0x71, 0xc3, 0x0e,
    0x10, 0x41, 0xc6, 0x0e, 0x0c, 0x41, 0xc7, 0x0e, 0x08, 0x41, 0xc5, 0x0e,
    0x04, 0x00, 0x00, 0x00, 0x28, 0x00, 0x00, 0x00, 0x54, 0x03, 0x00, 0x00,
    0x4c, 0xf9, 0xff, 0xff, 0x18, 0x00, 0x00, 0x00, 0x00, 0x41, 0x0e, 0x08,
    0x87, 0x02, 0x46, 0x0e, 0x0c, 0x86, 0x03, 0x41, 0x0e, 0x10, 0x83, 0x04,
    0x4d, 0xc3, 0x0e, 0x0c, 0x41, 0xc6, 0x0e, 0x08, 0x41, 0xc7, 0x0e, 0x04,
    0x28, 0x00, 0x00, 0x00, 0x80, 0x03, 0x00, 0x00, 0x40, 0xf9, 0xff, 0xff,
    0x18, 0x00, 0x00, 0x00, 0x00, 0x41, 0x0e, 0x08, 0x87, 0x02, 0x46, 0x0e,
    0x0c, 0x86, 0x03, 0x41, 0x0e, 0x10, 0x83, 0x04, 0x4d, 0xc3, 0x0e, 0x0c,
    0x41, 0xc6, 0x0e, 0x08, 0x41, 0xc7, 0x0e, 0x04, 0x28, 0x00, 0x00, 0x00,
    0xac, 0x03, 0x00, 0x00, 0x34, 0xf9, 0xff, 0xff, 0x1c, 0x00, 0x00, 0x00,
    0x00, 0x43, 0x0e, 0x08, 0x87, 0x02, 0x46, 0x0e, 0x0c, 0x86, 0x03, 0x45,
    0x0e, 0x10, 0x83, 0x04, 0x4b, 0xc3, 0x0e, 0x0c, 0x41, 0xc6, 0x0e, 0x08,
    0x41, 0xc7, 0x0e, 0x04, 0x28, 0x00, 0x00, 0x00, 0xd8, 0x03, 0x00, 0x00,
    0x28, 0xf9, 0xff, 0xff, 0x1a, 0x00, 0x00, 0x00, 0x00, 0x43, 0x0e, 0x08,
    0x87, 0x02, 0x46, 0x0e, 0x0c, 0x86, 0x03, 0x47, 0x0e, 0x10, 0x83, 0x04,
    0x47, 0xc3, 0x0e, 0x0c, 0x41, 0xc6, 0x0e, 0x08, 0x41, 0xc7, 0x0e, 0x04,
    0x28, 0x00, 0x00, 0x00, 0x04, 0x04, 0x00, 0x00, 0x1c, 0xf9, 0xff, 0xff,
    0x18, 0x00, 0x00, 0x00, 0x00, 0x41, 0x0e, 0x08, 0x87, 0x02, 0x46, 0x0e,
    0x0c, 0x86, 0x03, 0x41, 0x0e, 0x10, 0x83, 0x04, 0x4d, 0xc3, 0x0e, 0x0c,
    0x41, 0xc6, 0x0e, 0x08, 0x41, 0xc7, 0x0e, 0x04, 0x28, 0x00, 0x00, 0x00,
    0x30, 0x04, 0x00, 0x00, 0x10, 0xf9, 0xff, 0xff, 0x18, 0x00, 0x00, 0x00,
    0x00, 0x41, 0x0e, 0x08, 0x87, 0x02, 0x46, 0x0e, 0x0c, 0x86, 0x03, 0x41,
    0x0e, 0x10, 0x83, 0x04, 0x4d, 0xc3, 0x0e, 0x0c, 0x41, 0xc6, 0x0e, 0x08,
    0x41, 0xc7, 0x0e, 0x04, 0x28, 0x00, 0x00, 0x00, 0x5c, 0x04, 0x00, 0x00,
    0x04, 0xf9, 0xff, 0xff, 0x20, 0x00, 0x00, 0x00, 0x00, 0x41, 0x0e, 0x08,
    0x87, 0x02, 0x48, 0x0e, 0x0c, 0x86, 0x03, 0x41, 0x0e, 0x10, 0x83, 0x04,
    0x53, 0xc3, 0x0e, 0x0c, 0x41, 0xc6, 0x0e, 0x08, 0x41, 0xc7, 0x0e, 0x04,
    0x28, 0x00, 0x00, 0x00, 0x88, 0x04, 0x00, 0x00, 0xf8, 0xf8, 0xff, 0xff,
    0x22, 0x00, 0x00, 0x00, 0x00, 0x41, 0x0e, 0x08, 0x87, 0x02, 0x46, 0x0e,
    0x0c, 0x86, 0x03, 0x41, 0x0e, 0x10, 0x83, 0x04, 0x57, 0xc3, 0x0e, 0x0c,
    0x41, 0xc6, 0x0e, 0x08, 0x41, 0xc7, 0x0e, 0x04, 0x30, 0x00, 0x00, 0x00,
    0xb4, 0x04, 0x00, 0x00, 0xfc, 0xf8, 0xff, 0xff, 0x58, 0x00, 0x00, 0x00,
    0x00, 0x41, 0x0e, 0x08, 0x87, 0x02, 0x43, 0x0e, 0x0c, 0x86, 0x03, 0x47,
    0x0e, 0x10, 0x83, 0x04, 0x43, 0x0e, 0x30, 0x02, 0x46, 0x0e, 0x10, 0x41,
    0xc3, 0x0e, 0x0c, 0x41, 0xc6, 0x0e, 0x08, 0x41, 0xc7, 0x0e, 0x04, 0x00,
    0x30, 0x00, 0x00, 0x00, 0xe8, 0x04, 0x00, 0x00, 0x28, 0xf9, 0xff, 0xff,
    0x58, 0x00, 0x00, 0x00, 0x00, 0x41, 0x0e, 0x08, 0x87, 0x02, 0x43, 0x0e,
    0x0c, 0x86, 0x03, 0x47, 0x0e, 0x10, 0x83, 0x04, 0x43, 0x0e, 0x30, 0x02,
    0x46, 0x0e, 0x10, 0x41, 0xc3, 0x0e, 0x0c, 0x41, 0xc6, 0x0e, 0x08, 0x41,
    0xc7, 0x0e, 0x04, 0x00, 0x28, 0x00, 0x00, 0x00, 0x1c, 0x05, 0x00, 0x00,
    0x54, 0xf9, 0xff, 0xff, 0x1a, 0x00, 0x00, 0x00, 0x00, 0x43, 0x0e, 0x08,
    0x87, 0x02, 0x46, 0x0e, 0x0c, 0x86, 0x03, 0x47, 0x0e, 0x10, 0x83, 0x04,
    0x47, 0xc3, 0x0e, 0x0c, 0x41, 0xc6, 0x0e, 0x08, 0x41, 0xc7, 0x0e, 0x04,
    0x28, 0x00, 0x00, 0x00, 0x48, 0x05, 0x00, 0x00, 0x48, 0xf9, 0xff, 0xff,
    0x1e, 0x00, 0x00, 0x00, 0x00, 0x41, 0x0e, 0x08, 0x87, 0x02, 0x46, 0x0e,
    0x0c, 0x86, 0x03, 0x43, 0x0e, 0x10, 0x83, 0x04, 0x51, 0xc3, 0x0e, 0x0c,
    0x41, 0xc6, 0x0e, 0x08, 0x41, 0xc7, 0x0e, 0x04, 0x10, 0x00, 0x00, 0x00,
    0x74, 0x05, 0x00, 0x00, 0x3c, 0xf9, 0xff, 0xff, 0x2d, 0x00, 0x00, 0x00,
    0x00, 0x00, 0x00, 0x00, 0x10, 0x00, 0x00, 0x00, 0x88, 0x05, 0x00, 0x00,
    0x58, 0xf9, 0xff, 0xff, 0x01, 0x00, 0x00, 0x00, 0x00, 0x00, 0x00, 0x00,
    0x34, 0x00, 0x00, 0x00, 0x9c, 0x05, 0x00, 0x00, 0x54, 0xf9, 0xff, 0xff,
    0x0c, 0x01, 0x00, 0x00, 0x00, 0x44, 0x0c, 0x01, 0x00, 0x49, 0x10, 0x05,
    0x02, 0x75, 0x00, 0x42, 0x0f, 0x03, 0x75, 0x78, 0x06, 0x10, 0x03, 0x02,
    0x75, 0x7c, 0x02, 0xd3, 0x0a, 0xc1, 0x0c, 0x01, 0x00, 0x41, 0xc3, 0x41,
    0xc5, 0x43, 0x0c, 0x04, 0x04, 0x41, 0x0b, 0x00, 0x54, 0x65, 0x73, 0x74,
    0x0a, 0x00, 0x6d, 0x61, 0x6c, 0x6c, 0x6f, 0x63, 0x20, 0x66, 0x61, 0x69,
    0x6c, 0x65, 0x64, 0x0a, 0x00, 0x68, 0x65, 0x61, 0x70, 0x3a, 0x20, 0x00,
    0x70, 0x72, 0x65, 0x73, 0x73, 0x20, 0x61, 0x20, 0x6b, 0x65, 0x79, 0x2e,
    0x2e, 0x2e, 0x0a, 0x00, 0x6b, 0x65, 0x79, 0x3a, 0x20, 0x00, 0x62, 0x61,
    0x64, 0x2d, 0x70, 0x74, 0x72, 0x20, 0x72, 0x65, 0x6a, 0x65, 0x63, 0x74,
    0x65, 0x64, 0x0a, 0x00, 0x42, 0x41, 0x44, 0x3a, 0x20, 0x62, 0x61, 0x64,
    0x2d, 0x70, 0x74, 0x72, 0x20, 0x61, 0x63, 0x63, 0x65, 0x70, 0x74, 0x65,
    0x64, 0x20, 0x28, 0x00, 0x29, 0x0a, 0x00, 0x00, 0x00, 0x00, 0x10, 0x01,
    0x47, 0x43, 0x43, 0x3a, 0x20, 0x28, 0x55, 0x62, 0x75, 0x6e, 0x74, 0x75,
    0x20, 0x31, 0x35, 0x2e, 0x32, 0x2e, 0x30, 0x2d, 0x31, 0x36, 0x75, 0x62,
    0x75, 0x6e, 0x74, 0x75, 0x31, 0x29, 0x20, 0x31, 0x35, 0x2e, 0x32, 0x2e,
    0x30, 0x00, 0x00, 0x00, 0x00, 0x00, 0x00, 0x00, 0x00, 0x00, 0x00, 0x00,
    0x00, 0x00, 0x00, 0x00, 0x00, 0x00, 0x00, 0x00, 0x01, 0x00, 0x00, 0x00,
    0x00, 0x00, 0x00, 0x00, 0x00, 0x00, 0x00, 0x00, 0x04, 0x00, 0xf1, 0xff,
    0x0a, 0x00, 0x00, 0x00, 0x0c, 0x0c, 0x00, 0x01, 0x04, 0x00, 0x00, 0x00,
    0x01, 0x00, 0x05, 0x00, 0x14, 0x00, 0x00, 0x00, 0x00, 0x00, 0x00, 0x00,
    0x00, 0x00, 0x00, 0x00, 0x04, 0x00, 0xf1, 0xff, 0x1b, 0x00, 0x00, 0x00,
    0x80, 0x00, 0x00, 0x01, 0x1b, 0x00, 0x00, 0x00, 0x12, 0x00, 0x01, 0x00,
    0x23, 0x00, 0x00, 0x00, 0x50, 0x04, 0x00, 0x01, 0x1a, 0x00, 0x00, 0x00,
    0x12, 0x00, 0x01, 0x00, 0x2e, 0x00, 0x00, 0x00, 0x80, 0x02, 0x00, 0x01,
    0x18, 0x00, 0x00, 0x00, 0x12, 0x00, 0x01, 0x00, 0x34, 0x00, 0x00, 0x00,
    0x20, 0x00, 0x00, 0x01, 0x17, 0x00, 0x00, 0x00, 0x12, 0x00, 0x01, 0x00,
    0x3a, 0x00, 0x00, 0x00, 0x00, 0x01, 0x00, 0x01, 0x1a, 0x00, 0x00, 0x00,
    0x12, 0x00, 0x01, 0x00, 0x46, 0x00, 0x00, 0x00, 0xa0, 0x02, 0x00, 0x01,
    0x18, 0x00, 0x00, 0x00, 0x12, 0x00, 0x01, 0x00, 0x4d, 0x00, 0x00, 0x00,
    0x00, 0x02, 0x00, 0x01, 0x1c, 0x00, 0x00, 0x00, 0x12, 0x00, 0x01, 0x00,
    0x56, 0x00, 0x00, 0x00, 0x90, 0x04, 0x00, 0x01, 0x2d, 0x00, 0x00, 0x00,
    0x12, 0x00, 0x01, 0x00, 0x5d, 0x00, 0x00, 0x00, 0xc0, 0x02, 0x00, 0x01,
    0x1c, 0x00, 0x00, 0x00, 0x12, 0x00, 0x01, 0x00, 0x66, 0x00, 0x00, 0x00,
    0x60, 0x00, 0x00, 0x01, 0x1a, 0x00, 0x00, 0x00, 0x12, 0x00, 0x01, 0x00,
    0x70, 0x00, 0x00, 0x00, 0x00, 0x03, 0x00, 0x01, 0x18, 0x00, 0x00, 0x00,
    0x12, 0x00, 0x01, 0x00, 0x80, 0x00, 0x00, 0x00, 0x70, 0x04, 0x00, 0x01,
    0x1e, 0x00, 0x00, 0x00, 0x12, 0x00, 0x01, 0x00, 0x86, 0x00, 0x00, 0x00,
    0x40, 0x01, 0x00, 0x01, 0x1e, 0x00, 0x00, 0x00, 0x12, 0x00, 0x01, 0x00,
    0x92, 0x00, 0x00, 0x00, 0xf0, 0x03, 0x00, 0x01, 0x58, 0x00, 0x00, 0x00,
    0x12, 0x00, 0x01, 0x00, 0x9c, 0x00, 0x00, 0x00, 0x60, 0x01, 0x00, 0x01,
    0x18, 0x00, 0x00, 0x00, 0x12, 0x00, 0x01, 0x00, 0xa5, 0x00, 0x00, 0x00,
    0xa0, 0x01, 0x00, 0x01, 0x18, 0x00, 0x00, 0x00, 0x12, 0x00, 0x01, 0x00,
    0xac, 0x00, 0x00, 0x00, 0x00, 0x00, 0x00, 0x01, 0x1b, 0x00, 0x00, 0x00,
    0x12, 0x00, 0x01, 0x00, 0xb3, 0x00, 0x00, 0x00, 0xc0, 0x00, 0x00, 0x01,
    0x1e, 0x00, 0x00, 0x00, 0x12, 0x00, 0x01, 0x00, 0xbb, 0x00, 0x00, 0x00,
    0xe0, 0x02, 0x00, 0x01, 0x1a, 0x00, 0x00, 0x00, 0x12, 0x00, 0x01, 0x00,
    0xc4, 0x00, 0x00, 0x00, 0xc0, 0x01, 0x00, 0x01, 0x18, 0x00, 0x00, 0x00,
    0x12, 0x00, 0x01, 0x00, 0xca, 0x00, 0x00, 0x00, 0x90, 0x03, 0x00, 0x01,
    0x58, 0x00, 0x00, 0x00, 0x12, 0x00, 0x01, 0x00, 0xd6, 0x00, 0x00, 0x00,
    0x40, 0x02, 0x00, 0x01, 0x3e, 0x00, 0x00, 0x00, 0x12, 0x00, 0x01, 0x00,
    0xdf, 0x00, 0x00, 0x00, 0x40, 0x03, 0x00, 0x01, 0x20, 0x00, 0x00, 0x00,
    0x12, 0x00, 0x01, 0x00, 0xe9, 0x00, 0x00, 0x00, 0xd0, 0x04, 0x00, 0x01,
    0x0c, 0x01, 0x00, 0x00, 0x12, 0x00, 0x02, 0x00, 0xee, 0x00, 0x00, 0x00,
    0x40, 0x00, 0x00, 0x01, 0x1a, 0x00, 0x00, 0x00, 0x12, 0x00, 0x01, 0x00,
    0xf8, 0x00, 0x00, 0x00, 0xe0, 0x01, 0x00, 0x01, 0x18, 0x00, 0x00, 0x00,
    0x12, 0x00, 0x01, 0x00, 0x01, 0x01, 0x00, 0x00, 0xa0, 0x00, 0x00, 0x01,
    0x1e, 0x00, 0x00, 0x00, 0x12, 0x00, 0x01, 0x00, 0x0a, 0x01, 0x00, 0x00,
    0x20, 0x03, 0x00, 0x01, 0x18, 0x00, 0x00, 0x00, 0x12, 0x00, 0x01, 0x00,
    0x18, 0x01, 0x00, 0x00, 0x20, 0x01, 0x00, 0x01, 0x1a, 0x00, 0x00, 0x00,
    0x12, 0x00, 0x01, 0x00, 0x22, 0x01, 0x00, 0x00, 0xe0, 0x00, 0x00, 0x01,
    0x1a, 0x00, 0x00, 0x00, 0x12, 0x00, 0x01, 0x00, 0x2c, 0x01, 0x00, 0x00,
    0x60, 0x03, 0x00, 0x01, 0x22, 0x00, 0x00, 0x00, 0x12, 0x00, 0x01, 0x00,
    0x38, 0x01, 0x00, 0x00, 0x20, 0x02, 0x00, 0x01, 0x16, 0x00, 0x00, 0x00,
    0x12, 0x00, 0x01, 0x00, 0x3d, 0x01, 0x00, 0x00, 0x80, 0x01, 0x00, 0x01,
    0x18, 0x00, 0x00, 0x00, 0x12, 0x00, 0x01, 0x00, 0x4a, 0x01, 0x00, 0x00,
    0xc0, 0x04, 0x00, 0x01, 0x01, 0x00, 0x00, 0x00, 0x12, 0x00, 0x01, 0x00,
    0x00, 0x6c, 0x69, 0x62, 0x61, 0x6f, 0x73, 0x2e, 0x63, 0x00, 0x68, 0x65,
    0x61, 0x70, 0x5f, 0x6e, 0x65, 0x78, 0x74, 0x00, 0x74, 0x65, 0x73, 0x74,
    0x2e, 0x63, 0x00, 0x70, 0x75, 0x74, 0x63, 0x68, 0x61, 0x72, 0x00, 0x73,
    0x65, 0x74, 0x5f, 0x73, 0x74, 0x64, 0x6f, 0x75, 0x74, 0x00, 0x79, 0x69,
    0x65, 0x6c, 0x64, 0x00, 0x70, 0x72, 0x69, 0x6e, 0x74, 0x00, 0x66, 0x73,
    0x5f, 0x67, 0x65, 0x74, 0x5f, 0x73, 0x69, 0x7a, 0x65, 0x00, 0x67, 0x65,
    0x74, 0x70, 0x69, 0x64, 0x00, 0x67, 0x65, 0x74, 0x5f, 0x61, 0x72, 0x67,
    0x73, 0x00, 0x6d, 0x61, 0x6c, 0x6c, 0x6f, 0x63, 0x00, 0x73, 0x65, 0x6e,
    0x64, 0x5f, 0x6d, 0x73, 0x67, 0x00, 0x70, 0x72, 0x69, 0x6e, 0x74, 0x5f,
    0x64, 0x65, 0x63, 0x00, 0x72, 0x65, 0x67, 0x69, 0x73, 0x74, 0x65, 0x72,
    0x5f, 0x65, 0x76, 0x65, 0x6e, 0x74, 0x73, 0x00, 0x73, 0x70, 0x61, 0x77,
    0x6e, 0x00, 0x66, 0x73, 0x5f, 0x6c, 0x69, 0x73, 0x74, 0x5f, 0x67, 0x65,
    0x74, 0x00, 0x66, 0x69, 0x6c, 0x6c, 0x5f, 0x72, 0x65, 0x63, 0x74, 0x00,
    0x67, 0x65, 0x74, 0x5f, 0x74, 0x69, 0x63, 0x6b, 0x00, 0x72, 0x65, 0x62,
    0x6f, 0x6f, 0x74, 0x00, 0x5f, 0x73, 0x74, 0x61, 0x72, 0x74, 0x00, 0x66,
    0x73, 0x5f, 0x72, 0x65, 0x61, 0x64, 0x00, 0x72, 0x65, 0x63, 0x76, 0x5f,
    0x6d, 0x73, 0x67, 0x00, 0x70, 0x61, 0x6e, 0x69, 0x63, 0x00, 0x72, 0x65,
    0x6e, 0x64, 0x65, 0x72, 0x5f, 0x74, 0x65, 0x78, 0x74, 0x00, 0x72, 0x65,
    0x61, 0x64, 0x5f, 0x6b, 0x65, 0x79, 0x00, 0x67, 0x65, 0x74, 0x5f, 0x6d,
    0x6f, 0x75, 0x73, 0x65, 0x00, 0x6d, 0x61, 0x69, 0x6e, 0x00, 0x70, 0x72,
    0x69, 0x6e, 0x74, 0x5f, 0x68, 0x65, 0x78, 0x00, 0x73, 0x68, 0x75, 0x74,
    0x64, 0x6f, 0x77, 0x6e, 0x00, 0x66, 0x73, 0x5f, 0x77, 0x72, 0x69, 0x74,
    0x65, 0x00, 0x67, 0x65, 0x74, 0x5f, 0x65, 0x76, 0x65, 0x6e, 0x74, 0x5f,
    0x70, 0x69, 0x64, 0x00, 0x66, 0x73, 0x5f, 0x65, 0x78, 0x69, 0x73, 0x74,
    0x73, 0x00, 0x66, 0x73, 0x5f, 0x64, 0x65, 0x6c, 0x65, 0x74, 0x65, 0x00,
    0x67, 0x65, 0x74, 0x5f, 0x66, 0x62, 0x5f, 0x69, 0x6e, 0x66, 0x6f, 0x00,
    0x65, 0x78, 0x69, 0x74, 0x00, 0x63, 0x6c, 0x65, 0x61, 0x72, 0x5f, 0x73,
    0x63, 0x72, 0x65, 0x65, 0x6e, 0x00, 0x66, 0x72, 0x65, 0x65, 0x00, 0x00,
    0x2e, 0x73, 0x79, 0x6d, 0x74, 0x61, 0x62, 0x00, 0x2e, 0x73, 0x74, 0x72,
    0x74, 0x61, 0x62, 0x00, 0x2e, 0x73, 0x68, 0x73, 0x74, 0x72, 0x74, 0x61,
    0x62, 0x00, 0x2e, 0x74, 0x65, 0x78, 0x74, 0x00, 0x2e, 0x74, 0x65, 0x78,
    0x74, 0x2e, 0x73, 0x74, 0x61, 0x72, 0x74, 0x75, 0x70, 0x00, 0x2e, 0x65,
    0x68, 0x5f, 0x66, 0x72, 0x61, 0x6d, 0x65, 0x00, 0x2e, 0x72, 0x6f, 0x64,
    0x61, 0x74, 0x61, 0x2e, 0x73, 0x74, 0x72, 0x31, 0x2e, 0x31, 0x00, 0x2e,
    0x64, 0x61, 0x74, 0x61, 0x00, 0x2e, 0x63, 0x6f, 0x6d, 0x6d, 0x65, 0x6e,
    0x74, 0x00, 0x00, 0x00, 0x00, 0x00, 0x00, 0x00, 0x00, 0x00, 0x00, 0x00,
    0x00, 0x00, 0x00, 0x00, 0x00, 0x00, 0x00, 0x00, 0x00, 0x00, 0x00, 0x00,
    0x00, 0x00, 0x00, 0x00, 0x00, 0x00, 0x00, 0x00, 0x00, 0x00, 0x00, 0x00,
    0x00, 0x00, 0x00, 0x00, 0x00, 0x00, 0x00, 0x00, 0x1b, 0x00, 0x00, 0x00,
    0x01, 0x00, 0x00, 0x00, 0x06, 0x00, 0x00, 0x00, 0x00, 0x00, 0x00, 0x01,
    0x80, 0x00, 0x00, 0x00, 0xc1, 0x04, 0x00, 0x00, 0x00, 0x00, 0x00, 0x00,
    0x00, 0x00, 0x00, 0x00, 0x10, 0x00, 0x00, 0x00, 0x00, 0x00, 0x00, 0x00,
    0x21, 0x00, 0x00, 0x00, 0x01, 0x00, 0x00, 0x00, 0x06, 0x00, 0x00, 0x00,
    0xd0, 0x04, 0x00, 0x01, 0x50, 0x05, 0x00, 0x00, 0x0c, 0x01, 0x00, 0x00,
    0x00, 0x00, 0x00, 0x00, 0x00, 0x00, 0x00, 0x00, 0x10, 0x00, 0x00, 0x00,
    0x00, 0x00, 0x00, 0x00, 0x2f, 0x00, 0x00, 0x00, 0x01, 0x00, 0x00, 0x00,
    0x02, 0x00, 0x00, 0x00, 0xdc, 0x05, 0x00, 0x01, 0x5c, 0x06, 0x00, 0x00,
    0xd0, 0x05, 0x00, 0x00, 0x00, 0x00, 0x00, 0x00, 0x00, 0x00, 0x00, 0x00,
    0x04, 0x00, 0x00, 0x00, 0x00, 0x00, 0x00, 0x00, 0x39, 0x00, 0x00, 0x00,
    0x01, 0x00, 0x00, 0x00, 0x32, 0x00, 0x00, 0x00, 0xac, 0x0b, 0x00, 0x01,
    0x2c, 0x0c, 0x00, 0x00, 0x5f, 0x00, 0x00, 0x00, 0x00, 0x00, 0x00, 0x00,
    0x00, 0x00, 0x00, 0x00, 0x01, 0x00, 0x00, 0x00, 0x01, 0x00, 0x00, 0x00,
    0x48, 0x00, 0x00, 0x00, 0x01, 0x00, 0x00, 0x00, 0x03, 0x00, 0x00, 0x00,
    0x0c, 0x0c, 0x00, 0x01, 0x8c, 0x0c, 0x00, 0x00, 0x04, 0x00, 0x00, 0x00,
    0x00, 0x00, 0x00, 0x00, 0x00, 0x00, 0x00, 0x00, 0x04, 0x00, 0x00, 0x00,
    0x00, 0x00, 0x00, 0x00, 0x4e, 0x00, 0x00, 0x00, 0x01, 0x00, 0x00, 0x00,
    0x30, 0x00, 0x00, 0x00, 0x00, 0x00, 0x00, 0x00, 0x90, 0x0c, 0x00, 0x00,
    0x26, 0x00, 0x00, 0x00, 0x00, 0x00, 0x00, 0x00, 0x00, 0x00, 0x00, 0x00,
    0x01, 0x00, 0x00, 0x00, 0x01, 0x00, 0x00, 0x00, 0x01, 0x00, 0x00, 0x00,
    0x02, 0x00, 0x00, 0x00, 0x00, 0x00, 0x00, 0x00, 0x00, 0x00, 0x00, 0x00,
    0xb8, 0x0c, 0x00, 0x00, 0x60, 0x02, 0x00, 0x00, 0x08, 0x00, 0x00, 0x00,
    0x04, 0x00, 0x00, 0x00, 0x04, 0x00, 0x00, 0x00, 0x10, 0x00, 0x00, 0x00,
    0x09, 0x00, 0x00, 0x00, 0x03, 0x00, 0x00, 0x00, 0x00, 0x00, 0x00, 0x00,
    0x00, 0x00, 0x00, 0x00, 0x18, 0x0f, 0x00, 0x00, 0x4f, 0x01, 0x00, 0x00,
    0x00, 0x00, 0x00, 0x00, 0x00, 0x00, 0x00, 0x00, 0x01, 0x00, 0x00, 0x00,
    0x00, 0x00, 0x00, 0x00, 0x11, 0x00, 0x00, 0x00, 0x03, 0x00, 0x00, 0x00,
    0x00, 0x00, 0x00, 0x00, 0x00, 0x00, 0x00, 0x00, 0x67, 0x10, 0x00, 0x00,
    0x57, 0x00, 0x00, 0x00, 0x00, 0x00, 0x00, 0x00, 0x00, 0x00, 0x00, 0x00,
    0x01, 0x00, 0x00, 0x00, 0x00, 0x00, 0x00, 0x00,
};

static const unsigned char prog_wm_elf[] = {
    0x7f, 0x45, 0x4c, 0x46, 0x01, 0x01, 0x01, 0x00, 0x00, 0x00, 0x00, 0x00,
    0x00, 0x00, 0x00, 0x00, 0x02, 0x00, 0x03, 0x00, 0x01, 0x00, 0x00, 0x00,
    0x00, 0x00, 0x00, 0x01, 0x34, 0x00, 0x00, 0x00, 0x3c, 0x65, 0x00, 0x00,
    0x00, 0x00, 0x00, 0x00, 0x34, 0x00, 0x20, 0x00, 0x02, 0x00, 0x28, 0x00,
    0x0d, 0x00, 0x0c, 0x00, 0x01, 0x00, 0x00, 0x00, 0x80, 0x00, 0x00, 0x00,
    0x00, 0x00, 0x00, 0x01, 0x00, 0x00, 0x00, 0x01, 0xd0, 0x5a, 0x00, 0x00,
    0x20, 0x99, 0x00, 0x00, 0x07, 0x00, 0x00, 0x00, 0x40, 0x00, 0x00, 0x00,
    0x51, 0xe5, 0x74, 0x64, 0x00, 0x00, 0x00, 0x00, 0x00, 0x00, 0x00, 0x00,
    0x00, 0x00, 0x00, 0x00, 0x00, 0x00, 0x00, 0x00, 0x00, 0x00, 0x00, 0x00,
    0x06, 0x00, 0x00, 0x00, 0x10, 0x00, 0x00, 0x00, 0x00, 0x00, 0x00, 0x00,
    0x00, 0x00, 0x00, 0x00, 0x00, 0x00, 0x00, 0x00, 0x57, 0x56, 0x53, 0x31,
    0xdb, 0x89, 0xde, 0x89, 0xdf, 0xe8, 0xb2, 0x26, 0x00, 0x00, 0xb8, 0x10,
    0x00, 0x00, 0x00, 0x89, 0xd9, 0x89, 0xda, 0xcd, 0x80, 0xeb, 0xfe, 0x2e,
    0x8d, 0x74, 0x26, 0x00, 0x31, 0xc0, 0x57, 0x89, 0xc1, 0x56, 0x89, 0xc2,
    0x89, 0xc6, 0x53, 0x89, 0xc7, 0x8b, 0x5c, 0x24, 0x10, 0xcd, 0x80, 0x5b,
    0x5e, 0x5f, 0xc3, 0x90, 0x2e, 0x8d, 0xb4, 0x26, 0x00, 0x00, 0x00, 0x00,
    0x31, 0xc9, 0x57, 0xb8, 0x01, 0x00, 0x00, 0x00, 0x56, 0x89, 0xca, 0x89,
    0xce, 0x89, 0xcf, 0x53, 0x8b, 0x5c, 0x24, 0x10, 0xcd, 0x80, 0x5b, 0x5e,
    0x5f, 0xc3, 0x8d, 0xb6, 0x00, 0x00, 0x00, 0x00, 0x31, 0xc9, 0x57, 0xb8,
    0x02, 0x00, 0x00, 0x00, 0x56, 0x89, 0xca, 0x89, 0xce, 0x89, 0xcf, 0x53,
    0x8b, 0x5c, 0x24, 0x10, 0xcd, 0x80, 0x5b, 0x5e, 0x5f, 0xc3, 0x8d, 0xb6,
    0x00, 0x00, 0x00, 0x00, 0x31, 0xc9, 0x57, 0xb8, 0x03, 0x00, 0x00, 0x00,
    0x56, 0x89, 0xca, 0x89, 0xce, 0x89, 0xcf, 0x53, 0x0f, 0xbe, 0x5c, 0x24,
    0x10, 0xcd, 0x80, 0x5b, 0x5e, 0x5f, 0xc3, 0x2e, 0x8d, 0x74, 0x26, 0x00,
    0x57, 0xb8, 0x04, 0x00, 0x00, 0x00, 0x56, 0x31, 0xf6, 0x53, 0x89, 0xf7,
    0x8b, 0x4c, 0x24, 0x14, 0x8b, 0x54, 0x24, 0x18, 0x8b, 0x5c, 0x24, 0x10,
    0xcd, 0x80, 0x5b, 0x5e, 0x5f, 0xc3, 0x66, 0x90, 0x57, 0xb8, 0x05, 0x00,
    0x00, 0x00, 0x56, 0x31, 0xf6, 0x53, 0x89, 0xf7, 0x8b, 0x4c, 0x24, 0x14,
    0x8b, 0x54, 0x24, 0x18, 0x8b, 0x5c, 0x24, 0x10, 0xcd, 0x80, 0x5b, 0x5e,
    0x5f, 0xc3, 0x66, 0x90, 0x31, 0xc9, 0x57, 0xb8, 0x06, 0x00, 0x00, 0x00,
    0x56, 0x89, 0xca, 0x89, 0xce, 0x89, 0xcf, 0x53, 0x8b, 0x5c, 0x24, 0x10,
    0xcd, 0x80, 0x5b, 0x5e, 0x5f, 0xc3, 0x8d, 0xb6, 0x00, 0x00, 0x00, 0x00,
    0x31, 0xc9, 0x57, 0xb8, 0x07, 0x00, 0x00, 0x00, 0x56, 0x89, 0xca, 0x89,
    0xce, 0x89, 0xcf, 0x53, 0x8b, 0x5c, 0x24, 0x10, 0xcd, 0x80, 0x5b, 0x5e,
    0x5f, 0xc3, 0x8d, 0xb6, 0x00, 0x00, 0x00, 0x00, 0x31, 0xc9, 0x57, 0xb8,
    0x08, 0x00, 0x00, 0x00, 0x56, 0x89, 0xca, 0x89, 0xce, 0x89, 0xcf, 0x53,
    0x8b, 0x5c, 0x24, 0x10, 0xcd, 0x80, 0x5b, 0x5e, 0x5f, 0xc3, 0x8d, 0xb6,
    0x00, 0x00, 0x00, 0x00, 0x57, 0xb8, 0x09, 0x00, 0x00, 0x00, 0x56, 0x31,
    0xf6, 0x53, 0x89, 0xf7, 0x8b, 0x4c, 0x24, 0x14, 0x8b, 0x54, 0x24, 0x18,
    0x8b, 0x5c, 0x24, 0x10, 0xcd, 0x80, 0x5b, 0x5e, 0x5f, 0xc3, 0x66, 0x90,
    0x57, 0xb8, 0x0a, 0x00, 0x00, 0x00, 0x56, 0x53, 0x31, 0xdb, 0x89, 0xd9,
    0x89, 0xda, 0x89, 0xde, 0x89, 0xdf, 0xcd, 0x80, 0x5b, 0x5e, 0x5f, 0xc3,
    0x2e, 0x8d, 0xb4, 0x26, 0x00, 0x00, 0x00, 0x00, 0x57, 0xb8, 0x0b, 0x00,
    0x00, 0x00, 0x56, 0x53, 0x31, 0xdb, 0x89, 0xd9, 0x89, 0xda, 0x89, 0xde,
    0x89, 0xdf, 0xcd, 0x80, 0x5b, 0x5e, 0x5f, 0xc3, 0x2e, 0x8d, 0xb4, 0x26,
    0x00, 0x00, 0x00, 0x00, 0x57, 0xb8, 0x0c, 0x00, 0x00, 0x00, 0x56, 0x53,
    0x31, 0xdb, 0x89, 0xd9, 0x89, 0xda, 0x89, 0xde, 0x89, 0xdf, 0xcd, 0x80,
    0x5b, 0x5e, 0x5f, 0xc3, 0x2e, 0x8d, 0xb4, 0x26, 0x00, 0x00, 0x00, 0x00,
    0x57, 0xb8, 0x0d, 0x00, 0x00, 0x00, 0x56, 0x53, 0x31, 0xdb, 0x89, 0xd9,
    0x89, 0xda, 0x89, 0xde, 0x89, 0xdf, 0xcd, 0x80, 0x5b, 0x5e, 0x5f, 0xc3,
    0x2e, 0x8d, 0xb4, 0x26, 0x00, 0x00, 0x00, 0x00, 0x57, 0xb8, 0x0e, 0x00,
    0x00, 0x00, 0x56, 0x53, 0x31, 0xdb, 0x89, 0xd9, 0x89, 0xda, 0x89, 0xde,
    0x89, 0xdf, 0xcd, 0x80, 0x5b, 0x5e, 0x5f, 0xc3, 0x2e, 0x8d, 0xb4, 0x26,
    0x00, 0x00, 0x00, 0x00, 0x31, 0xd2, 0x57, 0xb8, 0x0f, 0x00, 0x00, 0x00,
    0x56, 0x89, 0xd7, 0x89, 0xd6, 0x53, 0x8b, 0x4c, 0x24, 0x14, 0x8b, 0x5c,
    0x24, 0x10, 0xcd, 0x80, 0x5b, 0x5e, 0x5f, 0xc3, 0x8d, 0x74, 0x26, 0x00,
    0x57, 0xb8, 0x10, 0x00, 0x00, 0x00, 0x56, 0x53, 0x31, 0xdb, 0x89, 0xd9,
    0x89, 0xda, 0x89, 0xde, 0x89, 0xdf, 0xcd, 0x80, 0xeb, 0xfe, 0x66, 0x90,
    0x2e, 0x8d, 0xb4, 0x26, 0x00, 0x00, 0x00, 0x00, 0x55, 0xb8, 0x11, 0x00,
    0x00, 0x00, 0x57, 0x56, 0x53, 0x31, 0xdb, 0x89, 0xd9, 0x89, 0xda, 0x89,
    0xde, 0x89, 0xdf, 0xcd, 0x80, 0x85, 0xc0, 0x79, 0x20, 0xbd, 0x12, 0x00,
    0x00, 0x00, 0x66, 0x90, 0x31, 0xdb, 0x89, 0xe8, 0x89, 0xd9, 0x89, 0xda,
    0x89, 0xde, 0x89, 0xdf, 0xcd, 0x80, 0xb8, 0x11, 0x00, 0x00, 0x00, 0xcd,
    0x80, 0x85, 0xc0, 0x78, 0xe7, 0x5b, 0x5e, 0x5f, 0x5d, 0xc3, 0x66, 0x90,
    0x57, 0xb8, 0x12, 0x00, 0x00, 0x00, 0x56, 0x53, 0x31, 0xdb, 0x89, 0xd9,
    0x89, 0xda, 0x89, 0xde, 0x89, 0xdf, 0xcd, 0x80, 0x5b, 0x5e, 0x5f, 0xc3,
    0x2e, 0x8d, 0xb4, 0x26, 0x00, 0x00, 0x00, 0x00, 0x57, 0xb8, 0x13, 0x00,
    0x00, 0x00, 0x56, 0x53, 0x31, 0xdb, 0x89, 0xd9, 0x89, 0xda, 0x89, 0xde,
    0x89, 0xdf, 0xcd, 0x80, 0x5b, 0x5e, 0x5f, 0xc3, 0x2e, 0x8d, 0xb4, 0x26,
    0x00, 0x00, 0x00, 0x00, 0x31, 0xd2, 0x57, 0xb8, 0x14, 0x00, 0x00, 0x00,
    0x56, 0x89, 0xd7, 0x89, 0xd6, 0x53, 0x8b, 0x4c, 0x24, 0x14, 0x8b, 0x5c,
    0x24, 0x10, 0xcd, 0x80, 0x5b, 0x5e, 0x5f, 0xc3, 0x8d, 0x74, 0x26, 0x00,
    0x31, 0xc9, 0x57, 0xb8, 0x15, 0x00, 0x00, 0x00, 0x56, 0x89, 0xca, 0x89,
    0xce, 0x89, 0xcf, 0x53, 0x8b, 0x5c, 0x24, 0x10, 0xcd, 0x80, 0x5b, 0x5e,
    0x5f, 0xc3, 0x8d, 0xb6, 0x00, 0x00, 0x00, 0x00, 0x57, 0xb8, 0x16, 0x00,
    0x00, 0x00, 0x56, 0x53, 0x31, 0xdb, 0x89, 0xd9, 0x89, 0xda, 0x89, 0xde,
    0x89, 0xdf, 0xcd, 0x80, 0x5b, 0x5e, 0x5f, 0xc3, 0x2e, 0x8d, 0xb4, 0x26,
    0x00, 0x00, 0x00, 0x00, 0x57, 0xb8, 0x1d, 0x00, 0x00, 0x00, 0x56, 0x53,
    0x31, 0xdb, 0x89, 0xd9, 0x89, 0xda, 0x89, 0xde, 0x89, 0xdf, 0xcd, 0x80,
    0x5b, 0x5e, 0x5f, 0xc3, 0x2e, 0x8d, 0xb4, 0x26, 0x00, 0x00, 0x00, 0x00,
    0x57, 0xb8, 0x17, 0x00, 0x00, 0x00, 0x31, 0xff, 0x56, 0x53, 0x8b, 0x4c,
    0x24, 0x14, 0x8b, 0x54, 0x24, 0x18, 0x8b, 0x5c, 0x24, 0x10, 0x8b, 0x74,
    0x24, 0x1c, 0xcd, 0x80, 0x5b, 0x5e, 0x5f, 0xc3, 0x57, 0xb8, 0x18, 0x00,
    0x00, 0x00, 0x56, 0x53, 0x8b, 0x4c, 0x24, 0x14, 0x8b, 0x54, 0x24, 0x18,
    0x8b, 0x5c, 0x24, 0x10, 0x8b, 0x74, 0x24, 0x1c, 0x8b, 0x7c, 0x24, 0x20,
    0xcd, 0x80, 0x5b, 0x5e, 0x5f, 0xc3, 0x8d, 0xb6, 0x00, 0x00, 0x00, 0x00,
    0x2e, 0x8d, 0xb4, 0x26, 0x00, 0x00, 0x00, 0x00, 0x57, 0x31, 0xc9, 0x56,
    0x89, 0xca, 0x89, 0xce, 0x89, 0xcf, 0x53, 0x83, 0xec, 0x20, 0x8b, 0x44,
    0x24, 0x30, 0x8d, 0x5c, 0x24, 0x04, 0x89, 0x44, 0x24, 0x04, 0x8b, 0x44,
    0x24, 0x34, 0x89, 0x44, 0x24, 0x08, 0x8b, 0x44, 0x24, 0x38, 0x89, 0x44,
    0x24, 0x0c, 0x8b, 0x44, 0x24, 0x3c, 0x89, 0x44, 0x24, 0x10, 0x8b, 0x44,
    0x24, 0x40, 0x89, 0x44, 0x24, 0x14, 0x8b, 0x44, 0x24, 0x44, 0x89, 0x44,
    0x24, 0x18, 0x8b, 0x44, 0x24, 0x48, 0x89, 0x44, 0x24, 0x1c, 0xb8, 0x19,
    0x00, 0x00, 0x00, 0xcd, 0x80, 0x83, 0xc4, 0x20, 0x5b, 0x5e, 0x5f, 0xc3,
    0x2e, 0x8d, 0xb4, 0x26, 0x00, 0x00, 0x00, 0x00, 0x57, 0x31, 0xc9, 0x56,
    0x89, 0xca, 0x89, 0xce, 0x89, 0xcf, 0x53, 0x83, 0xec, 0x20, 0x8b, 0x44,
    0x24, 0x30, 0x8d, 0x5c, 0x24, 0x04, 0x89, 0x44, 0x24, 0x04, 0x8b, 0x44,
    0x24, 0x34, 0x89, 0x44, 0x24, 0x08, 0x8b, 0x44, 0x24, 0x38, 0x89, 0x44,
    0x24, 0x0c, 0x8b, 0x44, 0x24, 0x3c, 0x89, 0x44, 0x24, 0x10, 0x8b, 0x44,
    0x24, 0x40, 0x89, 0x44, 0x24, 0x14, 0x8b, 0x44, 0x24, 0x44, 0x89, 0x44,
    0x24, 0x18, 0x8b, 0x44, 0x24, 0x48, 0x89, 0x44, 0x24, 0x1c, 0xb8, 0x1a,
    0x00, 0x00, 0x00, 0xcd, 0x80, 0x83, 0xc4, 0x20, 0x5b, 0x5e, 0x5f, 0xc3,
    0x2e, 0x8d, 0xb4, 0x26, 0x00, 0x00, 0x00, 0x00, 0x31, 0xc9, 0x57, 0xb8,
    0x1b, 0x00, 0x00, 0x00, 0x56, 0x89, 0xca, 0x89, 0xce, 0x89, 0xcf, 0x53,
    0x8b, 0x5c, 0x24, 0x10, 0xcd, 0x80, 0x5b, 0x5e, 0x5f, 0xc3, 0x8d, 0xb6,
    0x00, 0x00, 0x00, 0x00, 0x57, 0xb8, 0x1c, 0x00, 0x00, 0x00, 0x56, 0x31,
    0xf6, 0x53, 0x89, 0xf7, 0x8b, 0x4c, 0x24, 0x14, 0x8b, 0x54, 0x24, 0x18,
    0x8b, 0x5c, 0x24, 0x10, 0xcd, 0x80, 0x5b, 0x5e, 0x5f, 0xc3, 0x66, 0x90,
    0x8b, 0x44, 0x24, 0x04, 0x8b, 0x15, 0xa8, 0x5a, 0x00, 0x01, 0x83, 0xc0,
    0x0f, 0x83, 0xe0, 0xf0, 0x01, 0xd0, 0x3d, 0x00, 0x00, 0x80, 0x01, 0x77,
    0x0f, 0xa3, 0xa8, 0x5a, 0x00, 0x01, 0x89, 0xd0, 0xc3, 0x8d, 0xb4, 0x26,
    0x00, 0x00, 0x00, 0x00, 0x31, 0xd2, 0x89, 0xd0, 0xc3, 0x8d, 0x76, 0x00,
    0xc3, 0x66, 0x90, 0x66, 0x90, 0x66, 0x90, 0x66, 0x90, 0x66, 0x90, 0x66,
    0x90, 0x66, 0x90, 0x66, 0x90, 0x66, 0x90, 0x66, 0x90, 0x66, 0x90, 0x66,
    0x90, 0x66, 0x90, 0x66, 0x90, 0x66, 0x90, 0x66, 0x90, 0x66, 0x90, 0x66,
    0x90, 0x66, 0x90, 0x66, 0x90, 0x66, 0x90, 0x66, 0x90, 0x66, 0x90, 0x66,
    0x90, 0x66, 0x90, 0x66, 0x90, 0x66, 0x90, 0x66, 0x90, 0x66, 0x90, 0x66,
    0x90, 0x66, 0x90, 0x90, 0x55, 0x57, 0x89, 0xc7, 0x56, 0x89, 0xd6, 0x53,
    0x89, 0xcb, 0x83, 0xf9, 0x03, 0x0f, 0x86, 0x85, 0x00, 0x00, 0x00, 0xeb,
    0x2b, 0x8d, 0x76, 0x00, 0x2e, 0x8d, 0xb4, 0x26, 0x00, 0x00, 0x00, 0x00,
    0x2e, 0x8d, 0xb4, 0x26, 0x00, 0x00, 0x00, 0x00, 0x2e, 0x8d, 0xb4, 0x26,
    0x00, 0x00, 0x00, 0x00, 0x2e, 0x8d, 0xb4, 0x26, 0x00, 0x00, 0x00, 0x00,
    0x2e, 0x8d, 0xb4, 0x26, 0x00, 0x00, 0x00, 0x00, 0x8b, 0x2a, 0x83, 0xe9,
    0x04, 0x83, 0xc0, 0x10, 0x83, 0xc2, 0x10, 0x89, 0x68, 0xf0, 0x8b, 0x6a,
    0xf4, 0x89, 0x68, 0xf4, 0x8b, 0x6a, 0xf8, 0x89, 0x68, 0xf8, 0x8b, 0x6a,
    0xfc, 0x89, 0x68, 0xfc, 0x83, 0xf9, 0x03, 0x77, 0xdb, 0xf6, 0xc3, 0x03,
    0x74, 0x24, 0x89, 0xd8, 0xc1, 0xe8, 0x02, 0x83, 0xe8, 0x01, 0x89, 0xc2,
    0xf7, 0xd8, 0xc1, 0xe2, 0x04, 0x8d, 0x5c, 0x83, 0xfb, 0x8d, 0x74, 0x16,
    0x10, 0x8d, 0x7c, 0x17, 0x10, 0x8d, 0x44, 0x9f, 0x04, 0xa5, 0x39, 0xc7,
    0x75, 0xfb, 0x5b, 0x5e, 0x5f, 0x5d, 0xc3, 0x2e, 0x8d, 0x74, 0x26, 0x00,
    0x83, 0xeb, 0x01, 0xeb, 0xe8, 0x8d, 0x76, 0x00, 0x55, 0x57, 0x56, 0x89,
    0xce, 0x53, 0x83, 0xec, 0x0c, 0x8b, 0x1d, 0x6c, 0x93, 0x00, 0x01, 0x8b,
    0x3d, 0x64, 0x93, 0x00, 0x01, 0x8b, 0x4c, 0x24, 0x24, 0x39, 0xda, 0x0f,
    0x4d, 0xda, 0x03, 0x54, 0x24, 0x20, 0x39, 0xfa, 0x0f, 0x4e, 0xfa, 0x89,
    0x3c, 0x24, 0x39, 0xfb, 0x0f, 0x8d, 0x84, 0x00, 0x00, 0x00, 0x8b, 0x2d,
    0x94, 0x97, 0x00, 0x01, 0x8b, 0x3d, 0x70, 0x93, 0x00, 0x01, 0x89, 0xea,
    0xc1, 0xea, 0x02, 0x39, 0xf8, 0x0f, 0x4d, 0xf8, 0x01, 0xf0, 0x8b, 0x35,
    0x68, 0x93, 0x00, 0x01, 0x39, 0xf0, 0x89, 0x7c, 0x24, 0x04, 0x0f, 0x4e,
    0xf0, 0x0f, 0xaf, 0xd3, 0x83, 0xe5, 0xfc, 0x8d, 0x04, 0x32, 0x8b, 0x15,
    0xa0, 0x97, 0x00, 0x01, 0x8d, 0x14, 0x82, 0x89, 0xf8, 0x29, 0xf0, 0x8d,
    0x04, 0x85, 0x00, 0x00, 0x00, 0x00, 0x89, 0x44, 0x24, 0x08, 0x8d, 0xb6,
    0x00, 0x00, 0x00, 0x00, 0x8b, 0x44, 0x24, 0x08, 0x01, 0xd0, 0x39, 0x74,
    0x24, 0x04, 0x7d, 0x20, 0x89, 0xd7, 0x29, 0xc7, 0x83, 0xe7, 0x04, 0x74,
    0x0b, 0x89, 0x08, 0x83, 0xc0, 0x04, 0x39, 0xd0, 0x74, 0x0e, 0x66, 0x90,
    0x89, 0x08, 0x83, 0xc0, 0x08, 0x89, 0x48, 0xfc, 0x39, 0xd0, 0x75, 0xf4,
    0x83, 0xc3, 0x01, 0x01, 0xea, 0x39, 0x1c, 0x24, 0x75, 0xca, 0x83, 0xc4,
    0x0c, 0x5b, 0x5e, 0x5f, 0x5d, 0xc3, 0x66, 0x90, 0x55, 0x89, 0xd1, 0x31,
    0xd2, 0x57, 0x56, 0x53, 0x89, 0xc3, 0x83, 0xec, 0x04, 0x80, 0x38, 0x00,
    0x74, 0x17, 0x8d, 0xb6, 0x00, 0x00, 0x00, 0x00, 0x2e, 0x8d, 0xb4, 0x26,
    0x00, 0x00, 0x00, 0x00, 0x83, 0xc2, 0x01, 0x80, 0x3c, 0x13, 0x00, 0x75,
    0xf7, 0x80, 0x39, 0x00, 0x74, 0x72, 0x31, 0xc0, 0x89, 0xc6, 0x83, 0xc0,
    0x01, 0x80, 0x3c, 0x01, 0x00, 0x75, 0xf5, 0x31, 0xff, 0x39, 0xd0, 0x7f,
    0x51, 0x29, 0xc2, 0x8d, 0x6c, 0x0e, 0x01, 0x8d, 0x04, 0x13, 0x89, 0x04,
    0x24, 0xeb, 0x1c, 0x90, 0x2e, 0x8d, 0xb4, 0x26, 0x00, 0x00, 0x00, 0x00,
    0x2e, 0x8d, 0xb4, 0x26, 0x00, 0x00, 0x00, 0x00, 0x83, 0xc1, 0x01, 0x83,
    0x04, 0x24, 0x01, 0x39, 0xcd, 0x74, 0x35, 0x8b, 0x04, 0x24, 0x0f, 0xb6,
    0x10, 0x0f, 0xb6, 0x01, 0x8d, 0x5a, 0xbf, 0x8d, 0x72, 0x20, 0x80, 0xfb,
    0x1a, 0x8d, 0x58, 0xbf, 0x0f, 0x42, 0xd6, 0x8d, 0x70, 0x20, 0x80, 0xfb,
    0x1a, 0x0f, 0x42, 0xc6, 0x38, 0xc2, 0x74, 0xd0, 0x31, 0xff, 0x83, 0xc4,
    0x04, 0x89, 0xf8, 0x5b, 0x5e, 0x5f, 0x5d, 0xc3, 0x8d, 0x74, 0x26, 0x00,
    0x83, 0xc4, 0x04, 0xbf, 0x01, 0x00, 0x00, 0x00, 0x5b, 0x89, 0xf8, 0x5e,
    0x5f, 0x5d, 0xc3, 0x90, 0x57, 0x56, 0x89, 0xc6, 0xa1, 0xe0, 0x98, 0x00,
    0x01, 0x53, 0x83, 0xe8, 0x01, 0x78, 0x5e, 0x89, 0xd7, 0x8d, 0xb4, 0x26,
    0x00, 0x00, 0x00, 0x00, 0x2e, 0x8d, 0xb4, 0x26, 0x00, 0x00, 0x00, 0x00,
    0x8b, 0x0c, 0x85, 0x00, 0x99, 0x00, 0x01, 0x8d, 0x14, 0xc9, 0x8d, 0x1c,
    0x95, 0xc0, 0x97, 0x00, 0x01, 0x8b, 0x14, 0x95, 0xc0, 0x97, 0x00, 0x01,
    0x85, 0xd2, 0x74, 0x24, 0x8b, 0x53, 0x10, 0x39, 0xf2, 0x7f, 0x1d, 0x03,
    0x53, 0x18, 0x83, 0xc2, 0x01, 0x39, 0xf2, 0x7c, 0x13, 0x8b, 0x53, 0x14,
    0x39, 0xfa, 0x7f, 0x0c, 0x03, 0x53, 0x1c, 0x83, 0xc2, 0x13, 0x39, 0xfa,
    0x7d, 0x0b, 0x66, 0x90, 0x83, 0xe8, 0x01, 0x73, 0xbb, 0x5b, 0x5e, 0x5f,
    0xc3, 0x89, 0xc8, 0xeb, 0xf8, 0xb8, 0xff, 0xff, 0xff, 0xff, 0xeb, 0xf1,
    0x8d, 0x74, 0x26, 0x00, 0x2e, 0x8d, 0xb4, 0x26, 0x00, 0x00, 0x00, 0x00,
    0x57, 0x56, 0x53, 0x8b, 0x1d, 0xe0, 0x98, 0x00, 0x01, 0x85, 0xdb, 0x7e,
    0x38, 0x89, 0xc7, 0x31, 0xc0, 0x8d, 0xb4, 0x26, 0x00, 0x00, 0x00, 0x00,
    0x2e, 0x8d, 0xb4, 0x26, 0x00, 0x00, 0x00, 0x00, 0x8b, 0x14, 0x85, 0x00,
    0x99, 0x00, 0x01, 0x8d, 0x0c, 0xd2, 0x8b, 0x34, 0x8d, 0xc0, 0x97, 0x00,
    0x01, 0x85, 0xf6, 0x74, 0x09, 0x39, 0x3c, 0x8d, 0xc4, 0x97, 0x00, 0x01,
    0x74, 0x12, 0x83, 0xc0, 0x01, 0x39, 0xd8, 0x75, 0xdb, 0x5b, 0x5e, 0x5f,
    0xc3, 0x8d, 0xb4, 0x26, 0x00, 0x00, 0x00, 0x00, 0x83, 0xeb, 0x01, 0x39,
    0xc3, 0x7e, 0x49, 0xeb, 0x17, 0x8d, 0xb4, 0x26, 0x00, 0x00, 0x00, 0x00,
    0x2e, 0x8d, 0xb4, 0x26, 0x00, 0x00, 0x00, 0x00, 0x2e, 0x8d, 0xb4, 0x26,
    0x00, 0x00, 0x00, 0x00, 0x83, 0xc0, 0x01, 0x8b, 0x0c, 0x85, 0x00, 0x99,
    0x00, 0x01, 0x89, 0x0c, 0x85, 0xfc, 0x98, 0x00, 0x01, 0x39, 0xd8, 0x75,
    0xeb, 0x89, 0x14, 0x85, 0x00, 0x99, 0x00, 0x01, 0xc7, 0x05, 0xb0, 0x5a,
    0x00, 0x01, 0x01, 0x00, 0x00, 0x00, 0x5b, 0x5e, 0x89, 0x3d, 0x8c, 0x97,
    0x00, 0x01, 0x5f, 0xc3, 0x89, 0x14, 0x9d, 0x00, 0x99, 0x00, 0x01, 0x75,
    0xe3, 0x39, 0x3d, 0x8c, 0x97, 0x00, 0x01, 0x75, 0xdb, 0xeb, 0xe3, 0x2e,
    0x8d, 0x74, 0x26, 0x00, 0x2e, 0x8d, 0xb4, 0x26, 0x00, 0x00, 0x00, 0x00,
    0x56, 0x89, 0xc1, 0x53, 0x83, 0xec, 0x14, 0xa1, 0x98, 0x97, 0x00, 0x01,
    0x8d, 0x58, 0xc4, 0x39, 0xd3, 0x0f, 0x8f, 0x99, 0x00, 0x00, 0x00, 0x83,
    0xe8, 0x09, 0x31, 0xdb, 0x39, 0xd0, 0x0f, 0x8c, 0x7e, 0x00, 0x00, 0x00,
    0x8b, 0x1d, 0xe0, 0x98, 0x00, 0x01, 0x8d, 0x44, 0x9b, 0x0a, 0x8d, 0x14,
    0xc5, 0x10, 0x00, 0x00, 0x00, 0xa1, 0x9c, 0x97, 0x00, 0x01, 0x89, 0xd6,
    0xc1, 0xe8, 0x1f, 0x03, 0x05, 0x9c, 0x97, 0x00, 0x01, 0xd1, 0xfe, 0xd1,
    0xf8, 0x29, 0xf0, 0x29, 0xc1, 0x78, 0x61, 0x39, 0xd1, 0x7d, 0x5d, 0x8d,
    0x41, 0xf4, 0xba, 0x67, 0x66, 0x66, 0x66, 0x89, 0x44, 0x24, 0x0c, 0xf7,
    0xea, 0x8b, 0x44, 0x24, 0x0c, 0xc1, 0xf8, 0x1f, 0xc1, 0xfa, 0x04, 0x29,
    0xc2, 0x83, 0xf9, 0x5b, 0x7e, 0x4e, 0x83, 0xc3, 0x01, 0x39, 0xd3, 0x7c,
    0x24, 0x83, 0xea, 0x02, 0x31, 0xdb, 0x31, 0xc0, 0x8d, 0x0c, 0xc0, 0x8b,
    0x34, 0x8d, 0xc0, 0x97, 0x00, 0x01, 0x85, 0xf6, 0x74, 0x07, 0x39, 0xda,
    0x74, 0x76, 0x83, 0xc3, 0x01, 0x83, 0xc0, 0x01, 0x83, 0xf8, 0x08, 0x75,
    0xe3, 0xbb, 0x01, 0x00, 0x00, 0x00, 0x83, 0xc4, 0x14, 0x89, 0xd8, 0x5b,
    0x5e, 0xc3, 0x8d, 0xb6, 0x00, 0x00, 0x00, 0x00, 0x31, 0xdb, 0x83, 0xc4,
    0x14, 0x89, 0xd8, 0x5b, 0x5e, 0xc3, 0x8d, 0xb6, 0x00, 0x00, 0x00, 0x00,
    0x8d, 0x04, 0x52, 0x8d, 0x1c, 0x85, 0xb8, 0x5a, 0x00, 0x01, 0x8b, 0x43,
    0x08, 0x85, 0xc0, 0x75, 0x27, 0xe8, 0x7a, 0xf9, 0xff, 0xff, 0x83, 0xec,
    0x04, 0x50, 0x68, 0x02, 0x5a, 0x00, 0x01, 0xff, 0x33, 0xe8, 0x3a, 0xfb,
    0xff, 0xff, 0x83, 0xc4, 0x10, 0x85, 0xc0, 0x7e, 0x33, 0x89, 0x43, 0x04,
    0xeb, 0xab, 0x8d, 0xb6, 0x00, 0x00, 0x00, 0x00, 0x8b, 0x43, 0x04, 0xe8,
    0x40, 0xfe, 0xff, 0xff, 0xeb, 0x9b, 0x8d, 0xb6, 0x00, 0x00, 0x00, 0x00,
    0x8b, 0x04, 0x8d, 0xc4, 0x97, 0x00, 0x01, 0xe8, 0x2c, 0xfe, 0xff, 0xff,
    0xeb, 0x87, 0x66, 0x90, 0x2e, 0x8d, 0xb4, 0x26, 0x00, 0x00, 0x00, 0x00,
    0x83, 0xec, 0x0c, 0x68, 0xec, 0x59, 0x00, 0x01, 0xe8, 0xa3, 0xf6, 0xff,
    0xff, 0x83, 0xc4, 0x10, 0xe9, 0x68, 0xff, 0xff, 0xff, 0x8d, 0x76, 0x00,
    0x2e, 0x8d, 0xb4, 0x26, 0x00, 0x00, 0x00, 0x00, 0x55, 0x57, 0x56, 0x89,
    0xd6, 0x53, 0x89, 0xcb, 0x83, 0xec, 0x20, 0x89, 0x44, 0x24, 0x10, 0xff,
    0x74, 0x24, 0x38, 0xff, 0x74, 0x24, 0x38, 0x51, 0x6a, 0x00, 0x6a, 0x00,
    0x68, 0x00, 0x10, 0x00, 0x00, 0xff, 0x35, 0x90, 0x97, 0x00, 0x01, 0xe8,
    0xd4, 0xf9, 0xff, 0xff, 0x0f, 0xb6, 0x03, 0x83, 0xc4, 0x20, 0x84, 0xc0,
    0x0f, 0x84, 0x16, 0x01, 0x00, 0x00, 0x31, 0xd2, 0xeb, 0x1c, 0x66, 0x90,
    0x2e, 0x8d, 0xb4, 0x26, 0x00, 0x00, 0x00, 0x00, 0x2e, 0x8d, 0xb4, 0x26,
    0x00, 0x00, 0x00, 0x00, 0x83, 0xc3, 0x01, 0x0f, 0xb6, 0x03, 0x84, 0xc0,
    0x74, 0x2c, 0x83, 0xc2, 0x01, 0x84, 0xc0, 0x79, 0xef, 0x89, 0xc1, 0x83,
    0xe1, 0xe0, 0x80, 0xf9, 0xc0, 0x0f, 0x84, 0xd1, 0x00, 0x00, 0x00, 0x83,
    0xe0, 0xf0, 0x89, 0xd9, 0x31, 0xdb, 0x3c, 0xe0, 0x0f, 0x95, 0xc3, 0x8d,
    0x5c, 0x0b, 0x03, 0x0f, 0xb6, 0x03, 0x84, 0xc0, 0x75, 0xd4, 0x8b, 0x44,
    0x24, 0x0c, 0x8d, 0x3c, 0xd0, 0xa1, 0x70, 0x93, 0x00, 0x01, 0x8b, 0x54,
    0x24, 0x0c, 0x8b, 0x1d, 0x6c, 0x93, 0x00, 0x01, 0x39, 0xc2, 0x89, 0xc1,
    0xa1, 0x68, 0x93, 0x00, 0x01, 0x0f, 0x4d, 0xca, 0x39, 0xde, 0x8d, 0x56,
    0x10, 0x0f, 0x4d, 0xde, 0x39, 0xc7, 0x0f, 0x4f, 0xf8, 0xa1, 0x64, 0x93,
    0x00, 0x01, 0x39, 0xc2, 0x0f, 0x4f, 0xd0, 0x39, 0xf9, 0x7d, 0x6b, 0x39,
    0xd3, 0x7d, 0x67, 0x8b, 0x2d, 0x94, 0x97, 0x00, 0x01, 0x29, 0xcf, 0x89,
    0xe8, 0x83, 0xe5, 0xfc, 0xc1, 0xe8, 0x02, 0x89, 0x6c, 0x24, 0x08, 0x8b,
    0x2d, 0xa0, 0x97, 0x00, 0x01, 0x0f, 0xaf, 0xc3, 0x01, 0xc8, 0x2b, 0x4c,
    0x24, 0x0c, 0x89, 0x7c, 0x24, 0x0c, 0x8d, 0x6c, 0x85, 0x00, 0x89, 0xd8,
    0x29, 0xf0, 0x89, 0xef, 0x89, 0xc6, 0xc1, 0xe6, 0x0a, 0x01, 0xf1, 0x8b,
    0x35, 0x90, 0x97, 0x00, 0x01, 0x8d, 0x2c, 0x8e, 0x89, 0xd6, 0x8d, 0xb6,
    0x00, 0x00, 0x00, 0x00, 0x8b, 0x4c, 0x24, 0x0c, 0x89, 0xea, 0x89, 0xf8,
    0x83, 0xc3, 0x01, 0x81, 0xc5, 0x00, 0x10, 0x00, 0x00, 0xe8, 0x4a, 0xfa,
    0xff, 0xff, 0x03, 0x7c, 0x24, 0x08, 0x39, 0xde, 0x7f, 0xe2, 0x83, 0xc4,
    0x1c, 0x5b, 0x5e, 0x5f, 0x5d, 0xc3, 0x66, 0x90, 0x2e, 0x8d, 0xb4, 0x26,
    0x00, 0x00, 0x00, 0x00, 0x83, 0xc3, 0x02, 0xe9, 0x0b, 0xff, 0xff, 0xff,
    0x2e, 0x8d, 0xb4, 0x26, 0x00, 0x00, 0x00, 0x00, 0x8b, 0x7c, 0x24, 0x0c,
    0xe9, 0x34, 0xff, 0xff, 0xff, 0x8d, 0xb4, 0x26, 0x00, 0x00, 0x00, 0x00,
    0x57, 0x56, 0x8b, 0x35, 0x94, 0x97, 0x00, 0x01, 0x53, 0x89, 0xcb, 0x89,
    0xf1, 0x8d, 0xbb, 0x20, 0x04, 0x00, 0x00, 0x83, 0xe6, 0xfc, 0xc1, 0xe9,
    0x02, 0x0f, 0xaf, 0xd1, 0x01, 0xc2, 0xa1, 0xa0, 0x97, 0x00, 0x01, 0x8d,
    0x8c, 0x90, 0x80, 0x00, 0x00, 0x00, 0x8d, 0xb6, 0x00, 0x00, 0x00, 0x00,
    0x8d, 0x41, 0x80, 0x89, 0xda, 0xeb, 0x19, 0x90, 0x2e, 0x8d, 0xb4, 0x26,
    0x00, 0x00, 0x00, 0x00, 0x2e, 0x8d, 0xb4, 0x26, 0x00, 0x00, 0x00, 0x00,
    0x2e, 0x8d, 0xb4, 0x26, 0x00, 0x00, 0x00, 0x00, 0x80, 0x3a, 0x58, 0x75,
    0x06, 0xc7, 0x00, 0xf8, 0xee, 0xe8, 0x00, 0x83, 0xc0, 0x04, 0x83, 0xc2,
    0x01, 0x39, 0xc8, 0x75, 0xeb, 0x83, 0xc3, 0x21, 0x8d, 0x0c, 0x30, 0x39,
    0xfb, 0x75, 0xc1, 0x5b, 0x5e, 0x5f, 0xc3, 0x2e, 0x8d, 0x74, 0x26, 0x00,
    0x2e, 0x8d, 0xb4, 0x26, 0x00, 0x00, 0x00, 0x00, 0x55, 0x29, 0xc1, 0x57,
    0x56, 0x53, 0x83, 0xec, 0x14, 0x8b, 0x35, 0x6c, 0x93, 0x00, 0x01, 0x8b,
    0x3d, 0x70, 0x93, 0x00, 0x01, 0x89, 0x44, 0x24, 0x10, 0x8b, 0x2d, 0x68,
    0x93, 0x00, 0x01, 0x89, 0x74, 0x24, 0x04, 0x8b, 0x35, 0x64, 0x93, 0x00,
    0x01, 0x89, 0x74, 0x24, 0x08, 0x89, 0xd6, 0x89, 0xca, 0x8d, 0x48, 0x20,
    0x8d, 0x5e, 0x20, 0x89, 0x5c, 0x24, 0x0c, 0x2e, 0x8d, 0x74, 0x26, 0x00,
    0x89, 0x2c, 0x24, 0x8b, 0x44, 0x24, 0x10, 0xeb, 0x0e, 0x8d, 0xb4, 0x26,
    0x00, 0x00, 0x00, 0x00, 0x83, 0xc0, 0x01, 0x39, 0xc8, 0x74, 0x49, 0x80,
    0x3c, 0x02, 0x58, 0x75, 0xf3, 0x39, 0xc7, 0x7f, 0xef, 0x39, 0x04, 0x24,
    0x7e, 0xea, 0x39, 0x74, 0x24, 0x04, 0x7f, 0xe4, 0x39, 0x74, 0x24, 0x08,
    0x7e, 0xde, 0x8b, 0x1d, 0x94, 0x97, 0x00, 0x01, 0x8b, 0x2d, 0xa0, 0x97,
    0x00, 0x01, 0xc1, 0xeb, 0x02, 0x0f, 0xaf, 0xde, 0x01, 0xc3, 0x83, 0xc0,
    0x01, 0xc7, 0x44, 0x9d, 0x00, 0xf8, 0xee, 0xe8, 0x00, 0x39, 0xc8, 0x75,
    0xc2, 0x8d, 0x76, 0x00, 0x2e, 0x8d, 0xb4, 0x26, 0x00, 0x00, 0x00, 0x00,
    0x8b, 0x2c, 0x24, 0x83, 0xc6, 0x01, 0x83, 0xc2, 0x21, 0x39, 0x74, 0x24,
    0x0c, 0x75, 0x91, 0x83, 0xc4, 0x14, 0x5b, 0x5e, 0x5f, 0x5d, 0xc3, 0x90,
    0x2e, 0x8d, 0xb4, 0x26, 0x00, 0x00, 0x00, 0x00, 0x55, 0x57, 0x56, 0x53,
    0x83, 0xec, 0x14, 0x8b, 0x0d, 0x88, 0x97, 0x00, 0x01, 0x85, 0xc9, 0x75,
    0x2d, 0xc7, 0x05, 0x88, 0x97, 0x00, 0x01, 0x00, 0x00, 0x00, 0x00, 0x83,
    0xf8, 0x07, 0x7e, 0x16, 0x8b, 0x35, 0x9c, 0x97, 0x00, 0x01, 0x8d, 0x4e,
    0xf8, 0x39, 0xc1, 0x7e, 0x09, 0x83, 0xfa, 0x07, 0x0f, 0x8f, 0x90, 0x00,
    0x00, 0x00, 0x83, 0xc4, 0x14, 0x5b, 0x5e, 0x5f, 0x5d, 0xc3, 0x8b, 0x2d,
    0x94, 0x97, 0x00, 0x01, 0x8b, 0x35, 0x80, 0x97, 0x00, 0x01, 0xbf, 0x80,
    0x93, 0x00, 0x01, 0x89, 0xeb, 0x8d, 0x4e, 0xf8, 0x83, 0xe5, 0xfc, 0xc1,
    0xeb, 0x02, 0x0f, 0xaf, 0xcb, 0x8b, 0x1d, 0xa0, 0x97, 0x00, 0x01, 0x03,
    0x0d, 0x84, 0x97, 0x00, 0x01, 0x8d, 0x74, 0x8b, 0x20, 0x8d, 0x76, 0x00,
    0x89, 0x04, 0x24, 0x89, 0xfb, 0x8d, 0x4e, 0xc0, 0xeb, 0x16, 0x8d, 0xb6,
    0x00, 0x00, 0x00, 0x00, 0x2e, 0x8d, 0xb4, 0x26, 0x00, 0x00, 0x00, 0x00,
    0x2e, 0x8d, 0xb4, 0x26, 0x00, 0x00, 0x00, 0x00, 0x8b, 0x03, 0x83, 0xc1,
    0x10, 0x83, 0xc3, 0x10, 0x89, 0x41, 0xf0, 0x8b, 0x43, 0xf4, 0x89, 0x41,
    0xf4, 0x8b, 0x43, 0xf8, 0x89, 0x41, 0xf8, 0x8b, 0x43, 0xfc, 0x89, 0x41,
    0xfc, 0x39, 0xf1, 0x75, 0xdf, 0x83, 0xc7, 0x40, 0x8b, 0x04, 0x24, 0x01,
    0xee, 0x81, 0xff, 0x80, 0x97, 0x00, 0x01, 0x75, 0xaf, 0xe9, 0x4b, 0xff,
    0xff, 0xff, 0x8b, 0x35, 0x98, 0x97, 0x00, 0x01, 0x8d, 0x4e, 0xf8, 0x39,
    0xca, 0x0f, 0x8d, 0x5f, 0xff, 0xff, 0xff, 0x8b, 0x35, 0x94, 0x97, 0x00,
    0x01, 0x8d, 0x4a, 0xf8, 0x89, 0x44, 0x24, 0x10, 0xbb, 0x80, 0x93, 0x00,
    0x01, 0x8b, 0x2d, 0xa0, 0x97, 0x00, 0x01, 0x89, 0xf7, 0x83, 0xe6, 0xfc,
    0xc1, 0xef, 0x02, 0x89, 0x34, 0x24, 0x0f, 0xaf, 0xcf, 0x89, 0x7c, 0x24,
    0x04, 0x89, 0x6c, 0x24, 0x0c, 0x89, 0x4c, 0x24, 0x08, 0x01, 0xc1, 0x8d,
    0x4c, 0x8d, 0x20, 0x90, 0x8d, 0x41, 0xc0, 0x89, 0xdd, 0xeb, 0x39, 0x90,
    0x2e, 0x8d, 0xb4, 0x26, 0x00, 0x00, 0x00, 0x00, 0x2e, 0x8d, 0xb4, 0x26,
    0x00, 0x00, 0x00, 0x00, 0x2e, 0x8d, 0xb4, 0x26, 0x00, 0x00, 0x00, 0x00,
    0x2e, 0x8d, 0xb4, 0x26, 0x00, 0x00, 0x00, 0x00, 0x2e, 0x8d, 0xb4, 0x26,
    0x00, 0x00, 0x00, 0x00, 0x2e, 0x8d, 0xb4, 0x26, 0x00, 0x00, 0x00, 0x00,
    0x2e, 0x8d, 0xb4, 0x26, 0x00, 0x00, 0x00, 0x00, 0x8b, 0x38, 0x83, 0xc0,
    0x10, 0x83, 0xc5, 0x10, 0x89, 0x7d, 0xf0, 0x8b, 0x78, 0xf4, 0x89, 0x7d,
    0xf4, 0x8b, 0x78, 0xf8, 0x89, 0x7d, 0xf8, 0x8b, 0x78, 0xfc, 0x89, 0x7d,
    0xfc, 0x39, 0xc8, 0x75, 0xdf, 0x8d, 0x0c, 0x30, 0x83, 0xc3, 0x40, 0xb8,
    0x80, 0x97, 0x00, 0x01, 0x39, 0xd8, 0x75, 0x90, 0x8b, 0x4c, 0x24, 0x04,
    0x8b, 0x5c, 0x24, 0x08, 0x89, 0x34, 0x24, 0x8b, 0x44, 0x24, 0x10, 0x8b,
    0x6c, 0x24, 0x0c, 0x8d, 0x1c, 0xcb, 0x8d, 0x0c, 0x49, 0x8b, 0x34, 0x24,
    0x8d, 0x3c, 0x03, 0x29, 0xcb, 0xc1, 0xe7, 0x02, 0x01, 0xc3, 0x8d, 0x4c,
    0x3d, 0xf4, 0x8d, 0x5c, 0x9d, 0x00, 0x8d, 0x7c, 0x3d, 0x10, 0xc7, 0x01,
    0xff, 0xff, 0xff, 0x00, 0x83, 0xc1, 0x04, 0xc7, 0x03, 0xff, 0xff, 0xff,
    0x00, 0x01, 0xf3, 0x39, 0xf9, 0x75, 0xeb, 0xa3, 0x84, 0x97, 0x00, 0x01,
    0x89, 0x15, 0x80, 0x97, 0x00, 0x01, 0xc7, 0x05, 0x88, 0x97, 0x00, 0x01,
    0x01, 0x00, 0x00, 0x00, 0xe9, 0x55, 0xfe, 0xff, 0xff, 0x8d, 0xb4, 0x26,
    0x00, 0x00, 0x00, 0x00, 0x2e, 0x8d, 0xb4, 0x26, 0x00, 0x00, 0x00, 0x00,
    0x55, 0x57, 0x56, 0x31, 0xf6, 0x53, 0x89, 0xf7, 0x89, 0xd3, 0x83, 0xec,
    0x6c, 0x85, 0xc0, 0x0f, 0x49, 0xf8, 0x31, 0xc0, 0x85, 0xdb, 0x8b, 0x94,
    0x24, 0x80, 0x00, 0x00, 0x00, 0x0f, 0x48, 0xd8, 0xa1, 0x9c, 0x97, 0x00,
    0x01, 0x89, 0x7c, 0x24, 0x1c, 0x39, 0xc1, 0x89, 0x5c, 0x24, 0x28, 0x0f,
    0x4e, 0xc1, 0x89, 0x44, 0x24, 0x18, 0x89, 0xc6, 0xa1, 0x98, 0x97, 0x00,
    0x01, 0x39, 0xc2, 0x0f, 0x4e, 0xc2, 0x89, 0x44, 0x24, 0x24, 0x39, 0xfe,
    0x0f, 0x8e, 0xd6, 0x02, 0x00, 0x00, 0x89, 0xc1, 0x89, 0xf0, 0x89, 0xce,
    0x39, 0xd9, 0x0f, 0x8e, 0xc8, 0x02, 0x00, 0x00, 0x29, 0xde, 0x68, 0x30,
    0x20, 0x1a, 0x00, 0x89, 0xda, 0x56, 0x89, 0x0d, 0x64, 0x93, 0x00, 0x01,
    0x89, 0xc1, 0xa3, 0x68, 0x93, 0x00, 0x01, 0x29, 0xf9, 0x89, 0xf8, 0x89,
    0x1d, 0x6c, 0x93, 0x00, 0x01, 0x89, 0x3d, 0x70, 0x93, 0x00, 0x01, 0xe8,
    0xf8, 0xf6, 0xff, 0xff, 0x8b, 0x2d, 0xe4, 0x8a, 0x00, 0x01, 0x5b, 0x5e,
    0x85, 0xed, 0x0f, 0x8e, 0x94, 0x02, 0x00, 0x00, 0xa1, 0x9c, 0x97, 0x00,
    0x01, 0xc7, 0x44, 0x24, 0x14, 0x00, 0x8b, 0x00, 0x01, 0x89, 0xf9, 0x31,
    0xf6, 0x83, 0xf8, 0x43, 0x0f, 0x8e, 0xf6, 0x00, 0x00, 0x00, 0x8d, 0xb6,
    0x00, 0x00, 0x00, 0x00, 0x2e, 0x8d, 0xb4, 0x26, 0x00, 0x00, 0x00, 0x00,
    0x83, 0xe8, 0x10, 0xba, 0x4f, 0xec, 0xc4, 0x4e, 0xf7, 0xe2, 0x89, 0xf0,
    0x89, 0xd3, 0x99, 0xc1, 0xeb, 0x04, 0xf7, 0xfb, 0x6b, 0xd2, 0x34, 0x8d,
    0x7a, 0x10, 0x8d, 0x5a, 0x30, 0x89, 0x7c, 0x24, 0x08, 0x39, 0xd9, 0x0f,
    0x8f, 0x97, 0x00, 0x00, 0x00, 0x8b, 0x5c, 0x24, 0x08, 0x39, 0x1d, 0x68,
    0x93, 0x00, 0x01, 0x0f, 0x8e, 0x87, 0x00, 0x00, 0x00, 0x8d, 0x50, 0x01,
    0x6b, 0xd2, 0x38, 0x3b, 0x15, 0x6c, 0x93, 0x00, 0x01, 0x7c, 0x79, 0x6b,
    0xc0, 0x38, 0x89, 0x44, 0x24, 0x20, 0x8d, 0x78, 0x18, 0xa1, 0x64, 0x93,
    0x00, 0x01, 0x89, 0x44, 0x24, 0x10, 0x39, 0xf8, 0x7e, 0x62, 0x8b, 0x44,
    0x24, 0x14, 0x8b, 0x40, 0x1c, 0x83, 0xf8, 0x01, 0x0f, 0x84, 0xb2, 0x07,
    0x00, 0x00, 0x83, 0xf8, 0x02, 0x0f, 0x84, 0x9c, 0x06, 0x00, 0x00, 0x85,
    0xc0, 0x0f, 0x85, 0x40, 0x06, 0x00, 0x00, 0xb9, 0xc0, 0x3d, 0x00, 0x01,
    0x89, 0xfa, 0x89, 0xd8, 0xe8, 0x03, 0xfc, 0xff, 0xff, 0x8b, 0x54, 0x24,
    0x20, 0x83, 0xc2, 0x3a, 0x3b, 0x54, 0x24, 0x10, 0x7d, 0x26, 0x83, 0xec,
    0x08, 0x68, 0x30, 0x20, 0x1a, 0x00, 0x68, 0xf8, 0xee, 0xe8, 0x00, 0x8b,
    0x4c, 0x24, 0x24, 0x8b, 0x44, 0x24, 0x18, 0xe8, 0xfc, 0xf9, 0xff, 0xff,
    0x83, 0xc4, 0x10, 0x90, 0x2e, 0x8d, 0xb4, 0x26, 0x00, 0x00, 0x00, 0x00,
    0x83, 0xc6, 0x01, 0x3b, 0x35, 0xe4, 0x8a, 0x00, 0x01, 0x0f, 0x8d, 0x9d,
    0x01, 0x00, 0x00, 0xa1, 0x9c, 0x97, 0x00, 0x01, 0x83, 0x44, 0x24, 0x14,
    0x20, 0x8b, 0x0d, 0x70, 0x93, 0x00, 0x01, 0x83, 0xf8, 0x43, 0x0f, 0x8f,
    0x18, 0xff, 0xff, 0xff, 0xc7, 0x44, 0x24, 0x08, 0x10, 0x00, 0x00, 0x00,
    0x89, 0xf0, 0xbb, 0x30, 0x00, 0x00, 0x00, 0xe9, 0x25, 0xff, 0xff, 0xff,
    0x8b, 0x2d, 0x60, 0x93, 0x00, 0x01, 0x85, 0xed, 0x0f, 0x84, 0xaa, 0x00,
    0x00, 0x00, 0x8b, 0x1d, 0x5c, 0x93, 0x00, 0x01, 0xa1, 0x9c, 0x97, 0x00,
    0x01, 0x8b, 0x35, 0x58, 0x93, 0x00, 0x01, 0x8d, 0x8b, 0xb0, 0x00, 0x00,
    0x00, 0x8d, 0x90, 0x50, 0xff, 0xff, 0xff, 0x39, 0xc1, 0xa1, 0x98, 0x97,
    0x00, 0x01, 0x8d, 0x4e, 0x2e, 0x0f, 0x4f, 0xda, 0x39, 0xc1, 0x8d, 0x50,
    0xd2, 0xb9, 0xb0, 0x00, 0x00, 0x00, 0x0f, 0x4f, 0xf2, 0x83, 0xec, 0x08,
    0x89, 0xd8, 0x89, 0x1d, 0x54, 0x93, 0x00, 0x01, 0x68, 0xb5, 0x7a, 0x4a,
    0x00, 0x6a, 0x2e, 0x89, 0xf2, 0x89, 0x35, 0x50, 0x93, 0x00, 0x01, 0xe8,
    0x60, 0xf5, 0xff, 0xff, 0x5f, 0x5d, 0x68, 0x3a, 0x28, 0x20, 0x00, 0x6a,
    0x2c, 0x8d, 0x56, 0x01, 0x8d, 0x43, 0x01, 0xb9, 0xae, 0x00, 0x00, 0x00,
    0xe8, 0x47, 0xf5, 0xff, 0xff, 0x58, 0x59, 0x68, 0x3a, 0x28, 0x20, 0x00,
    0x68, 0xff, 0xff, 0xff, 0x00, 0x8d, 0x56, 0x04, 0xb9, 0x40, 0x35, 0x00,
    0x01, 0x8d, 0x43, 0x0a, 0xe8, 0x1b, 0xf9, 0xff, 0xff, 0x8d, 0x56, 0x1a,
    0x5e, 0x5f, 0x68, 0x3a, 0x28, 0x20, 0x00, 0xb9, 0x58, 0x35, 0x00, 0x01,
    0x8d, 0x43, 0x0a, 0x68, 0xff, 0xff, 0xff, 0x00, 0xe8, 0xff, 0xf8, 0xff,
    0xff, 0x83, 0xc4, 0x10, 0x8b, 0x0d, 0x4c, 0x93, 0x00, 0x01, 0x85, 0xc9,
    0x0f, 0x85, 0xbe, 0x03, 0x00, 0x00, 0x8b, 0x1d, 0x88, 0x97, 0x00, 0x01,
    0x85, 0xdb, 0x0f, 0x84, 0x94, 0x00, 0x00, 0x00, 0xa1, 0xe0, 0x98, 0x00,
    0x01, 0x8b, 0x1d, 0x9c, 0x97, 0x00, 0x01, 0x8b, 0x3d, 0x80, 0x97, 0x00,
    0x01, 0x8d, 0x44, 0x80, 0x0a, 0x8d, 0x14, 0xc5, 0x10, 0x00, 0x00, 0x00,
    0x89, 0xd8, 0xc1, 0xe8, 0x1f, 0x01, 0xd8, 0x89, 0xd3, 0xd1, 0xfb, 0xd1,
    0xf8, 0x29, 0xd8, 0x8b, 0x1d, 0x84, 0x97, 0x00, 0x01, 0x01, 0xc2, 0x8d,
    0x73, 0xf8, 0x39, 0xd6, 0x0f, 0x8c, 0xcc, 0x02, 0x00, 0x00, 0x8b, 0x15,
    0x60, 0x93, 0x00, 0x01, 0x85, 0xd2, 0x0f, 0x84, 0xfc, 0x02, 0x00, 0x00,
    0x8b, 0x15, 0x54, 0x93, 0x00, 0x01, 0x8d, 0x47, 0xf8, 0x8d, 0xaa, 0xb0,
    0x00, 0x00, 0x00, 0x39, 0xee, 0x0f, 0x8d, 0xc7, 0x04, 0x00, 0x00, 0x8d,
    0x6b, 0x07, 0x39, 0xea, 0x0f, 0x8f, 0xbc, 0x04, 0x00, 0x00, 0x8b, 0x15,
    0x50, 0x93, 0x00, 0x01, 0x8d, 0x6a, 0x2e, 0x39, 0xe8, 0x0f, 0x8d, 0xab,
    0x04, 0x00, 0x00, 0x8d, 0x6f, 0x07, 0x39, 0xea, 0x0f, 0x8f, 0xa0, 0x04,
    0x00, 0x00, 0xc7, 0x05, 0x88, 0x97, 0x00, 0x01, 0x00, 0x00, 0x00, 0x00,
    0x83, 0xc4, 0x6c, 0x5b, 0x5e, 0x5f, 0x5d, 0xc3, 0x8b, 0x15, 0xe0, 0x98,
    0x00, 0x01, 0x89, 0xd6, 0x85, 0xd2, 0x7e, 0x73, 0xc7, 0x04, 0x24, 0x00,
    0x00, 0x00, 0x00, 0x90, 0x8b, 0x04, 0x24, 0x8b, 0x2c, 0x85, 0x00, 0x99,
    0x00, 0x01, 0x8d, 0x3c, 0xed, 0x00, 0x00, 0x00, 0x00, 0x8d, 0x04, 0x2f,
    0x8b, 0x0c, 0x85, 0xc0, 0x97, 0x00, 0x01, 0x8d, 0x1c, 0x85, 0xc0, 0x97,
    0x00, 0x01, 0x85, 0xc9, 0x74, 0x3a, 0x8b, 0x43, 0x10, 0x3b, 0x44, 0x24,
    0x18, 0x7d, 0x31, 0x8b, 0x73, 0x18, 0x89, 0x74, 0x24, 0x04, 0x8d, 0x74,
    0x30, 0x01, 0x3b, 0x74, 0x24, 0x1c, 0x7c, 0x20, 0x8b, 0x73, 0x14, 0x89,
    0x74, 0x24, 0x08, 0x39, 0x74, 0x24, 0x24, 0x7e, 0x13, 0x03, 0x73, 0x1c,
    0x83, 0xc6, 0x13, 0x39, 0x74, 0x24, 0x28, 0x0f, 0x8e, 0x76, 0x05, 0x00,
    0x00, 0x8d, 0x76, 0x00, 0x83, 0x04, 0x24, 0x01, 0x3b, 0x14, 0x24, 0x7f,
    0x97, 0x89, 0xd6, 0xa1, 0x9c, 0x97, 0x00, 0x01, 0x8d, 0x54, 0xb6, 0x0a,
    0x83, 0xec, 0x08, 0x8b, 0x3d, 0x98, 0x97, 0x00, 0x01, 0x8d, 0x2c, 0xd5,
    0x10, 0x00, 0x00, 0x00, 0x68, 0x3a, 0x28, 0x20, 0x00, 0x89, 0xc3, 0xa3,
    0x68, 0x93, 0x00, 0x01, 0x89, 0xe9, 0x8d, 0x57, 0xc4, 0xc1, 0xeb, 0x1f,
    0x6a, 0x34, 0x01, 0xc3, 0x89, 0xe8, 0x89, 0x3d, 0x64, 0x93, 0x00, 0x01,
    0xc7, 0x05, 0x70, 0x93, 0x00, 0x01, 0x00, 0x00, 0x00, 0x00, 0xd1, 0xf8,
    0xd1, 0xfb, 0xc7, 0x05, 0x6c, 0x93, 0x00, 0x01, 0x00, 0x00, 0x00, 0x00,
    0x29, 0xc3, 0x89, 0xd8, 0xe8, 0x7b, 0xf3, 0xff, 0xff, 0x58, 0x5a, 0x68,
    0x7b, 0x4e, 0x2e, 0x00, 0x6a, 0x01, 0x89, 0xe9, 0x89, 0xd8, 0x8d, 0x57,
    0xc4, 0xe8, 0x66, 0xf3, 0xff, 0xff, 0x59, 0x5e, 0x68, 0x7b, 0x4e, 0x2e,
    0x00, 0x6a, 0x01, 0x8d, 0x47, 0xf7, 0x89, 0xe9, 0x8d, 0x6c, 0x1d, 0xff,
    0x89, 0xc2, 0x89, 0x44, 0x24, 0x10, 0x89, 0xd8, 0xe8, 0x47, 0xf3, 0xff,
    0xff, 0x58, 0x5a, 0x68, 0x7b, 0x4e, 0x2e, 0x00, 0x6a, 0x34, 0x89, 0xd8,
    0xb9, 0x01, 0x00, 0x00, 0x00, 0x8d, 0x57, 0xc4, 0xe8, 0x2f, 0xf3, 0xff,
    0xff, 0x59, 0x5e, 0x68, 0x7b, 0x4e, 0x2e, 0x00, 0x6a, 0x34, 0x89, 0xe8,
    0xb9, 0x01, 0x00, 0x00, 0x00, 0x8d, 0x57, 0xc4, 0xe8, 0x17, 0xf3, 0xff,
    0xff, 0x58, 0x5a, 0x68, 0x30, 0x20, 0x1a, 0x00, 0x6a, 0x01, 0x89, 0xd8,
    0xb9, 0x01, 0x00, 0x00, 0x00, 0x8d, 0x57, 0xc4, 0xe8, 0xff, 0xf2, 0xff,
    0xff, 0x59, 0x5e, 0x68, 0x30, 0x20, 0x1a, 0x00, 0x6a, 0x01, 0x89, 0xe8,
    0xb9, 0x01, 0x00, 0x00, 0x00, 0x8d, 0x57, 0xc4, 0xe8, 0xe7, 0xf2, 0xff,
    0xff, 0x58, 0x5a, 0x68, 0x30, 0x20, 0x1a, 0x00, 0x6a, 0x01, 0x8b, 0x74,
    0x24, 0x10, 0x89, 0xd8, 0xb9, 0x01, 0x00, 0x00, 0x00, 0x89, 0xf2, 0xe8,
    0xcc, 0xf2, 0xff, 0xff, 0x59, 0x58, 0x68, 0x30, 0x20, 0x1a, 0x00, 0x6a,
    0x01, 0x89, 0xf2, 0x89, 0xe8, 0x8d, 0x77, 0xce, 0xb9, 0x01, 0x00, 0x00,
    0x00, 0xbd, 0xe0, 0x98, 0x00, 0x01, 0xe8, 0xad, 0xf2, 0xff, 0xff, 0x8d,
    0x43, 0x0c, 0x89, 0xf2, 0xb9, 0x20, 0x4a, 0x00, 0x01, 0x89, 0x74, 0x24,
    0x14, 0x89, 0x44, 0x24, 0x18, 0xe8, 0xe6, 0xf7, 0xff, 0xff, 0x8d, 0x43,
    0x34, 0x89, 0xf2, 0xb9, 0x00, 0x46, 0x00, 0x01, 0xe8, 0xd7, 0xf7, 0xff,
    0xff, 0x83, 0xc4, 0x10, 0x8d, 0x47, 0xf2, 0xbb, 0xc0, 0x97, 0x00, 0x01,
    0x89, 0x44, 0x24, 0x0c, 0xbe, 0x02, 0x00, 0x00, 0x00, 0xeb, 0x0c, 0x90,
    0x83, 0xc3, 0x24, 0x39, 0xdd, 0x0f, 0x84, 0xa1, 0xfc, 0xff, 0xff, 0x8b,
    0x03, 0x85, 0xc0, 0x74, 0xef, 0x8b, 0x43, 0x20, 0xb9, 0x20, 0x4a, 0x00,
    0x01, 0x85, 0xc0, 0x74, 0x10, 0x83, 0xf8, 0x01, 0xb9, 0xe0, 0x41, 0x00,
    0x01, 0xb8, 0x00, 0x46, 0x00, 0x01, 0x0f, 0x44, 0xc8, 0x8b, 0x7c, 0x24,
    0x08, 0x8b, 0x54, 0x24, 0x04, 0x8d, 0x04, 0xb6, 0x8d, 0x04, 0xc7, 0x89,
    0x04, 0x24, 0xe8, 0x7d, 0xf7, 0xff, 0xff, 0x8b, 0x3d, 0x94, 0x97, 0x00,
    0x01, 0x8b, 0x04, 0x24, 0xb9, 0x04, 0x00, 0x00, 0x00, 0x89, 0xfa, 0x83,
    0xe7, 0xfc, 0xc1, 0xea, 0x02, 0x0f, 0xaf, 0x54, 0x24, 0x0c, 0x01, 0xd0,
    0x8b, 0x15, 0xa0, 0x97, 0x00, 0x01, 0x8d, 0x54, 0x82, 0x48, 0x8d, 0x42,
    0xf0, 0xc7, 0x00, 0xb5, 0x7a, 0x4a, 0x00, 0x83, 0xc0, 0x04, 0x39, 0xd0,
    0x75, 0xf3, 0x8d, 0x14, 0x38, 0x83, 0xe9, 0x01, 0x75, 0xe8, 0x83, 0xc6,
    0x01, 0xe9, 0x76, 0xff, 0xff, 0xff, 0x8d, 0x6b, 0x07, 0x8b, 0x15, 0x98,
    0x97, 0x00, 0x01, 0x39, 0xe8, 0x0f, 0x8f, 0x23, 0xfd, 0xff, 0xff, 0x39,
    0xfa, 0x0f, 0x8e, 0x1b, 0xfd, 0xff, 0xff, 0x83, 0xea, 0x3c, 0x8d, 0x47,
    0x07, 0x39, 0xc2, 0x0f, 0x8f, 0x0d, 0xfd, 0xff, 0xff, 0xc7, 0x05, 0x88,
    0x97, 0x00, 0x01, 0x00, 0x00, 0x00, 0x00, 0xa1, 0x60, 0x93, 0x00, 0x01,
    0x85, 0xc0, 0x0f, 0x85, 0x4c, 0xfd, 0xff, 0xff, 0x85, 0xc9, 0x0f, 0x84,
    0x44, 0xfd, 0xff, 0xff, 0x8b, 0x1d, 0x88, 0x97, 0x00, 0x01, 0x8b, 0x0d,
    0x00, 0x93, 0x00, 0x01, 0x8b, 0x15, 0x04, 0x93, 0x00, 0x01, 0x85, 0xdb,
    0x0f, 0x84, 0x2a, 0xfd, 0xff, 0xff, 0x8b, 0x1d, 0x84, 0x97, 0x00, 0x01,
    0x8b, 0x3d, 0x80, 0x97, 0x00, 0x01, 0x8d, 0x73, 0xf8, 0x8d, 0x47, 0xf8,
    0x8d, 0xaa, 0x68, 0x01, 0x00, 0x00, 0x39, 0xf5, 0x0f, 0x8e, 0x0a, 0xfd,
    0xff, 0xff, 0x83, 0xc3, 0x07, 0x39, 0xda, 0x0f, 0x8f, 0xff, 0xfc, 0xff,
    0xff, 0x8d, 0x51, 0x58, 0x39, 0xc2, 0x0f, 0x8e, 0xf4, 0xfc, 0xff, 0xff,
    0x83, 0xc7, 0x07, 0x39, 0xcf, 0x0f, 0x8c, 0xe9, 0xfc, 0xff, 0xff, 0xe9,
    0xda, 0xfc, 0xff, 0xff, 0xa1, 0x9c, 0x97, 0x00, 0x01, 0x8b, 0x0d, 0x98,
    0x97, 0x00, 0x01, 0x83, 0xec, 0x08, 0x68, 0x3a, 0x28, 0x20, 0x00, 0x89,
    0xc6, 0x6a, 0x58, 0xc1, 0xee, 0x1f, 0x01, 0xc6, 0xb8, 0x56, 0x55, 0x55,
    0x55, 0xf7, 0xe9, 0xd1, 0xfe, 0xc1, 0xf9, 0x1f, 0x8d, 0xbe, 0x4c, 0xff,
    0xff, 0xff, 0x89, 0xf8, 0x89, 0x3d, 0x04, 0x93, 0x00, 0x01, 0x89, 0xd3,
    0x29, 0xcb, 0xb9, 0x68, 0x01, 0x00, 0x00, 0x89, 0xda, 0x89, 0x1d, 0x00,
    0x93, 0x00, 0x01, 0xe8, 0xf4, 0xf0, 0xff, 0xff, 0x5d, 0x58, 0x68, 0xb5,
    0x7a, 0x4a, 0x00, 0x6a, 0x01, 0x89, 0xf8, 0xb9, 0x68, 0x01, 0x00, 0x00,
    0x89, 0xda, 0xe8, 0xdd, 0xf0, 0xff, 0xff, 0x58, 0x59, 0x68, 0xb5, 0x7a,
    0x4a, 0x00, 0x6a, 0x01, 0x89, 0xf8, 0x8d, 0x53, 0x57, 0xb9, 0x68, 0x01,
    0x00, 0x00, 0xe8, 0xc5, 0xf0, 0xff, 0xff, 0x5d, 0x58, 0x68, 0xb5, 0x7a,
    0x4a, 0x00, 0x6a, 0x58, 0x89, 0xf8, 0xb9, 0x01, 0x00, 0x00, 0x00, 0x89,
    0xda, 0xe8, 0xae, 0xf0, 0xff, 0xff, 0x5a, 0x59, 0x68, 0xb5, 0x7a, 0x4a,
    0x00, 0x6a, 0x58, 0x8d, 0x86, 0xb3, 0x00, 0x00, 0x00, 0xb9, 0x01, 0x00,
    0x00, 0x00, 0x89, 0xda, 0xe8, 0x93, 0xf0, 0xff, 0xff, 0xa1, 0x48, 0x93,
    0x00, 0x01, 0x5f, 0x8d, 0x53, 0x08, 0x5d, 0xb9, 0x88, 0x5a, 0x00, 0x01,
    0x68, 0x3a, 0x28, 0x20, 0x00, 0x85, 0xc0, 0x68, 0xff, 0xff, 0xff, 0x00,
    0xb8, 0x03, 0x5a, 0x00, 0x01, 0x0f, 0x45, 0xc8, 0x8d, 0x86, 0x56, 0xff,
    0xff, 0xff, 0xe8, 0x55, 0xf4, 0xff, 0xff, 0x58, 0x59, 0x68, 0x10, 0x10,
    0x10, 0x00, 0x6a, 0x14, 0x8d, 0x86, 0x56, 0xff, 0xff, 0xff, 0x8d, 0x53,
    0x24, 0xb9, 0x54, 0x01, 0x00, 0x00, 0x81, 0xee, 0xa6, 0x00, 0x00, 0x00,
    0xe8, 0x43, 0xf0, 0xff, 0xff, 0xa1, 0x08, 0x93, 0x00, 0x01, 0x83, 0xc4,
    0x10, 0x85, 0xc0, 0x75, 0x4b, 0x83, 0xec, 0x08, 0x8d, 0x04, 0xc6, 0x8d,
    0x53, 0x27, 0xb9, 0x02, 0x00, 0x00, 0x00, 0x68, 0xff, 0xff, 0xff, 0x00,
    0x6a, 0x0e, 0xe8, 0x1d, 0xf0, 0xff, 0xff, 0x8b, 0x35, 0x88, 0x97, 0x00,
    0x01, 0x8b, 0x0d, 0x4c, 0x93, 0x00, 0x01, 0x83, 0xc4, 0x10, 0x85, 0xf6,
    0x0f, 0x85, 0x16, 0xfb, 0xff, 0xff, 0xe9, 0x4c, 0xfe, 0xff, 0xff, 0x8b,
    0x44, 0x24, 0x08, 0xb9, 0xe0, 0x41, 0x00, 0x01, 0x89, 0xfa, 0xe8, 0xc1,
    0xf5, 0xff, 0xff, 0xe9, 0xb9, 0xf9, 0xff, 0xff, 0x83, 0xec, 0x08, 0x89,
    0xf0, 0x8d, 0x53, 0x26, 0xb9, 0x20, 0x93, 0x00, 0x01, 0x68, 0x10, 0x10,
    0x10, 0x00, 0x68, 0xff, 0xff, 0xff, 0x00, 0xe8, 0xc0, 0xf3, 0xff, 0xff,
    0xa1, 0x08, 0x93, 0x00, 0x01, 0x83, 0xc4, 0x10, 0xeb, 0x8f, 0x85, 0xc9,
    0x0f, 0x84, 0x62, 0xfb, 0xff, 0xff, 0x8b, 0x0d, 0x00, 0x93, 0x00, 0x01,
    0x8b, 0x15, 0x04, 0x93, 0x00, 0x01, 0xe9, 0x39, 0xfe, 0xff, 0xff, 0x83,
    0xec, 0x04, 0x68, 0x00, 0x20, 0x00, 0x00, 0x68, 0xe0, 0x6a, 0x00, 0x01,
    0xff, 0x74, 0x24, 0x20, 0xe8, 0xb7, 0xea, 0xff, 0xff, 0x83, 0xc4, 0x10,
    0x85, 0xc0, 0x0f, 0x8e, 0x01, 0x01, 0x00, 0x00, 0x83, 0xec, 0x04, 0x68,
    0xe0, 0x5a, 0x00, 0x01, 0x8d, 0x54, 0x24, 0x5c, 0x52, 0x8d, 0x54, 0x24,
    0x58, 0x52, 0x6a, 0x20, 0x6a, 0x20, 0x50, 0x68, 0xe0, 0x6a, 0x00, 0x01,
    0xe8, 0x0b, 0x05, 0x00, 0x00, 0x83, 0xc4, 0x20, 0x85, 0xc0, 0x0f, 0x85,
    0xd5, 0x00, 0x00, 0x00, 0xa1, 0x64, 0x93, 0x00, 0x01, 0x89, 0x74, 0x24,
    0x2c, 0xbb, 0x60, 0x5b, 0x00, 0x01, 0x8b, 0x2d, 0x70, 0x93, 0x00, 0x01,
    0x89, 0x44, 0x24, 0x10, 0xa1, 0x68, 0x93, 0x00, 0x01, 0x89, 0x04, 0x24,
    0xa1, 0x6c, 0x93, 0x00, 0x01, 0x89, 0x44, 0x24, 0x0c, 0x8d, 0xb4, 0x26,
    0x00, 0x00, 0x00, 0x00, 0x89, 0x7c, 0x24, 0x04, 0x8b, 0x54, 0x24, 0x08,
    0x8d, 0x43, 0x80, 0xeb, 0x0d, 0x8d, 0x76, 0x00, 0x83, 0xc0, 0x04, 0x83,
    0xc2, 0x01, 0x39, 0xc3, 0x74, 0x56, 0x8b, 0x08, 0x81, 0xf9, 0xff, 0xff,
    0xff, 0x00, 0x76, 0xec, 0x39, 0xd5, 0x7f, 0xe8, 0x39, 0x14, 0x24, 0x7e,
    0xe3, 0x8b, 0x7c, 0x24, 0x04, 0x39, 0x7c, 0x24, 0x0c, 0x7f, 0xd9, 0x3b,
    0x7c, 0x24, 0x10, 0x7d, 0xd3, 0x8b, 0x35, 0x94, 0x97, 0x00, 0x01, 0x81,
    0xe1, 0xff, 0xff, 0xff, 0x00, 0x83, 0xc0, 0x04, 0xc1, 0xee, 0x02, 0x0f,
    0xaf, 0xf7, 0x8b, 0x3d, 0xa0, 0x97, 0x00, 0x01, 0x01, 0xd6, 0x83, 0xc2,
    0x01, 0x89, 0x0c, 0xb7, 0x39, 0xc3, 0x75, 0xb6, 0x8d, 0x74, 0x26, 0x00,
    0x2e, 0x8d, 0xb4, 0x26, 0x00, 0x00, 0x00, 0x00, 0x8b, 0x7c, 0x24, 0x04,
    0x83, 0xeb, 0x80, 0xb8, 0x60, 0x6b, 0x00, 0x01, 0x83, 0xc7, 0x01, 0x39,
    0xd8, 0x0f, 0x85, 0x79, 0xff, 0xff, 0xff, 0x8b, 0x74, 0x24, 0x2c, 0xe9,
    0x6d, 0xf8, 0xff, 0xff, 0x8b, 0x44, 0x24, 0x08, 0xb9, 0xa0, 0x39, 0x00,
    0x01, 0x89, 0xfa, 0xe8, 0x60, 0xf4, 0xff, 0xff, 0xe9, 0x58, 0xf8, 0xff,
    0xff, 0x8b, 0x44, 0x24, 0x08, 0xb9, 0x80, 0x35, 0x00, 0x01, 0x89, 0xfa,
    0xe8, 0x4b, 0xf4, 0xff, 0xff, 0xa1, 0x64, 0x93, 0x00, 0x01, 0x89, 0x44,
    0x24, 0x10, 0xe9, 0x3a, 0xf8, 0xff, 0xff, 0x8b, 0x4c, 0x24, 0x04, 0x83,
    0xec, 0x08, 0x6a, 0x00, 0x6a, 0x01, 0x8b, 0x54, 0x24, 0x18, 0x83, 0xc1,
    0x02, 0xe8, 0x56, 0xee, 0xff, 0xff, 0x8b, 0x43, 0x18, 0x83, 0xc4, 0x08,
    0x8b, 0x53, 0x1c, 0x03, 0x53, 0x14, 0x8d, 0x48, 0x02, 0x8b, 0x43, 0x10,
    0x6a, 0x00, 0x83, 0xc2, 0x13, 0x6a, 0x01, 0xe8, 0x38, 0xee, 0xff, 0xff,
    0x59, 0x8b, 0x53, 0x14, 0x5e, 0x8b, 0x43, 0x10, 0x6a, 0x00, 0x8b, 0x73,
    0x1c, 0x8d, 0x4e, 0x14, 0x51, 0xb9, 0x01, 0x00, 0x00, 0x00, 0xe8, 0x1d,
    0xee, 0xff, 0xff, 0x59, 0x8b, 0x53, 0x14, 0x5e, 0x8b, 0x43, 0x18, 0x03,
    0x43, 0x10, 0x6a, 0x00, 0x8b, 0x73, 0x1c, 0x83, 0xc0, 0x01, 0x8d, 0x4e,
    0x14, 0x51, 0xb9, 0x01, 0x00, 0x00, 0x00, 0xe8, 0xfc, 0xed, 0xff, 0xff,
    0x58, 0xa1, 0x8c, 0x97, 0x00, 0x01, 0x5a, 0x39, 0x43, 0x04, 0xba, 0x7b,
    0x4e, 0x2e, 0x00, 0xb8, 0xb5, 0x7a, 0x4a, 0x00, 0x0f, 0x45, 0xc2, 0x8b,
    0x4b, 0x18, 0x89, 0x44, 0x24, 0x0c, 0x89, 0xc6, 0x8b, 0x43, 0x14, 0x8d,
    0x50, 0x01, 0x8b, 0x43, 0x10, 0x56, 0x6a, 0x12, 0x83, 0xc0, 0x01, 0xe8,
    0xc8, 0xed, 0xff, 0xff, 0x8b, 0x5b, 0x08, 0x83, 0xc4, 0x10, 0x85, 0xdb,
    0x0f, 0x84, 0x2d, 0x03, 0x00, 0x00, 0xb9, 0x00, 0x00, 0x00, 0x00, 0x0f,
    0x8e, 0x3f, 0x03, 0x00, 0x00, 0x89, 0x6c, 0x24, 0x08, 0xb8, 0xcd, 0xcc,
    0xcc, 0xcc, 0x89, 0xce, 0x83, 0xc1, 0x01, 0xf7, 0xe3, 0x89, 0xd8, 0xc1,
    0xea, 0x03, 0x8d, 0x2c, 0x92, 0x01, 0xed, 0x29, 0xe8, 0x83, 0xc0, 0x30,
    0x83, 0xfb, 0x09, 0x89, 0xd3, 0x88, 0x44, 0x0c, 0x53, 0x7f, 0xda, 0x8b,
    0x6c, 0x24, 0x08, 0x89, 0x4c, 0x24, 0x08, 0x8d, 0x44, 0x34, 0x54, 0x8d,
    0x74, 0x24, 0x4c, 0x89, 0xf2, 0x8d, 0x5c, 0x24, 0x53, 0x0f, 0xb6, 0x08,
    0x83, 0xe8, 0x01, 0x83, 0xc2, 0x01, 0x88, 0x4a, 0xff, 0x39, 0xc3, 0x75,
    0xf0, 0x8b, 0x4c, 0x24, 0x08, 0x01, 0xf1, 0xc6, 0x01, 0x00, 0xa1, 0x90,
    0x97, 0x00, 0x01, 0x83, 0xec, 0x04, 0x89, 0x44, 0x24, 0x18, 0xff, 0x74,
    0x24, 0x08, 0x68, 0xff, 0xff, 0xff, 0x00, 0x56, 0x6a, 0x00, 0x6a, 0x00,
    0x68, 0x00, 0x10, 0x00, 0x00, 0x50, 0xe8, 0x21, 0xeb, 0xff, 0xff, 0x83,
    0xc4, 0x20, 0x80, 0x7c, 0x24, 0x4c, 0x00, 0x0f, 0x84, 0xa9, 0x02, 0x00,
    0x00, 0x8d, 0x54, 0x24, 0x4d, 0xb8, 0x08, 0x00, 0x00, 0x00, 0x66, 0x90,
    0x2e, 0x8d, 0xb4, 0x26, 0x00, 0x00, 0x00, 0x00, 0x83, 0xc2, 0x01, 0x83,
    0xc0, 0x08, 0x80, 0x7a, 0xff, 0x00, 0x75, 0xf4, 0x8d, 0x14, 0x2f, 0x8b,
    0x0c, 0x95, 0xd0, 0x97, 0x00, 0x01, 0x8b, 0x1c, 0x95, 0xd4, 0x97, 0x00,
    0x01, 0x8b, 0x15, 0x70, 0x93, 0x00, 0x01, 0x8d, 0x71, 0x07, 0x89, 0x5c,
    0x24, 0x20, 0x39, 0xd6, 0x89, 0x54, 0x24, 0x2c, 0x0f, 0x4d, 0xd6, 0x83,
    0xc3, 0x02, 0x89, 0x74, 0x24, 0x10, 0x89, 0x54, 0x24, 0x0c, 0x8b, 0x15,
    0x6c, 0x93, 0x00, 0x01, 0x39, 0xd3, 0x89, 0x54, 0x24, 0x30, 0x0f, 0x4c,
    0xda, 0x8b, 0x15, 0x68, 0x93, 0x00, 0x01, 0x01, 0xf0, 0x39, 0xd0, 0x89,
    0x54, 0x24, 0x34, 0x0f, 0x4f, 0xc2, 0x8b, 0x15, 0x64, 0x93, 0x00, 0x01,
    0x89, 0xc6, 0x8b, 0x44, 0x24, 0x20, 0x89, 0x54, 0x24, 0x38, 0x83, 0xc0,
    0x12, 0x39, 0xd0, 0x0f, 0x4f, 0xc2, 0x89, 0x44, 0x24, 0x04, 0x39, 0x74,
    0x24, 0x0c, 0x0f, 0x8d, 0x16, 0x01, 0x00, 0x00, 0x39, 0xc3, 0x0f, 0x8d,
    0x0e, 0x01, 0x00, 0x00, 0x8b, 0x0d, 0x94, 0x97, 0x00, 0x01, 0x89, 0xf2,
    0x8b, 0x74, 0x24, 0x0c, 0x89, 0xc8, 0x83, 0xe1, 0xfc, 0x29, 0xf2, 0xc1,
    0xe8, 0x02, 0x89, 0x4c, 0x24, 0x3c, 0x8b, 0x0d, 0xa0, 0x97, 0x00, 0x01,
    0x0f, 0xaf, 0xc3, 0x89, 0x54, 0x24, 0x08, 0x89, 0xda, 0x2b, 0x54, 0x24,
    0x20, 0x01, 0xf0, 0x8b, 0x74, 0x24, 0x14, 0x8d, 0x04, 0x81, 0x89, 0xd1,
    0x8b, 0x54, 0x24, 0x0c, 0x2b, 0x54, 0x24, 0x10, 0xc1, 0xe1, 0x0a, 0x89,
    0x6c, 0x24, 0x0c, 0x01, 0xd1, 0x89, 0x7c, 0x24, 0x10, 0x89, 0xc7, 0x8d,
    0xac, 0x8e, 0x00, 0xe0, 0xff, 0xff, 0x8b, 0x74, 0x24, 0x3c, 0x8b, 0x4c,
    0x24, 0x08, 0x89, 0xea, 0x89, 0xf8, 0x83, 0xc3, 0x01, 0x01, 0xf7, 0x81,
    0xc5, 0x00, 0x10, 0x00, 0x00, 0xe8, 0x72, 0xeb, 0xff, 0xff, 0x39, 0x5c,
    0x24, 0x04, 0x7f, 0xe2, 0x8b, 0x1d, 0x94, 0x97, 0x00, 0x01, 0x8b, 0x6c,
    0x24, 0x0c, 0x8b, 0x7c, 0x24, 0x10, 0x8b, 0x35, 0xa0, 0x97, 0x00, 0x01,
    0xc1, 0xeb, 0x02, 0x8d, 0x04, 0x9d, 0x04, 0x00, 0x00, 0x00, 0x89, 0x44,
    0x24, 0x04, 0x8d, 0x04, 0x2f, 0x8d, 0x04, 0x85, 0xc0, 0x97, 0x00, 0x01,
    0x8b, 0x50, 0x18, 0x03, 0x50, 0x10, 0x8b, 0x40, 0x14, 0x83, 0xc0, 0x02,
    0x0f, 0xaf, 0xc3, 0x8d, 0x1c, 0x9d, 0xfc, 0xff, 0xff, 0xff, 0x8d, 0x44,
    0x02, 0x01, 0xc1, 0xe0, 0x02, 0x8d, 0x4c, 0x06, 0xb8, 0x8d, 0x54, 0x06,
    0xf4, 0x8b, 0x74, 0x24, 0x04, 0xb8, 0x10, 0x00, 0x00, 0x00, 0x66, 0x90,
    0x2e, 0x8d, 0xb4, 0x26, 0x00, 0x00, 0x00, 0x00, 0x2e, 0x8d, 0xb4, 0x26,
    0x00, 0x00, 0x00, 0x00, 0xc7, 0x01, 0xff, 0xff, 0xff, 0x00, 0x01, 0xf1,
    0xc7, 0x02, 0xff, 0xff, 0xff, 0x00, 0x01, 0xda, 0x83, 0xe8, 0x01, 0x75,
    0xeb, 0x8d, 0x04, 0x2f, 0x8b, 0x0c, 0x85, 0xd0, 0x97, 0x00, 0x01, 0x8b,
    0x04, 0x85, 0xd4, 0x97, 0x00, 0x01, 0x89, 0x44, 0x24, 0x20, 0x8b, 0x74,
    0x24, 0x2c, 0x8b, 0x44, 0x24, 0x20, 0x83, 0xc1, 0x01, 0x8b, 0x5c, 0x24,
    0x30, 0x83, 0xc0, 0x13, 0x39, 0xf1, 0x0f, 0x4d, 0xf1, 0x39, 0xd8, 0x0f,
    0x4d, 0xd8, 0x01, 0xef, 0x8b, 0x6c, 0x24, 0x34, 0x89, 0x7c, 0x24, 0x14,
    0x8d, 0x3c, 0xbd, 0xc0, 0x97, 0x00, 0x01, 0x89, 0x74, 0x24, 0x08, 0x8b,
    0x77, 0x18, 0x89, 0x74, 0x24, 0x2c, 0x01, 0xce, 0x39, 0xee, 0x89, 0xf2,
    0x0f, 0x4f, 0xd5, 0x8b, 0x6c, 0x24, 0x38, 0x03, 0x47, 0x1c, 0x39, 0xe8,
    0x0f, 0x4f, 0xc5, 0x89, 0x44, 0x24, 0x04, 0x39, 0x54, 0x24, 0x08, 0x0f,
    0x8d, 0x83, 0x00, 0x00, 0x00, 0x3b, 0x5c, 0x24, 0x04, 0x7d, 0x7d, 0x8b,
    0x7f, 0x0c, 0x8b, 0x6c, 0x24, 0x08, 0x83, 0xc7, 0x30, 0x29, 0xea, 0xc1,
    0xe7, 0x14, 0x89, 0x54, 0x24, 0x08, 0x89, 0xea, 0x89, 0xfe, 0x8b, 0x3d,
    0x94, 0x97, 0x00, 0x01, 0x29, 0xca, 0x8b, 0x0d, 0xa0, 0x97, 0x00, 0x01,
    0x89, 0x54, 0x24, 0x0c, 0x89, 0xf8, 0x83, 0xe7, 0xfc, 0xc1, 0xe8, 0x02,
    0x89, 0x7c, 0x24, 0x10, 0x0f, 0xaf, 0xc3, 0x01, 0xe8, 0xbd, 0xed, 0xff,
    0xff, 0xff, 0x2b, 0x6c, 0x24, 0x20, 0x8d, 0x3c, 0x81, 0x8b, 0x4c, 0x24,
    0x2c, 0xeb, 0x0f, 0x8b, 0x44, 0x24, 0x14, 0x03, 0x7c, 0x24, 0x10, 0x8b,
    0x0c, 0x85, 0xd8, 0x97, 0x00, 0x01, 0x8d, 0x54, 0x1d, 0x00, 0x89, 0xf8,
    0x83, 0xc3, 0x01, 0x0f, 0xaf, 0xd1, 0x8b, 0x4c, 0x24, 0x08, 0x03, 0x54,
    0x24, 0x0c, 0x8d, 0x14, 0x96, 0xe8, 0xfe, 0xe9, 0xff, 0xff, 0x39, 0x5c,
    0x24, 0x04, 0x7f, 0xcf, 0x8b, 0x15, 0xe0, 0x98, 0x00, 0x01, 0xe9, 0xad,
    0xf6, 0xff, 0xff, 0xb8, 0x30, 0x00, 0x00, 0x00, 0x8d, 0x74, 0x24, 0x4c,
    0x66, 0x89, 0x44, 0x24, 0x4c, 0xe9, 0x24, 0xfd, 0xff, 0xff, 0xb8, 0x08,
    0x00, 0x00, 0x00, 0xe9, 0x6c, 0xfd, 0xff, 0xff, 0x8d, 0x74, 0x24, 0x4c,
    0x89, 0xf1, 0xe9, 0x0c, 0xfd, 0xff, 0xff, 0x66, 0x90, 0x66, 0x90, 0x90,
    0x55, 0x57, 0x56, 0x53, 0x83, 0xec, 0x4c, 0x8b, 0x7c, 0x24, 0x60, 0x85,
    0xff, 0x0f, 0x84, 0x3f, 0x06, 0x00, 0x00, 0x8b, 0x74, 0x24, 0x78, 0x85,
    0xf6, 0x0f, 0x84, 0x33, 0x06, 0x00, 0x00, 0x8b, 0x4c, 0x24, 0x68, 0x8b,
    0x5c, 0x24, 0x6c, 0x85, 0xc9, 0x0f, 0x94, 0xc0, 0x85, 0xdb, 0x0f, 0x94,
    0xc2, 0x08, 0xd0, 0x0f, 0x85, 0x19, 0x06, 0x00, 0x00, 0x83, 0x7c, 0x24,
    0x64, 0x05, 0x0f, 0x86, 0x0e, 0x06, 0x00, 0x00, 0x8b, 0x44, 0x24, 0x60,
    0x66, 0x83, 0x38, 0x00, 0x0f, 0x85, 0x00, 0x06, 0x00, 0x00, 0x66, 0x83,
    0x78, 0x02, 0x01, 0x0f, 0x85, 0xf5, 0x05, 0x00, 0x00, 0x0f, 0xb7, 0x40,
    0x04, 0x89, 0x44, 0x24, 0x0c, 0x85, 0xc0, 0x0f, 0x84, 0xe5, 0x05, 0x00,
    0x00, 0xc1, 0xe0, 0x04, 0x83, 0xc0, 0x06, 0x39, 0x44, 0x24, 0x64, 0x0f,
    0x82, 0xd5, 0x05, 0x00, 0x00, 0x8b, 0x5c, 0x24, 0x68, 0x0f, 0xaf, 0x5c,
    0x24, 0x6c, 0x31, 0xc9, 0xbf, 0x00, 0x01, 0x00, 0x00, 0x8b, 0x44, 0x24,
    0x60, 0xc7, 0x44, 0x24, 0x08, 0x00, 0x00, 0x00, 0x00, 0xc7, 0x44, 0x24,
    0x04, 0xff, 0xff, 0xff, 0xff, 0xc7, 0x04, 0x24, 0xff, 0xff, 0xff, 0xff,
    0x8d, 0x50, 0x06, 0x89, 0xde, 0x8d, 0x76, 0x00, 0x0f, 0xb6, 0x2a, 0x89,
    0xf3, 0x89, 0xe8, 0x84, 0xc0, 0x0f, 0xb6, 0x42, 0x01, 0x0f, 0x44, 0xef,
    0x84, 0xc0, 0x0f, 0x44, 0xc7, 0x0f, 0xaf, 0xc5, 0x89, 0xc5, 0x29, 0xc3,
    0x29, 0xf5, 0x39, 0xc6, 0x0f, 0x42, 0xdd, 0x8b, 0x2c, 0x24, 0x39, 0xeb,
    0x72, 0x0a, 0x39, 0xdd, 0x75, 0x11, 0x39, 0x44, 0x24, 0x08, 0x73, 0x0b,
    0x89, 0x4c, 0x24, 0x04, 0x89, 0x44, 0x24, 0x08, 0x89, 0x1c, 0x24, 0x83,
    0xc1, 0x01, 0x83, 0xc2, 0x10, 0x39, 0x4c, 0x24, 0x0c, 0x75, 0xb5, 0x8b,
    0x44, 0x24, 0x04, 0x83, 0xf8, 0xff, 0x0f, 0x84, 0x24, 0x03, 0x00, 0x00,
    0x8b, 0x7c, 0x24, 0x60, 0xc1, 0xe0, 0x04, 0x8d, 0x44, 0x07, 0x06, 0x89,
    0x04, 0x24, 0x8b, 0x40, 0x0c, 0x8d, 0x50, 0x28, 0x39, 0x54, 0x24, 0x64,
    0x0f, 0x82, 0x2c, 0x05, 0x00, 0x00, 0x0f, 0xb6, 0x1c, 0x07, 0x0f, 0xb6,
    0x54, 0x07, 0x01, 0x0f, 0xb6, 0x4c, 0x07, 0x02, 0x0f, 0xb6, 0x74, 0x07,
    0x03, 0x80, 0xfb, 0x89, 0x0f, 0x84, 0x4f, 0x03, 0x00, 0x00, 0xc1, 0xe2,
    0x08, 0xc1, 0xe1, 0x10, 0x09, 0xd1, 0x89, 0xf2, 0x09, 0xcb, 0xc1, 0xe2,
    0x18, 0x09, 0xd3, 0x83, 0xfb, 0x27, 0x0f, 0x86, 0xe9, 0x04, 0x00, 0x00,
    0x8b, 0x7c, 0x24, 0x60, 0x0f, 0xb6, 0x4c, 0x07, 0x05, 0x0f, 0xb6, 0x54,
    0x07, 0x06, 0xc1, 0xe1, 0x08, 0xc1, 0xe2, 0x10, 0x09, 0xca, 0x0f, 0xb6,
    0x4c, 0x07, 0x04, 0x09, 0xca, 0x0f, 0xb6, 0x4c, 0x07, 0x07, 0xc1, 0xe1,
    0x18, 0x09, 0xca, 0x89, 0x54, 0x24, 0x04, 0x0f, 0x84, 0xb8, 0x04, 0x00,
    0x00, 0x0f, 0xb6, 0x4c, 0x07, 0x09, 0x0f, 0xb6, 0x54, 0x07, 0x0a, 0xc1,
    0xe1, 0x08, 0xc1, 0xe2, 0x10, 0x09, 0xca, 0x0f, 0xb6, 0x4c, 0x07, 0x08,
    0x09, 0xca, 0x0f, 0xb6, 0x4c, 0x07, 0x0b, 0x89, 0xd7, 0xc1, 0xe1, 0x18,
    0x09, 0xcf, 0x89, 0xfe, 0xd1, 0xee, 0x89, 0x74, 0x24, 0x28, 0x0f, 0x84,
    0x85, 0x04, 0x00, 0x00, 0x8b, 0x74, 0x24, 0x60, 0x0f, 0xb6, 0x54, 0x06,
    0x0f, 0x0f, 0xb6, 0x4c, 0x06, 0x0e, 0xc1, 0xe2, 0x08, 0x09, 0xca, 0x31,
    0xc9, 0x89, 0x54, 0x24, 0x0c, 0x83, 0xfa, 0x08, 0x0f, 0x86, 0x56, 0x02,
    0x00, 0x00, 0x8b, 0x74, 0x24, 0x04, 0x8b, 0x6c, 0x24, 0x0c, 0x01, 0xc3,
    0x01, 0xd9, 0x89, 0x5c, 0x24, 0x1c, 0x8b, 0x5c, 0x24, 0x28, 0x89, 0xf2,
    0x89, 0x4c, 0x24, 0x34, 0x0f, 0xaf, 0xd5, 0x83, 0xc2, 0x1f, 0xc1, 0xea,
    0x05, 0x8d, 0x2c, 0x95, 0x00, 0x00, 0x00, 0x00, 0x8d, 0x56, 0x1f, 0xc1,
    0xea, 0x05, 0x89, 0x6c, 0x24, 0x30, 0xc1, 0xe2, 0x02, 0x89, 0x54, 0x24,
    0x2c, 0x89, 0xda, 0x0f, 0xaf, 0xd5, 0x8d, 0x2c, 0x0a, 0x8b, 0x54, 0x24,
    0x2c, 0x89, 0x6c, 0x24, 0x38, 0x0f, 0xaf, 0xd3, 0x01, 0xea, 0x39, 0x54,
    0x24, 0x64, 0x0f, 0x82, 0x16, 0x04, 0x00, 0x00, 0x29, 0xc2, 0x8b, 0x04,
    0x24, 0x39, 0x50, 0x08, 0x0f, 0x82, 0x08, 0x04, 0x00, 0x00, 0x8b, 0x54,
    0x24, 0x6c, 0x8b, 0x44, 0x24, 0x68, 0x0f, 0xaf, 0xd6, 0x0f, 0xaf, 0xc3,
    0x39, 0xc2, 0x0f, 0x83, 0x1c, 0x02, 0x00, 0x00, 0x89, 0xf8, 0x8b, 0x4c,
    0x24, 0x6c, 0xc1, 0xe8, 0x02, 0x01, 0xd0, 0x31, 0xd2, 0xf7, 0x74, 0x24,
    0x28, 0x8b, 0x54, 0x24, 0x78, 0x8b, 0x6c, 0x24, 0x6c, 0x85, 0xc0, 0xbf,
    0x01, 0x00, 0x00, 0x00, 0x0f, 0x45, 0xf8, 0x85, 0xc9, 0xb8, 0x01, 0x00,
    0x00, 0x00, 0x0f, 0x45, 0xc1, 0x31, 0xc9, 0x89, 0x7c, 0x24, 0x10, 0x89,
    0xc3, 0x89, 0x44, 0x24, 0x20, 0x8b, 0x44, 0x24, 0x68, 0x29, 0xf8, 0xd1,
    0xe8, 0x89, 0xc6, 0x8b, 0x44, 0x24, 0x6c, 0x89, 0x34, 0x24, 0x29, 0xd8,
    0xd1, 0xe8, 0x89, 0xc3, 0x8b, 0x44, 0x24, 0x68, 0x89, 0x5c, 0x24, 0x08,
    0x8b, 0x5c, 0x24, 0x68, 0xc1, 0xe0, 0x02, 0x89, 0x44, 0x24, 0x3c, 0x89,
    0xc7, 0x8d, 0x76, 0x00, 0x2e, 0x8d, 0xb4, 0x26, 0x00, 0x00, 0x00, 0x00,
    0xb8, 0x01, 0x00, 0x00, 0x00, 0xc7, 0x02, 0x00, 0x00, 0x00, 0x00, 0x8d,
    0x73, 0xff, 0x39, 0xd8, 0x73, 0x34, 0x83, 0xe6, 0x01, 0x74, 0x19, 0xb8,
    0x02, 0x00, 0x00, 0x00, 0xc7, 0x42, 0x04, 0x00, 0x00, 0x00, 0x00, 0x39,
    0xd8, 0x73, 0x1f, 0x90, 0x2e, 0x8d, 0xb4, 0x26, 0x00, 0x00, 0x00, 0x00,
    0xc7, 0x04, 0x82, 0x00, 0x00, 0x00, 0x00, 0xc7, 0x44, 0x82, 0x04, 0x00,
    0x00, 0x00, 0x00, 0x83, 0xc0, 0x02, 0x39, 0xd8, 0x72, 0xea, 0x83, 0xc1,
    0x01, 0x01, 0xfa, 0x39, 0xe9, 0x72, 0xb1, 0x8b, 0x44, 0x24, 0x28, 0x8b,
    0x34, 0x24, 0xc7, 0x44, 0x24, 0x18, 0x00, 0x00, 0x00, 0x00, 0x8b, 0x7c,
    0x24, 0x10, 0x8b, 0x5c, 0x24, 0x08, 0xc7, 0x44, 0x24, 0x14, 0x00, 0x00,
    0x00, 0x00, 0x0f, 0xaf, 0x5c, 0x24, 0x68, 0x83, 0xe8, 0x01, 0x8b, 0x6c,
    0x24, 0x04, 0x89, 0x44, 0x24, 0x40, 0x8d, 0x04, 0x3e, 0x8b, 0x74, 0x24,
    0x78, 0x01, 0xd8, 0x8d, 0x04, 0x86, 0x89, 0x04, 0x24, 0x8d, 0x04, 0xbd,
    0x00, 0x00, 0x00, 0x00, 0x89, 0x44, 0x24, 0x44, 0x2e, 0x8d, 0xb4, 0x26,
    0x00, 0x00, 0x00, 0x00, 0x8b, 0x44, 0x24, 0x18, 0x31, 0xd2, 0x89, 0x6c,
    0x24, 0x08, 0x31, 0xdb, 0x8b, 0x34, 0x24, 0x89, 0xfd, 0x2b, 0x74, 0x24,
    0x44, 0xf7, 0x74, 0x24, 0x20, 0x8b, 0x54, 0x24, 0x40, 0x29, 0xc2, 0x8b,
    0x44, 0x24, 0x30, 0x0f, 0xaf, 0xc2, 0x03, 0x44, 0x24, 0x34, 0x0f, 0xaf,
    0x54, 0x24, 0x2c, 0x89, 0x44, 0x24, 0x04, 0x8b, 0x44, 0x24, 0x38, 0x01,
    0xd0, 0x89, 0x44, 0x24, 0x10, 0x8b, 0x4c, 0x24, 0x0c, 0x89, 0xd8, 0x31,
    0xd2, 0xf7, 0xf5, 0x83, 0xf9, 0x20, 0x77, 0x0c, 0xff, 0x24, 0x8d, 0x40,
    0x4e, 0x00, 0x01, 0x2e, 0x8d, 0x74, 0x26, 0x00, 0x31, 0xd2, 0x89, 0x16,
    0x03, 0x5c, 0x24, 0x08, 0x83, 0xc6, 0x04, 0x3b, 0x34, 0x24, 0x75, 0xd5,
    0x89, 0xef, 0x8b, 0x6c, 0x24, 0x08, 0x8b, 0x5c, 0x24, 0x28, 0x83, 0x44,
    0x24, 0x14, 0x01, 0x01, 0x5c, 0x24, 0x18, 0x8b, 0x44, 0x24, 0x14, 0x8b,
    0x5c, 0x24, 0x3c, 0x01, 0x1c, 0x24, 0x3b, 0x44, 0x24, 0x20, 0x0f, 0x85,
    0x70, 0xff, 0xff, 0xff, 0x8b, 0x54, 0x24, 0x70, 0x85, 0xd2, 0x74, 0x0a,
    0x8b, 0x44, 0x24, 0x70, 0x8b, 0x7c, 0x24, 0x68, 0x89, 0x38, 0x8b, 0x44,
    0x24, 0x74, 0x85, 0xc0, 0x74, 0x0a, 0x8b, 0x44, 0x24, 0x74, 0x8b, 0x7c,
    0x24, 0x6c, 0x89, 0x38, 0xc7, 0x44, 0x24, 0x04, 0x00, 0x00, 0x00, 0x00,
    0x8b, 0x44, 0x24, 0x04, 0x83, 0xc4, 0x4c, 0x5b, 0x5e, 0x5f, 0x5d, 0xc3,
    0x8b, 0x74, 0x24, 0x60, 0x0f, 0xb6, 0x4c, 0x06, 0x21, 0x0f, 0xb6, 0x54,
    0x06, 0x22, 0xc1, 0xe1, 0x08, 0xc1, 0xe2, 0x10, 0x09, 0xca, 0x0f, 0xb6,
    0x4c, 0x06, 0x20, 0x09, 0xca, 0x0f, 0xb6, 0x4c, 0x06, 0x23, 0xbe, 0x01,
    0x00, 0x00, 0x00, 0xc1, 0xe1, 0x18, 0x89, 0xcd, 0x0f, 0xb6, 0x4c, 0x24,
    0x0c, 0xd3, 0xe6, 0x09, 0xea, 0x0f, 0x44, 0xd6, 0x8d, 0x0c, 0x95, 0x00,
    0x00, 0x00, 0x00, 0xe9, 0x66, 0xfd, 0xff, 0xff, 0x89, 0xf2, 0xd1, 0xea,
    0x01, 0xd0, 0x31, 0xd2, 0xf7, 0xf6, 0x89, 0xc1, 0x8b, 0x44, 0x24, 0x68,
    0xe9, 0xe0, 0xfd, 0xff, 0xff, 0x80, 0xfa, 0x50, 0x0f, 0x84, 0x97, 0x01,
    0x00, 0x00, 0xc1, 0xe2, 0x08, 0xc1, 0xe1, 0x10, 0x09, 0xca, 0xc1, 0xe6,
    0x18, 0x80, 0xca, 0x89, 0x89, 0xd3, 0x09, 0xf3, 0xe9, 0xab, 0xfc, 0xff,
    0xff, 0x8b, 0x7c, 0x24, 0x08, 0x89, 0xf1, 0xeb, 0x22, 0x8d, 0xb4, 0x26,
    0x00, 0x00, 0x00, 0x00, 0xc7, 0x41, 0x04, 0x00, 0x00, 0x00, 0x00, 0x83,
    0xc1, 0x08, 0x39, 0x0c, 0x24, 0x0f, 0x84, 0x1c, 0x01, 0x00, 0x00, 0x01,
    0xfb, 0x31, 0xd2, 0x89, 0xd8, 0xf7, 0xf5, 0x8b, 0x74, 0x24, 0x04, 0x89,
    0xc2, 0xd1, 0xea, 0x01, 0xf2, 0x3b, 0x54, 0x24, 0x64, 0x0f, 0x82, 0x39,
    0x01, 0x00, 0x00, 0x8d, 0x51, 0x04, 0xc7, 0x01, 0x00, 0x00, 0x00, 0x00,
    0x89, 0x54, 0x24, 0x48, 0x39, 0x14, 0x24, 0x0f, 0x84, 0xea, 0x00, 0x00,
    0x00, 0x01, 0xfb, 0x31, 0xd2, 0x89, 0xd8, 0xf7, 0xf5, 0x89, 0xc2, 0xd1,
    0xea, 0x01, 0xf2, 0x3b, 0x54, 0x24, 0x64, 0x73, 0xa7, 0x8b, 0x74, 0x24,
    0x60, 0x0f, 0xb6, 0x14, 0x16, 0x8b, 0x74, 0x24, 0x1c, 0x89, 0xd1, 0xc0,
    0xea, 0x04, 0x83, 0xe1, 0x0f, 0xa8, 0x01, 0x0f, 0x45, 0xd1, 0x0f, 0xb6,
    0xd2, 0x8d, 0x14, 0x96, 0x8d, 0x4a, 0x03, 0x3b, 0x4c, 0x24, 0x64, 0x0f,
    0x83, 0xbb, 0x00, 0x00, 0x00, 0x89, 0x7c, 0x24, 0x08, 0x8b, 0x74, 0x24,
    0x48, 0x89, 0x54, 0x24, 0x24, 0x89, 0xc1, 0x31, 0xd2, 0xc1, 0xe9, 0x03,
    0x03, 0x4c, 0x24, 0x10, 0x3b, 0x4c, 0x24, 0x64, 0x0f, 0x83, 0x64, 0xfe,
    0xff, 0xff, 0x8b, 0x7c, 0x24, 0x60, 0x83, 0xe0, 0x07, 0x0f, 0xb6, 0x3c,
    0x0f, 0x89, 0xc1, 0xb8, 0x80, 0x00, 0x00, 0x00, 0xd3, 0xf8, 0x85, 0xc7,
    0x0f, 0x85, 0x48, 0xfe, 0xff, 0xff, 0x8b, 0x7c, 0x24, 0x24, 0x8b, 0x44,
    0x24, 0x60, 0x0f, 0xb6, 0x54, 0x38, 0x02, 0x0f, 0xb6, 0x44, 0x38, 0x01,
    0xc1, 0xe2, 0x10, 0xc1, 0xe0, 0x08, 0x09, 0xc2, 0x8b, 0x44, 0x24, 0x60,
    0x0f, 0xb6, 0x04, 0x38, 0x09, 0xc2, 0x81, 0xca, 0x00, 0x00, 0x00, 0xff,
    0xe9, 0x19, 0xfe, 0xff, 0xff, 0x8d, 0x41, 0x04, 0xc7, 0x01, 0x00, 0x00,
    0x00, 0x00, 0x89, 0x44, 0x24, 0x48, 0x3b, 0x04, 0x24, 0x74, 0x2c, 0x01,
    0xfb, 0x31, 0xd2, 0x8b, 0x74, 0x24, 0x04, 0x89, 0xd8, 0xf7, 0xf5, 0x8d,
    0x14, 0x30, 0x3b, 0x54, 0x24, 0x64, 0x0f, 0x82, 0x24, 0x02, 0x00, 0x00,
    0xc7, 0x41, 0x04, 0x00, 0x00, 0x00, 0x00, 0x83, 0xc1, 0x08, 0x39, 0x0c,
    0x24, 0x0f, 0x85, 0x31, 0x01, 0x00, 0x00, 0x89, 0xe8, 0x89, 0xfd, 0x89,
    0xc7, 0xe9, 0xe4, 0xfd, 0xff, 0xff, 0x8d, 0xb6, 0x00, 0x00, 0x00, 0x00,
    0x8b, 0x4c, 0x24, 0x48, 0xc7, 0x01, 0x00, 0x00, 0x00, 0x00, 0x83, 0xc1,
    0x04, 0x39, 0x0c, 0x24, 0x0f, 0x85, 0xbd, 0xfe, 0xff, 0xff, 0x89, 0xe8,
    0x89, 0xfd, 0x89, 0xc7, 0xe9, 0xbd, 0xfd, 0xff, 0xff, 0x8d, 0xb4, 0x26,
    0x00, 0x00, 0x00, 0x00, 0x89, 0x4c, 0x24, 0x48, 0xe9, 0xe8, 0xfe, 0xff,
    0xff, 0x80, 0xf9, 0x4e, 0x0f, 0x85, 0x60, 0xfe, 0xff, 0xff, 0x89, 0xf3,
    0x80, 0xfb, 0x47, 0x0f, 0x85, 0x55, 0xfe, 0xff, 0xff, 0xc7, 0x44, 0x24,
    0x04, 0xfe, 0xff, 0xff, 0xff, 0xe9, 0xda, 0xfd, 0xff, 0xff, 0xc7, 0x44,
    0x24, 0x04, 0xff, 0xff, 0xff, 0xff, 0x8b, 0x44, 0x24, 0x04, 0x83, 0xc4,
    0x4c, 0x5b, 0x5e, 0x5f, 0x5d, 0xc3, 0x8b, 0x7c, 0x24, 0x08, 0xeb, 0x3c,
    0x8d, 0x74, 0x26, 0x00, 0x2e, 0x8d, 0xb4, 0x26, 0x00, 0x00, 0x00, 0x00,
    0x2e, 0x8d, 0xb4, 0x26, 0x00, 0x00, 0x00, 0x00, 0xc7, 0x06, 0x00, 0x00,
    0x00, 0x00, 0x83, 0xc6, 0x04, 0x3b, 0x34, 0x24, 0x0f, 0x84, 0x5d, 0xff,
    0xff, 0xff, 0x8d, 0xb6, 0x00, 0x00, 0x00, 0x00, 0x2e, 0x8d, 0xb4, 0x26,
    0x00, 0x00, 0x00, 0x00, 0x01, 0xfb, 0x31, 0xd2, 0x89, 0xd8, 0xf7, 0xf5,
    0x89, 0xc2, 0xc1, 0xea, 0x03, 0x03, 0x54, 0x24, 0x04, 0x3b, 0x54, 0x24,
    0x64, 0x73, 0xc9, 0x8b, 0x4c, 0x24, 0x60, 0x0f, 0xb6, 0x14, 0x11, 0x89,
    0xc1, 0xf7, 0xd1, 0x83, 0xe1, 0x07, 0xd3, 0xfa, 0x8b, 0x4c, 0x24, 0x1c,
    0x83, 0xe2, 0x01, 0x8d, 0x14, 0x91, 0x8d, 0x4a, 0x03, 0x3b, 0x4c, 0x24,
    0x64, 0x0f, 0x83, 0x81, 0x00, 0x00, 0x00, 0x89, 0x7c, 0x24, 0x08, 0x89,
    0x54, 0x24, 0x24, 0xe9, 0x65, 0xfe, 0xff, 0xff, 0x8b, 0x7c, 0x24, 0x08,
    0x89, 0xf1, 0xeb, 0x34, 0x8d, 0x74, 0x26, 0x00, 0x2e, 0x8d, 0xb4, 0x26,
    0x00, 0x00, 0x00, 0x00, 0xc7, 0x01, 0x00, 0x00, 0x00, 0x00, 0x83, 0xc1,
    0x04, 0x3b, 0x0c, 0x24, 0x0f, 0x84, 0xdd, 0xfe, 0xff, 0xff, 0x8d, 0xb6,
    0x00, 0x00, 0x00, 0x00, 0x2e, 0x8d, 0xb4, 0x26, 0x00, 0x00, 0x00, 0x00,
    0x01, 0xfb, 0x31, 0xd2, 0x89, 0xd8, 0xf7, 0xf5, 0x8b, 0x74, 0x24, 0x04,
    0x8d, 0x14, 0x06, 0x3b, 0x54, 0x24, 0x64, 0x73, 0xcb, 0x8b, 0x74, 0x24,
    0x60, 0x0f, 0xb6, 0x14, 0x16, 0x8b, 0x74, 0x24, 0x1c, 0x8d, 0x14, 0x96,
    0x8d, 0x72, 0x03, 0x3b, 0x74, 0x24, 0x64, 0x0f, 0x83, 0x60, 0xfe, 0xff,
    0xff, 0x89, 0x7c, 0x24, 0x08, 0x89, 0xce, 0x89, 0x54, 0x24, 0x24, 0xe9,
    0xf1, 0xfd, 0xff, 0xff, 0x8d, 0x46, 0x04, 0xc7, 0x06, 0x00, 0x00, 0x00,
    0x00, 0x89, 0x44, 0x24, 0x48, 0x3b, 0x04, 0x24, 0x0f, 0x84, 0x79, 0xfe,
    0xff, 0xff, 0x01, 0xfb, 0x31, 0xd2, 0x89, 0xd8, 0xf7, 0xf5, 0x89, 0xc2,
    0xc1, 0xea, 0x03, 0x03, 0x54, 0x24, 0x04, 0x3b, 0x54, 0x24, 0x64, 0x72,
    0x23, 0xc7, 0x46, 0x04, 0x00, 0x00, 0x00, 0x00, 0x83, 0xc6, 0x08, 0x39,
    0x34, 0x24, 0x0f, 0x85, 0x00, 0xff, 0xff, 0xff, 0x89, 0xe8, 0x89, 0xfd,
    0x89, 0xc7, 0xe9, 0x33, 0xfc, 0xff, 0xff, 0x2e, 0x8d, 0x74, 0x26, 0x00,
    0x8b, 0x4c, 0x24, 0x60, 0x0f, 0xb6, 0x14, 0x11, 0x89, 0xc1, 0xf7, 0xd1,
    0x83, 0xe1, 0x07, 0xd3, 0xfa, 0x8b, 0x4c, 0x24, 0x1c, 0x83, 0xe2, 0x01,
    0x8d, 0x14, 0x91, 0x8d, 0x4a, 0x03, 0x3b, 0x4c, 0x24, 0x64, 0x0f, 0x82,
    0x6d, 0xfd, 0xff, 0xff, 0x8b, 0x44, 0x24, 0x48, 0x83, 0xc6, 0x08, 0xc7,
    0x00, 0x00, 0x00, 0x00, 0x00, 0x39, 0x34, 0x24, 0x0f, 0x85, 0xb2, 0xfe,
    0xff, 0xff, 0x89, 0xe8, 0x89, 0xfd, 0x89, 0xc7, 0xe9, 0xe5, 0xfb, 0xff,
    0xff, 0x8d, 0xb4, 0x26, 0x00, 0x00, 0x00, 0x00, 0x8b, 0x74, 0x24, 0x60,
    0x0f, 0xb6, 0x14, 0x16, 0x8b, 0x74, 0x24, 0x1c, 0x8d, 0x14, 0x96, 0x8d,
    0x72, 0x03, 0x3b, 0x74, 0x24, 0x64, 0x0f, 0x82, 0x29, 0xfd, 0xff, 0xff,
    0x8b, 0x44, 0x24, 0x48, 0x83, 0xc1, 0x08, 0xc7, 0x00, 0x00, 0x00, 0x00,
    0x00, 0x39, 0x0c, 0x24, 0x0f, 0x85, 0xee, 0xfe, 0xff, 0xff, 0x89, 0xe8,
    0x89, 0xfd, 0x89, 0xc7, 0xe9, 0xa1, 0xfb, 0xff, 0xff, 0x89, 0xef, 0x8b,
    0x6c, 0x24, 0x08, 0x89, 0x7c, 0x24, 0x08, 0xe9, 0x7e, 0x00, 0x00, 0x00,
    0x8d, 0x74, 0x26, 0x00, 0x89, 0xc2, 0xc1, 0xea, 0x03, 0x03, 0x54, 0x24,
    0x10, 0x3b, 0x54, 0x24, 0x64, 0x0f, 0x83, 0x58, 0x01, 0x00, 0x00, 0x8b,
    0x7c, 0x24, 0x60, 0x83, 0xe0, 0x07, 0x89, 0xc1, 0x0f, 0xb6, 0x14, 0x17,
    0xbf, 0x80, 0x00, 0x00, 0x00, 0xd3, 0xff, 0x85, 0xfa, 0x0f, 0x85, 0x3c,
    0x01, 0x00, 0x00, 0x8b, 0x44, 0x24, 0x60, 0x8b, 0x7c, 0x24, 0x24, 0x80,
    0x7c, 0x38, 0x03, 0x00, 0x0f, 0x89, 0x29, 0x01, 0x00, 0x00, 0x8b, 0x4c,
    0x24, 0x60, 0x0f, 0xb6, 0x44, 0x38, 0x02, 0x83, 0xc6, 0x04, 0x0f, 0xb6,
    0x54, 0x39, 0x01, 0xc1, 0xe0, 0x10, 0xc1, 0xe2, 0x08, 0x09, 0xd0, 0x0f,
    0xb6, 0x14, 0x39, 0x09, 0xd0, 0x0d, 0x00, 0x00, 0x00, 0xff, 0x89, 0x46,
    0xfc, 0x39, 0x34, 0x24, 0x74, 0x60, 0x66, 0x90, 0x01, 0xeb, 0x31, 0xd2,
    0x89, 0xd8, 0xf7, 0x74, 0x24, 0x08, 0x8b, 0x7c, 0x24, 0x04, 0x8d, 0x3c,
    0x87, 0x89, 0x7c, 0x24, 0x24, 0x8d, 0x57, 0x03, 0x3b, 0x54, 0x24, 0x64,
    0x0f, 0x82, 0x6e, 0xff, 0xff, 0xff, 0x8b, 0x3c, 0x24, 0x8d, 0x46, 0x04,
    0xc7, 0x06, 0x00, 0x00, 0x00, 0x00, 0x89, 0x44, 0x24, 0x48, 0x39, 0xf8,
    0x74, 0x28, 0x01, 0xeb, 0x31, 0xd2, 0x8b, 0x4c, 0x24, 0x04, 0x89, 0xd8,
    0xf7, 0x74, 0x24, 0x08, 0x8d, 0x14, 0x81, 0x8d, 0x4a, 0x03, 0x3b, 0x4c,
    0x24, 0x64, 0x72, 0x20, 0xc7, 0x46, 0x04, 0x00, 0x00, 0x00, 0x00, 0x83,
    0xc6, 0x08, 0x39, 0xf7, 0x75, 0xa2, 0x8b, 0x7c, 0x24, 0x08, 0xe9, 0xb7,
    0xfa, 0xff, 0xff, 0x90, 0x2e, 0x8d, 0xb4, 0x26, 0x00, 0x00, 0x00, 0x00,
    0x89, 0xc1, 0xc1, 0xe9, 0x03, 0x03, 0x4c, 0x24, 0x10, 0x3b, 0x4c, 0x24,
    0x64, 0x73, 0x61, 0x8b, 0x7c, 0x24, 0x60, 0x83, 0xe0, 0x07, 0x0f, 0xb6,
    0x3c, 0x0f, 0x89, 0xc1, 0x89, 0x7c, 0x24, 0x24, 0xbf, 0x80, 0x00, 0x00,
    0x00, 0xd3, 0xff, 0x85, 0x7c, 0x24, 0x24, 0x75, 0x43, 0x8b, 0x44, 0x24,
    0x60, 0x80, 0x7c, 0x10, 0x03, 0x00, 0x79, 0x38, 0x8b, 0x7c, 0x24, 0x60,
    0x0f, 0xb6, 0x44, 0x10, 0x02, 0x83, 0xc6, 0x08, 0x0f, 0xb6, 0x4c, 0x17,
    0x01, 0xc1, 0xe0, 0x10, 0x0f, 0xb6, 0x14, 0x17, 0x8b, 0x7c, 0x24, 0x48,
    0xc1, 0xe1, 0x08, 0x09, 0xc8, 0x09, 0xd0, 0x0d, 0x00, 0x00, 0x00, 0xff,
    0x89, 0x07, 0x39, 0x34, 0x24, 0x0f, 0x85, 0x25, 0xff, 0xff, 0xff, 0xeb,
    0x81, 0x8d, 0x76, 0x00, 0x8b, 0x44, 0x24, 0x48, 0x83, 0xc6, 0x08, 0xc7,
    0x00, 0x00, 0x00, 0x00, 0x00, 0x39, 0x34, 0x24, 0x0f, 0x85, 0x0a, 0xff,
    0xff, 0xff, 0xe9, 0x63, 0xff, 0xff, 0xff, 0xc7, 0x06, 0x00, 0x00, 0x00,
    0x00, 0x83, 0xc6, 0x04, 0x39, 0x34, 0x24, 0x0f, 0x85, 0xf3, 0xfe, 0xff,
    0xff, 0xe9, 0x4c, 0xff, 0xff, 0xff, 0x89, 0xef, 0x8b, 0x6c, 0x24, 0x08,
    0x89, 0x7c, 0x24, 0x08, 0xeb, 0x5c, 0x66, 0x90, 0x89, 0xc2, 0xc1, 0xea,
    0x03, 0x03, 0x54, 0x24, 0x10, 0x3b, 0x54, 0x24, 0x64, 0x0f, 0x83, 0x29,
    0x01, 0x00, 0x00, 0x83, 0xe0, 0x07, 0xbf, 0x80, 0x00, 0x00, 0x00, 0x89,
    0xc1, 0xd3, 0xff, 0x89, 0xf8, 0x8b, 0x7c, 0x24, 0x60, 0x0f, 0xb6, 0x14,
    0x17, 0x85, 0xd0, 0x0f, 0x84, 0x22, 0x01, 0x00, 0x00, 0xc7, 0x06, 0x00,
    0x00, 0x00, 0x00, 0x83, 0xc6, 0x04, 0x39, 0x34, 0x24, 0x0f, 0x84, 0xfb,
    0xfe, 0xff, 0xff, 0x2e, 0x8d, 0x74, 0x26, 0x00, 0x2e, 0x8d, 0xb4, 0x26,
    0x00, 0x00, 0x00, 0x00, 0x01, 0xeb, 0x31, 0xd2, 0x89, 0xd8, 0xf7, 0x74,
    0x24, 0x08, 0x8b, 0x7c, 0x24, 0x04, 0x8d, 0x14, 0x40, 0x01, 0xd7, 0x89,
    0x7c, 0x24, 0x24, 0x8d, 0x57, 0x02, 0x3b, 0x54, 0x24, 0x64, 0x72, 0x90,
    0x8b, 0x3c, 0x24, 0x8d, 0x46, 0x04, 0xc7, 0x06, 0x00, 0x00, 0x00, 0x00,
    0x89, 0x44, 0x24, 0x48, 0x39, 0xf8, 0x0f, 0x84, 0xb6, 0xfe, 0xff, 0xff,
    0x01, 0xeb, 0x31, 0xd2, 0x89, 0xd8, 0xf7, 0x74, 0x24, 0x08, 0x8d, 0x14,
    0x40, 0x03, 0x54, 0x24, 0x04, 0x8d, 0x4a, 0x02, 0x3b, 0x4c, 0x24, 0x64,
    0x72, 0x16, 0xc7, 0x46, 0x04, 0x00, 0x00, 0x00, 0x00, 0x83, 0xc6, 0x08,
    0x39, 0xfe, 0x75, 0xa0, 0xe9, 0x89, 0xfe, 0xff, 0xff, 0x8d, 0x76, 0x00,
    0x89, 0xc1, 0xc1, 0xe9, 0x03, 0x03, 0x4c, 0x24, 0x10, 0x3b, 0x4c, 0x24,
    0x64, 0x73, 0x1e, 0x8b, 0x7c, 0x24, 0x60, 0x83, 0xe0, 0x07, 0x0f, 0xb6,
    0x3c, 0x0f, 0x89, 0xc1, 0x89, 0x7c, 0x24, 0x24, 0xbf, 0x80, 0x00, 0x00,
    0x00, 0xd3, 0xff, 0x85, 0x7c, 0x24, 0x24, 0x74, 0x1b, 0x8b, 0x44, 0x24,
    0x48, 0x83, 0xc6, 0x08, 0xc7, 0x00, 0x00, 0x00, 0x00, 0x00, 0x39, 0x34,
    0x24, 0x0f, 0x85, 0x55, 0xff, 0xff, 0xff, 0xe9, 0x3e, 0xfe, 0xff, 0xff,
    0x8b, 0x7c, 0x24, 0x60, 0x8b, 0x44, 0x24, 0x60, 0x83, 0xc6, 0x08, 0x0f,
    0xb6, 0x4c, 0x17, 0x02, 0x0f, 0xb6, 0x44, 0x10, 0x01, 0x0f, 0xb6, 0x14,
    0x17, 0x8b, 0x7c, 0x24, 0x48, 0xc1, 0xe0, 0x08, 0xc1, 0xe1, 0x10, 0x09,
    0xc8, 0x09, 0xd0, 0x0d, 0x00, 0x00, 0x00, 0xff, 0x89, 0x07, 0x39, 0x34,
    0x24, 0x0f, 0x85, 0x19, 0xff, 0xff, 0xff, 0xe9, 0x02, 0xfe, 0xff, 0xff,
    0xc7, 0x06, 0x00, 0x00, 0x00, 0x00, 0x83, 0xc6, 0x04, 0x3b, 0x34, 0x24,
    0x0f, 0x85, 0x02, 0xff, 0xff, 0xff, 0xe9, 0xeb, 0xfd, 0xff, 0xff, 0x8b,
    0x4c, 0x24, 0x60, 0x89, 0xf8, 0x8b, 0x7c, 0x24, 0x24, 0x83, 0xc6, 0x04,
    0x0f, 0xb6, 0x44, 0x38, 0x01, 0x0f, 0xb6, 0x54, 0x39, 0x02, 0xc1, 0xe0,
    0x08, 0xc1, 0xe2, 0x10, 0x09, 0xd0, 0x0f, 0xb6, 0x14, 0x39, 0x09, 0xd0,
    0x0d, 0x00, 0x00, 0x00, 0xff, 0x89, 0x46, 0xfc, 0x39, 0x34, 0x24, 0x0f,
    0x85, 0xc7, 0xfe, 0xff, 0xff, 0xe9, 0xb0, 0xfd, 0xff, 0xff, 0x00, 0x00,
    0x00, 0x00, 0x00, 0x00, 0x00, 0x00, 0x00, 0x00, 0x00, 0x00, 0x00, 0x00,
    0x00, 0x00, 0x00, 0x00, 0x8d, 0x4c, 0x24, 0x04, 0x83, 0xe4, 0xf0, 0xff,
    0x71, 0xfc, 0x55, 0x89, 0xe5, 0x57, 0x56, 0x8d, 0x45, 0xa0, 0x53, 0x51,
    0x81, 0xec, 0xa4, 0x00, 0x00, 0x00, 0x50, 0x68, 0x94, 0x97, 0x00, 0x01,
    0x68, 0x98, 0x97, 0x00, 0x01, 0x68, 0x9c, 0x97, 0x00, 0x01, 0x68, 0xa0,
    0x97, 0x00, 0x01, 0xe8, 0x6c, 0xdc, 0xff, 0xff, 0x83, 0xc4, 0x14, 0xa1,
    0x9c, 0x97, 0x00, 0x01, 0x68, 0x21, 0x5a, 0x00, 0x01, 0xa3, 0x68, 0x93,
    0x00, 0x01, 0xa1, 0x98, 0x97, 0x00, 0x01, 0xa3, 0x64, 0x93, 0x00, 0x01,
    0xe8, 0x0b, 0xd9, 0xff, 0xff, 0x5b, 0xff, 0x35, 0xa0, 0x97, 0x00, 0x01,
    0xe8, 0x1f, 0xd9, 0xff, 0xff, 0xc7, 0x04, 0x24, 0x29, 0x5a, 0x00, 0x01,
    0xe8, 0xf3, 0xd8, 0xff, 0xff, 0x5e, 0xff, 0x35, 0x9c, 0x97, 0x00, 0x01,
    0xe8, 0x27, 0xd9, 0xff, 0xff, 0xc7, 0x04, 0x24, 0x2d, 0x5a, 0x00, 0x01,
    0xe8, 0xdb, 0xd8, 0xff, 0xff, 0x5f, 0xff, 0x35, 0x98, 0x97, 0x00, 0x01,
    0xe8, 0x0f, 0xd9, 0xff, 0xff, 0xc7, 0x04, 0x24, 0x31, 0x5a, 0x00, 0x01,
    0xe8, 0xc3, 0xd8, 0xff, 0xff, 0x58, 0xff, 0x35, 0x94, 0x97, 0x00, 0x01,
    0xe8, 0xf7, 0xd8, 0xff, 0xff, 0xc7, 0x04, 0x24, 0x39, 0x5a, 0x00, 0x01,
    0xe8, 0xab, 0xd8, 0xff, 0xff, 0x58, 0xff, 0x75, 0xa0, 0xe8, 0xe2, 0xd8,
    0xff, 0xff, 0xc7, 0x04, 0x24, 0x01, 0x5a, 0x00, 0x01, 0xe8, 0x96, 0xd8,
    0xff, 0xff, 0x83, 0xc4, 0x10, 0x83, 0x7d, 0xa0, 0x20, 0x74, 0x15, 0x83,
    0xec, 0x0c, 0x68, 0x3f, 0x5a, 0x00, 0x01, 0xe8, 0x80, 0xd8, 0xff, 0xff,
    0xe8, 0x7b, 0xda, 0xff, 0xff, 0x83, 0xc4, 0x10, 0xc7, 0x05, 0x90, 0x97,
    0x00, 0x01, 0x00, 0x00, 0x00, 0x03, 0x8d, 0x7d, 0xc8, 0xe8, 0x46, 0xdb,
    0xff, 0xff, 0xc7, 0x45, 0x80, 0x00, 0x00, 0x00, 0x00, 0xc7, 0x85, 0x68,
    0xff, 0xff, 0xff, 0x00, 0x00, 0x00, 0x00, 0xc7, 0x85, 0x64, 0xff, 0xff,
    0xff, 0x00, 0x00, 0x00, 0x00, 0xc7, 0x85, 0x70, 0xff, 0xff, 0xff, 0xff,
    0xff, 0xff, 0xff, 0xc7, 0x85, 0x6c, 0xff, 0xff, 0xff, 0x00, 0x00, 0x00,
    0x00, 0xc7, 0x85, 0x74, 0xff, 0xff, 0xff, 0x00, 0x00, 0x00, 0x00, 0x2e,
    0x8d, 0x74, 0x26, 0x00, 0x2e, 0x8d, 0xb4, 0x26, 0x00, 0x00, 0x00, 0x00,
    0x8d, 0x45, 0xb0, 0x50, 0x8d, 0x45, 0xac, 0x50, 0x8d, 0x45, 0xa8, 0x50,
    0x8d, 0x45, 0xa4, 0x50, 0xe8, 0x2b, 0xdb, 0xff, 0xff, 0xa1, 0xe0, 0x8a,
    0x00, 0x01, 0x8b, 0x0d, 0xac, 0x5a, 0x00, 0x01, 0x83, 0xc4, 0x10, 0x83,
    0xc0, 0x01, 0xa3, 0xe0, 0x8a, 0x00, 0x01, 0x85, 0xc9, 0x75, 0x08, 0xa8,
    0x7f, 0x0f, 0x85, 0x53, 0x01, 0x00, 0x00, 0x8b, 0x1d, 0xe4, 0x8a, 0x00,
    0x01, 0x31, 0xf6, 0xc7, 0x05, 0xac, 0x5a, 0x00, 0x01, 0x00, 0x00, 0x00,
    0x00, 0xc7, 0x05, 0xe4, 0x8a, 0x00, 0x01, 0x00, 0x00, 0x00, 0x00, 0x89,
    0x5d, 0x90, 0x66, 0x90, 0x2e, 0x8d, 0xb4, 0x26, 0x00, 0x00, 0x00, 0x00,
    0x83, 0xec, 0x04, 0x8d, 0x45, 0xb4, 0x50, 0x57, 0x56, 0xe8, 0xd2, 0xd8,
    0xff, 0xff, 0x83, 0xc4, 0x10, 0x89, 0xc3, 0x85, 0xc0, 0x0f, 0x85, 0xe4,
    0x00, 0x00, 0x00, 0x0f, 0xb6, 0x45, 0xc8, 0x84, 0xc0, 0x0f, 0x84, 0xd8,
    0x00, 0x00, 0x00, 0x3c, 0x62, 0x75, 0x25, 0x80, 0x7d, 0xc9, 0x69, 0x75,
    0x1f, 0x80, 0x7d, 0xca, 0x6e, 0x75, 0x19, 0x80, 0x7d, 0xcb, 0x2f, 0x0f,
    0x84, 0xbe, 0x00, 0x00, 0x00, 0x8d, 0xb4, 0x26, 0x00, 0x00, 0x00, 0x00,
    0x2e, 0x8d, 0xb4, 0x26, 0x00, 0x00, 0x00, 0x00, 0x31, 0xd2, 0x8d, 0xb6,
    0x00, 0x00, 0x00, 0x00, 0x2e, 0x8d, 0xb4, 0x26, 0x00, 0x00, 0x00, 0x00,
    0x89, 0xd0, 0x83, 0xc2, 0x01, 0x80, 0x3c, 0x17, 0x00, 0x75, 0xf5, 0xc7,
    0x45, 0x94, 0x00, 0x00, 0x00, 0x00, 0x80, 0x7c, 0x05, 0xc8, 0x2f, 0x74,
    0x30, 0xba, 0x5d, 0x5a, 0x00, 0x01, 0x89, 0xf8, 0xe8, 0x7b, 0xdd, 0xff,
    0xff, 0xc7, 0x45, 0x94, 0x02, 0x00, 0x00, 0x00, 0x85, 0xc0, 0x75, 0x19,
    0xba, 0x62, 0x5a, 0x00, 0x01, 0x89, 0xf8, 0xe8, 0x64, 0xdd, 0xff, 0xff,
    0xb9, 0x03, 0x00, 0x00, 0x00, 0x85, 0xc0, 0x0f, 0x44, 0xc1, 0x89, 0x45,
    0x94, 0x8b, 0x0d, 0xe4, 0x8a, 0x00, 0x01, 0x89, 0xca, 0xc1, 0xe2, 0x05,
    0xeb, 0x19, 0x66, 0x90, 0x2e, 0x8d, 0xb4, 0x26, 0x00, 0x00, 0x00, 0x00,
    0x88, 0x84, 0x1a, 0x00, 0x8b, 0x00, 0x01, 0x83, 0xc3, 0x01, 0x83, 0xfb,
    0x1b, 0x74, 0x08, 0x0f, 0xb6, 0x04, 0x1f, 0x84, 0xc0, 0x75, 0xe9, 0x89,
    0xc8, 0x8b, 0x55, 0x94, 0x83, 0xc1, 0x01, 0xc1, 0xe0, 0x05, 0x89, 0x0d,
    0xe4, 0x8a, 0x00, 0x01, 0xc6, 0x84, 0x03, 0x00, 0x8b, 0x00, 0x01, 0x00,
    0x89, 0x90, 0x1c, 0x8b, 0x00, 0x01, 0x83, 0xf9, 0x3f, 0x0f, 0x8f, 0x8a,
    0x07, 0x00, 0x00, 0x83, 0xc6, 0x01, 0x83, 0xfe, 0x40, 0x0f, 0x85, 0xf5,
    0xfe, 0xff, 0xff, 0x8b, 0x5d, 0x90, 0x8b, 0x0d, 0xe4, 0x8a, 0x00, 0x01,
    0x39, 0xcb, 0x74, 0x12, 0x2e, 0x8d, 0xb4, 0x26, 0x00, 0x00, 0x00, 0x00,
    0xc7, 0x05, 0xb0, 0x5a, 0x00, 0x01, 0x01, 0x00, 0x00, 0x00, 0x83, 0xec,
    0x0c, 0x8d, 0x45, 0xb4, 0x50, 0xe8, 0x4a, 0xd9, 0xff, 0xff, 0x83, 0xc4,
    0x10, 0x85, 0xc0, 0x0f, 0x85, 0xdf, 0x03, 0x00, 0x00, 0x8b, 0x55, 0xb4,
    0x83, 0xfa, 0x04, 0x0f, 0x84, 0xc3, 0x01, 0x00, 0x00, 0x0f, 0x87, 0xdd,
    0x00, 0x00, 0x00, 0x83, 0xfa, 0x01, 0x0f, 0x84, 0x44, 0x01, 0x00, 0x00,
    0x83, 0xfa, 0x03, 0x75, 0xc9, 0x8b, 0x5d, 0xb8, 0x83, 0xfb, 0x07, 0x77,
    0xc1, 0x8d, 0x04, 0xdd, 0x00, 0x00, 0x00, 0x00, 0x89, 0x45, 0x94, 0x01,
    0xd8, 0x8d, 0x34, 0x85, 0xc0, 0x97, 0x00, 0x01, 0x8b, 0x04, 0x85, 0xc0,
    0x97, 0x00, 0x01, 0x85, 0xc0, 0x74, 0xa3, 0x8b, 0x46, 0x10, 0x8b, 0x4e,
    0x18, 0x83, 0xec, 0x0c, 0x8b, 0x56, 0x14, 0x8d, 0x4c, 0x01, 0x02, 0x89,
    0x4d, 0x90, 0x8b, 0x4e, 0x1c, 0x8d, 0x4c, 0x11, 0x14, 0x51, 0x8b, 0x4d,
    0x90, 0xe8, 0x16, 0xe4, 0xff, 0xff, 0xa1, 0x88, 0x97, 0x00, 0x01, 0x83,
    0xc4, 0x10, 0x85, 0xc0, 0x0f, 0x84, 0x70, 0xff, 0xff, 0xff, 0xa1, 0x84,
    0x97, 0x00, 0x01, 0x8b, 0x4e, 0x10, 0x8d, 0x50, 0xf8, 0x89, 0x55, 0x90,
    0x8b, 0x56, 0x18, 0x8d, 0x54, 0x11, 0x02, 0x39, 0x55, 0x90, 0x0f, 0x8d,
    0x52, 0xff, 0xff, 0xff, 0x83, 0xc0, 0x07, 0x39, 0xc1, 0x0f, 0x8f, 0x47,
    0xff, 0xff, 0xff, 0x8b, 0x45, 0x94, 0x01, 0xd8, 0x8d, 0x0c, 0x85, 0xc0,
    0x97, 0x00, 0x01, 0xa1, 0x80, 0x97, 0x00, 0x01, 0x8b, 0x51, 0x14, 0x8b,
    0x49, 0x1c, 0x8d, 0x58, 0xf8, 0x8d, 0x4c, 0x0a, 0x14, 0x39, 0xcb, 0x0f,
    0x8d, 0x21, 0xff, 0xff, 0xff, 0x83, 0xc0, 0x07, 0x39, 0xc2, 0x0f, 0x8f,
    0x16, 0xff, 0xff, 0xff, 0x8b, 0x55, 0xa8, 0x8b, 0x45, 0xa4, 0xc7, 0x05,
    0x88, 0x97, 0x00, 0x01, 0x00, 0x00, 0x00, 0x00, 0xe8, 0xa7, 0xe1, 0xff,
    0xff, 0xe9, 0xfc, 0xfe, 0xff, 0xff, 0x66, 0x90, 0x83, 0xfa, 0x06, 0x0f,
    0x85, 0xf1, 0xfe, 0xff, 0xff, 0x8b, 0x75, 0xb8, 0xb9, 0xc0, 0x97, 0x00,
    0x01, 0x31, 0xd2, 0x2e, 0x8d, 0x74, 0x26, 0x00, 0x2e, 0x8d, 0xb4, 0x26,
    0x00, 0x00, 0x00, 0x00, 0x8b, 0x19, 0x85, 0xdb, 0x74, 0x09, 0x3b, 0x71,
    0x04, 0x0f, 0x84, 0x31, 0x02, 0x00, 0x00, 0x83, 0xc2, 0x01, 0x83, 0xc1,
    0x24, 0x83, 0xfa, 0x08, 0x75, 0xe6, 0x3b, 0x35, 0xbc, 0x5a, 0x00, 0x01,
    0x75, 0x0a, 0xc7, 0x05, 0xc0, 0x5a, 0x00, 0x01, 0x00, 0x00, 0x00, 0x00,
    0x3b, 0x35, 0xc8, 0x5a, 0x00, 0x01, 0x0f, 0x85, 0x98, 0xfe, 0xff, 0xff,
    0xc7, 0x05, 0xcc, 0x5a, 0x00, 0x01, 0x00, 0x00, 0x00, 0x00, 0xe9, 0x89,
    0xfe, 0xff, 0xff, 0x90, 0x2e, 0x8d, 0xb4, 0x26, 0x00, 0x00, 0x00, 0x00,
    0x8b, 0x15, 0x4c, 0x93, 0x00, 0x01, 0x85, 0xd2, 0x0f, 0x84, 0xe2, 0x03,
    0x00, 0x00, 0x8b, 0x55, 0xb8, 0x83, 0xfa, 0x0d, 0x0f, 0x84, 0x86, 0x07,
    0x00, 0x00, 0x83, 0xfa, 0x1b, 0x0f, 0x84, 0x26, 0x06, 0x00, 0x00, 0x83,
    0xfa, 0x08, 0x0f, 0x84, 0x3f, 0x06, 0x00, 0x00, 0x8d, 0x42, 0xe0, 0x83,
    0xf8, 0x5e, 0x0f, 0x87, 0x52, 0xfe, 0xff, 0xff, 0x31, 0xc9, 0x83, 0x3d,
    0x48, 0x93, 0x00, 0x01, 0x01, 0xa1, 0x08, 0x93, 0x00, 0x01, 0x0f, 0x95,
    0xc1, 0x83, 0xc1, 0x1a, 0x39, 0xc8, 0x0f, 0x8d, 0x2c, 0xfe, 0xff, 0xff,
    0x8d, 0x48, 0x01, 0x88, 0x90, 0x20, 0x93, 0x00, 0x01, 0x89, 0x0d, 0x08,
    0x93, 0x00, 0x01, 0xc6, 0x80, 0x21, 0x93, 0x00, 0x01, 0x00, 0xe9, 0x11,
    0xfe, 0xff, 0xff, 0x90, 0x8b, 0x0d, 0xbc, 0x5a, 0x00, 0x01, 0x8b, 0x75,
    0xc0, 0xc7, 0x45, 0x8c, 0x00, 0x00, 0x00, 0x00, 0x89, 0x4d, 0x88, 0x85,
    0xc9, 0x74, 0x19, 0x39, 0xf1, 0x75, 0x15, 0xc7, 0x05, 0xc0, 0x5a, 0x00,
    0x01, 0x01, 0x00, 0x00, 0x00, 0xc7, 0x45, 0x8c, 0x01, 0x00, 0x00, 0x00,
    0x8d, 0x74, 0x26, 0x00, 0x8b, 0x0d, 0xc8, 0x5a, 0x00, 0x01, 0x89, 0x4d,
    0x84, 0x85, 0xc9, 0x74, 0x23, 0x39, 0xf1, 0x75, 0x1f, 0xc7, 0x05, 0xcc,
    0x5a, 0x00, 0x01, 0x01, 0x00, 0x00, 0x00, 0xc7, 0x45, 0x8c, 0x01, 0x00,
    0x00, 0x00, 0x8d, 0xb6, 0x00, 0x00, 0x00, 0x00, 0x2e, 0x8d, 0xb4, 0x26,
    0x00, 0x00, 0x00, 0x00, 0xb9, 0xc0, 0x97, 0x00, 0x01, 0x8b, 0x11, 0x85,
    0xd2, 0x0f, 0x85, 0xe1, 0x04, 0x00, 0x00, 0x8b, 0x4d, 0xbc, 0x8b, 0x5d,
    0xb8, 0x89, 0x55, 0x90, 0x8b, 0x15, 0xb4, 0x5a, 0x00, 0x01, 0x89, 0x8d,
    0x7c, 0xff, 0xff, 0xff, 0x8d, 0x0c, 0xc5, 0x00, 0x00, 0x00, 0x00, 0x89,
    0x55, 0x94, 0x83, 0xc2, 0x01, 0x89, 0x8d, 0x78, 0xff, 0xff, 0xff, 0x01,
    0xc1, 0x89, 0x15, 0xb4, 0x5a, 0x00, 0x01, 0x8b, 0x55, 0x94, 0x89, 0x1c,
    0x8d, 0xd8, 0x97, 0x00, 0x01, 0x8b, 0x9d, 0x7c, 0xff, 0xff, 0xff, 0xc7,
    0x04, 0x8d, 0xc0, 0x97, 0x00, 0x01, 0x01, 0x00, 0x00, 0x00, 0x89, 0x34,
    0x8d, 0xc4, 0x97, 0x00, 0x01, 0x89, 0x04, 0x8d, 0xc8, 0x97, 0x00, 0x01,
    0x89, 0x14, 0x8d, 0xcc, 0x97, 0x00, 0x01, 0x89, 0x1c, 0x8d, 0xdc, 0x97,
    0x00, 0x01, 0x39, 0x75, 0x88, 0x74, 0x0e, 0x31, 0xc9, 0x39, 0x75, 0x84,
    0x0f, 0x95, 0xc1, 0x83, 0xc1, 0x01, 0x89, 0x4d, 0x90, 0x8b, 0x8d, 0x78,
    0xff, 0xff, 0xff, 0x8d, 0x14, 0x40, 0x8b, 0x5d, 0x90, 0x83, 0xec, 0x08,
    0x8d, 0x14, 0xd5, 0x14, 0x00, 0x00, 0x00, 0x89, 0x45, 0xcc, 0x01, 0xc1,
    0xc7, 0x45, 0xc8, 0x05, 0x00, 0x00, 0x00, 0x89, 0x14, 0x8d, 0xd0, 0x97,
    0x00, 0x01, 0x6b, 0xd0, 0x1c, 0x89, 0x1c, 0x8d, 0xe0, 0x97, 0x00, 0x01,
    0xc7, 0x45, 0xd4, 0x00, 0x00, 0x00, 0x00, 0x83, 0xc2, 0x14, 0xc7, 0x45,
    0xd8, 0x00, 0x00, 0x00, 0x00, 0x89, 0x14, 0x8d, 0xd4, 0x97, 0x00, 0x01,
    0x8b, 0x15, 0xe0, 0x98, 0x00, 0x01, 0x89, 0x04, 0x95, 0x00, 0x99, 0x00,
    0x01, 0x8b, 0x45, 0x94, 0x8d, 0x4a, 0x01, 0x57, 0x56, 0x89, 0x0d, 0xe0,
    0x98, 0x00, 0x01, 0x89, 0x45, 0xd0, 0xe8, 0xf9, 0xd5, 0xff, 0xff, 0x8b,
    0x45, 0x8c, 0x83, 0xc4, 0x10, 0x85, 0xc0, 0x75, 0x0f, 0xa1, 0x8c, 0x97,
    0x00, 0x01, 0x85, 0xc0, 0x0f, 0x85, 0xa2, 0xfc, 0xff, 0xff, 0x66, 0x90,
    0x8b, 0x45, 0xc0, 0xa3, 0x8c, 0x97, 0x00, 0x01, 0xe9, 0x93, 0xfc, 0xff,
    0xff, 0x8d, 0x76, 0x00, 0x8b, 0x1d, 0xe0, 0x98, 0x00, 0x01, 0xc7, 0x01,
    0x00, 0x00, 0x00, 0x00, 0x85, 0xdb, 0x7e, 0x5e, 0x31, 0xc0, 0xeb, 0x13,
    0x8d, 0x74, 0x26, 0x00, 0x2e, 0x8d, 0xb4, 0x26, 0x00, 0x00, 0x00, 0x00,
    0x83, 0xc0, 0x01, 0x39, 0xd8, 0x74, 0x47, 0x3b, 0x14, 0x85, 0x00, 0x99,
    0x00, 0x01, 0x75, 0xf0, 0x83, 0xeb, 0x01, 0x39, 0xd8, 0x7d, 0x31, 0x89,
    0x55, 0x94, 0x8d, 0xb6, 0x00, 0x00, 0x00, 0x00, 0x2e, 0x8d, 0xb4, 0x26,
    0x00, 0x00, 0x00, 0x00, 0x2e, 0x8d, 0xb4, 0x26, 0x00, 0x00, 0x00, 0x00,
    0x83, 0xc0, 0x01, 0x8b, 0x14, 0x85, 0x00, 0x99, 0x00, 0x01, 0x89, 0x14,
    0x85, 0xfc, 0x98, 0x00, 0x01, 0x39, 0xd8, 0x75, 0xeb, 0x8b, 0x55, 0x94,
    0x89, 0x1d, 0xe0, 0x98, 0x00, 0x01, 0x3b, 0x35, 0x8c, 0x97, 0x00, 0x01,
    0x0f, 0x85, 0x55, 0xfd, 0xff, 0xff, 0xc7, 0x05, 0x8c, 0x97, 0x00, 0x01,
    0x00, 0x00, 0x00, 0x00, 0xe9, 0x46, 0xfd, 0xff, 0xff, 0x8d, 0xb4, 0x26,
    0x00, 0x00, 0x00, 0x00, 0x8b, 0x5d, 0xac, 0x8b, 0x45, 0xa4, 0x89, 0xd9,
    0x3b, 0x85, 0x74, 0xff, 0xff, 0xff, 0x0f, 0x84, 0x5d, 0x03, 0x00, 0x00,
    0x89, 0xce, 0x83, 0xe6, 0x01, 0x89, 0x75, 0x94, 0x0f, 0x84, 0x32, 0x03,
    0x00, 0x00, 0xf6, 0x45, 0x80, 0x01, 0x0f, 0x85, 0x9a, 0x00, 0x00, 0x00,
    0x8b, 0x15, 0x60, 0x93, 0x00, 0x01, 0x85, 0xd2, 0x0f, 0x84, 0xd2, 0x03,
    0x00, 0x00, 0x8b, 0x15, 0x54, 0x93, 0x00, 0x01, 0x39, 0xd0, 0x0f, 0x8c,
    0x00, 0x07, 0x00, 0x00, 0x81, 0xc2, 0xaf, 0x00, 0x00, 0x00, 0x39, 0xd0,
    0x0f, 0x8f, 0xf2, 0x06, 0x00, 0x00, 0x8b, 0x55, 0xa8, 0xa1, 0x50, 0x93,
    0x00, 0x01, 0x39, 0xc2, 0x0f, 0x8c, 0xe2, 0x06, 0x00, 0x00, 0x8d, 0x58,
    0x2d, 0x39, 0xda, 0x0f, 0x8f, 0xd7, 0x06, 0x00, 0x00, 0x83, 0xc0, 0x01,
    0x89, 0xd3, 0x29, 0xc3, 0xb8, 0xe9, 0xa2, 0x8b, 0x2e, 0xf7, 0xeb, 0xc1,
    0xfb, 0x1f, 0x89, 0xd0, 0xc1, 0xf8, 0x02, 0x29, 0xd8, 0x83, 0xf8, 0x01,
    0x0f, 0x87, 0xb6, 0x06, 0x00, 0x00, 0xc7, 0x05, 0x60, 0x93, 0x00, 0x01,
    0x00, 0x00, 0x00, 0x00, 0xc7, 0x05, 0xb0, 0x5a, 0x00, 0x01, 0x01, 0x00,
    0x00, 0x00, 0xc7, 0x05, 0x4c, 0x93, 0x00, 0x01, 0x01, 0x00, 0x00, 0x00,
    0xa3, 0x48, 0x93, 0x00, 0x01, 0xc7, 0x05, 0x08, 0x93, 0x00, 0x01, 0x00,
    0x00, 0x00, 0x00, 0xc6, 0x05, 0x20, 0x93, 0x00, 0x01, 0x00, 0xf6, 0xc1,
    0x02, 0x0f, 0x84, 0x13, 0x01, 0x00, 0x00, 0x8b, 0x45, 0x80, 0x83, 0xe0,
    0x02, 0x0b, 0x05, 0x4c, 0x93, 0x00, 0x01, 0x75, 0x21, 0xa1, 0x60, 0x93,
    0x00, 0x01, 0x85, 0xc0, 0x0f, 0x84, 0xc7, 0x04, 0x00, 0x00, 0xc7, 0x05,
    0x60, 0x93, 0x00, 0x01, 0x00, 0x00, 0x00, 0x00, 0xc7, 0x05, 0xb0, 0x5a,
    0x00, 0x01, 0x01, 0x00, 0x00, 0x00, 0x89, 0xcb, 0xc7, 0x45, 0x94, 0x01,
    0x00, 0x00, 0x00, 0x83, 0xe3, 0x01, 0x0f, 0x85, 0xd2, 0x00, 0x00, 0x00,
    0xf6, 0x45, 0x80, 0x01, 0x0f, 0x84, 0xc8, 0x00, 0x00, 0x00, 0xc7, 0x85,
    0x70, 0xff, 0xff, 0xff, 0xff, 0xff, 0xff, 0xff, 0x8b, 0x1d, 0x88, 0x97,
    0x00, 0x01, 0x85, 0xdb, 0x0f, 0x85, 0xeb, 0x01, 0x00, 0x00, 0x8b, 0x0d,
    0xb0, 0x5a, 0x00, 0x01, 0x85, 0xc9, 0x0f, 0x85, 0x55, 0x02, 0x00, 0x00,
    0x8b, 0x55, 0xa8, 0x8b, 0x45, 0xa4, 0xe8, 0x65, 0xdd, 0xff, 0xff, 0x8b,
    0x45, 0xa4, 0x89, 0x85, 0x74, 0xff, 0xff, 0xff, 0x8b, 0x45, 0xa8, 0x89,
    0x85, 0x6c, 0xff, 0xff, 0xff, 0x8b, 0x45, 0xac, 0x89, 0x45, 0x80, 0xe8,
    0x98, 0xd3, 0xff, 0xff, 0xe9, 0x13, 0xf9, 0xff, 0xff, 0x8d, 0x76, 0x00,
    0xa1, 0x8c, 0x97, 0x00, 0x01, 0x85, 0xc0, 0x0f, 0x84, 0x8d, 0xfa, 0xff,
    0xff, 0x83, 0xec, 0x08, 0x8b, 0x55, 0xb8, 0xc7, 0x45, 0xc8, 0x01, 0x00,
    0x00, 0x00, 0x57, 0x50, 0x89, 0x55, 0xcc, 0xc7, 0x45, 0xd0, 0x00, 0x00,
    0x00, 0x00, 0xc7, 0x45, 0xd4, 0x00, 0x00, 0x00, 0x00, 0xc7, 0x45, 0xd8,
    0x00, 0x00, 0x00, 0x00, 0xe8, 0x97, 0xd3, 0xff, 0xff, 0x83, 0xc4, 0x10,
    0xe9, 0x59, 0xfa, 0xff, 0xff, 0x8b, 0x35, 0xe4, 0x8a, 0x00, 0x01, 0x85,
    0xf6, 0x7e, 0x1b, 0xa1, 0x9c, 0x97, 0x00, 0x01, 0x89, 0x45, 0x88, 0x83,
    0xf8, 0x43, 0x0f, 0x8f, 0x93, 0x05, 0x00, 0x00, 0x83, 0x7d, 0x90, 0x0f,
    0x0f, 0x8f, 0xf2, 0x04, 0x00, 0x00, 0x8b, 0x4d, 0xac, 0xf6, 0xc1, 0x02,
    0x0f, 0x85, 0xed, 0xfe, 0xff, 0xff, 0x8b, 0x85, 0x70, 0xff, 0xff, 0xff,
    0x85, 0xc0, 0x0f, 0x88, 0x34, 0xff, 0xff, 0xff, 0x8b, 0xb5, 0x70, 0xff,
    0xff, 0xff, 0x8d, 0x04, 0xf5, 0x00, 0x00, 0x00, 0x00, 0x89, 0x45, 0x90,
    0x01, 0xf0, 0x8b, 0x04, 0x85, 0xc0, 0x97, 0x00, 0x01, 0x85, 0xc0, 0x0f,
    0x84, 0x13, 0xff, 0xff, 0xff, 0x8b, 0x55, 0xa4, 0x8b, 0x75, 0xa8, 0x3b,
    0x95, 0x74, 0xff, 0xff, 0xff, 0x0f, 0x84, 0x7d, 0x03, 0x00, 0x00, 0x8b,
    0x45, 0x90, 0x03, 0x85, 0x70, 0xff, 0xff, 0xff, 0x8d, 0x1c, 0x85, 0xc0,
    0x97, 0x00, 0x01, 0xa1, 0x9c, 0x97, 0x00, 0x01, 0x8b, 0x4b, 0x18, 0x83,
    0xe8, 0x02, 0x29, 0xc8, 0x89, 0x4d, 0x88, 0x2b, 0x95, 0x64, 0xff, 0xff,
    0xff, 0xb9, 0x00, 0x00, 0x00, 0x00, 0x0f, 0x48, 0xd1, 0x8b, 0x4b, 0x1c,
    0x39, 0xd0, 0x89, 0x4d, 0x84, 0x0f, 0x4f, 0xc2, 0x8b, 0x15, 0x98, 0x97,
    0x00, 0x01, 0x83, 0xea, 0x14, 0x29, 0xca, 0x2b, 0xb5, 0x68, 0xff, 0xff,
    0xff, 0x89, 0xf1, 0xbe, 0x00, 0x00, 0x00, 0x00, 0x0f, 0x48, 0xce, 0x8b,
    0x73, 0x10, 0x39, 0xca, 0x0f, 0x4f, 0xd1, 0x8b, 0x4b, 0x14, 0x89, 0x4d,
    0x8c, 0x39, 0xf0, 0x75, 0x08, 0x39, 0xca, 0x0f, 0x84, 0x93, 0xfe, 0xff,
    0xff, 0x8b, 0x4d, 0x90, 0x03, 0x8d, 0x70, 0xff, 0xff, 0xff, 0x39, 0xf0,
    0x89, 0x04, 0x8d, 0xd0, 0x97, 0x00, 0x01, 0x8b, 0x5d, 0x8c, 0x89, 0x14,
    0x8d, 0xd4, 0x97, 0x00, 0x01, 0x89, 0xf1, 0x0f, 0x4e, 0xc8, 0x39, 0xda,
    0x89, 0x4d, 0x90, 0x89, 0xd9, 0x0f, 0x4e, 0xca, 0x39, 0xf0, 0x0f, 0x4c,
    0xc6, 0x8b, 0x75, 0x88, 0x39, 0xda, 0x0f, 0x4c, 0xd3, 0x83, 0xec, 0x0c,
    0x89, 0x4d, 0x8c, 0x8d, 0x74, 0x06, 0x02, 0x8b, 0x45, 0x84, 0x89, 0xf1,
    0x8d, 0x5c, 0x10, 0x14, 0x8b, 0x45, 0x90, 0x8b, 0x55, 0x8c, 0x53, 0xe8,
    0xb8, 0xdd, 0xff, 0xff, 0xa1, 0x88, 0x97, 0x00, 0x01, 0x83, 0xc4, 0x10,
    0x85, 0xc0, 0x0f, 0x84, 0x3a, 0xfe, 0xff, 0xff, 0xa1, 0x84, 0x97, 0x00,
    0x01, 0x8d, 0x50, 0xf8, 0x39, 0xd6, 0x7e, 0x19, 0x8b, 0x15, 0x80, 0x97,
    0x00, 0x01, 0x83, 0xc0, 0x07, 0x39, 0x45, 0x90, 0x7f, 0x0b, 0x8d, 0x42,
    0xf8, 0x39, 0xc3, 0x0f, 0x8f, 0xea, 0x02, 0x00, 0x00, 0x8b, 0x15, 0xb0,
    0x5a, 0x00, 0x01, 0x85, 0xd2, 0x75, 0x6e, 0x8b, 0x45, 0x94, 0x85, 0xc0,
    0x0f, 0x84, 0x19, 0xfe, 0xff, 0xff, 0xe9, 0x09, 0xfe, 0xff, 0xff, 0x90,
    0x2e, 0x8d, 0xb4, 0x26, 0x00, 0x00, 0x00, 0x00, 0x83, 0xc0, 0x01, 0x83,
    0xc1, 0x24, 0x83, 0xf8, 0x08, 0x0f, 0x85, 0x06, 0xfb, 0xff, 0xff, 0xe9,
    0xb6, 0xf8, 0xff, 0xff, 0xf6, 0xc1, 0x02, 0x0f, 0x85, 0x72, 0xfd, 0xff,
    0xff, 0xc7, 0x45, 0x94, 0x01, 0x00, 0x00, 0x00, 0xe9, 0xa7, 0xfd, 0xff,
    0xff, 0x8b, 0x5d, 0x90, 0xe9, 0x83, 0xf8, 0xff, 0xff, 0x8b, 0xb5, 0x6c,
    0xff, 0xff, 0xff, 0x39, 0x75, 0xa8, 0x0f, 0x85, 0x94, 0xfc, 0xff, 0xff,
    0x39, 0x5d, 0x80, 0x0f, 0x85, 0x8b, 0xfc, 0xff, 0xff, 0xc7, 0x45, 0x94,
    0x00, 0x00, 0x00, 0x00, 0xe9, 0x72, 0xfd, 0xff, 0xff, 0x83, 0xec, 0x0c,
    0xff, 0x35, 0x98, 0x97, 0x00, 0x01, 0x31, 0xd2, 0x31, 0xc0, 0x8b, 0x0d,
    0x9c, 0x97, 0x00, 0x01, 0xe8, 0xf3, 0xdc, 0xff, 0xff, 0x83, 0xc4, 0x10,
    0xc7, 0x05, 0x88, 0x97, 0x00, 0x01, 0x00, 0x00, 0x00, 0x00, 0xc7, 0x05,
    0xb0, 0x5a, 0x00, 0x01, 0x00, 0x00, 0x00, 0x00, 0xe9, 0x77, 0xfd, 0xff,
    0xff, 0x83, 0xfa, 0x0d, 0x0f, 0x84, 0x4e, 0x01, 0x00, 0x00, 0xc7, 0x05,
    0x4c, 0x93, 0x00, 0x01, 0x00, 0x00, 0x00, 0x00, 0xc7, 0x05, 0xb0, 0x5a,
    0x00, 0x01, 0x01, 0x00, 0x00, 0x00, 0xe9, 0x1f, 0xf8, 0xff, 0xff, 0xa1,
    0x08, 0x93, 0x00, 0x01, 0x85, 0xc0, 0x0f, 0x8e, 0x08, 0xf8, 0xff, 0xff,
    0x83, 0xe8, 0x01, 0xc6, 0x80, 0x20, 0x93, 0x00, 0x01, 0x00, 0xa3, 0x08,
    0x93, 0x00, 0x01, 0xe9, 0xf4, 0xf7, 0xff, 0xff, 0x8b, 0x1d, 0x4c, 0x93,
    0x00, 0x01, 0x85, 0xdb, 0x0f, 0x85, 0xac, 0xfc, 0xff, 0xff, 0x8b, 0x55,
    0xa8, 0xe8, 0xae, 0xd6, 0xff, 0xff, 0x85, 0xc0, 0x0f, 0x85, 0xac, 0xfd,
    0xff, 0xff, 0x8b, 0x45, 0xa8, 0x89, 0x45, 0x8c, 0x8b, 0x45, 0xa4, 0x89,
    0x45, 0x90, 0xa1, 0xe0, 0x98, 0x00, 0x01, 0x83, 0xe8, 0x01, 0x79, 0x49,
    0xe9, 0xe8, 0x01, 0x00, 0x00, 0xeb, 0x39, 0x90, 0x2e, 0x8d, 0xb4, 0x26,
    0x00, 0x00, 0x00, 0x00, 0x2e, 0x8d, 0xb4, 0x26, 0x00, 0x00, 0x00, 0x00,
    0x2e, 0x8d, 0xb4, 0x26, 0x00, 0x00, 0x00, 0x00, 0x2e, 0x8d, 0xb4, 0x26,
    0x00, 0x00, 0x00, 0x00, 0x2e, 0x8d, 0xb4, 0x26, 0x00, 0x00, 0x00, 0x00,
    0x2e, 0x8d, 0xb4, 0x26, 0x00, 0x00, 0x00, 0x00, 0x2e, 0x8d, 0xb4, 0x26,
    0x00, 0x00, 0x00, 0x00, 0x83, 0xe8, 0x01, 0x0f, 0x82, 0xa4, 0x01, 0x00,
    0x00, 0x8b, 0x1c, 0x85, 0x00, 0x99, 0x00, 0x01, 0x8d, 0x14, 0xdb, 0x8d,
    0x34, 0x95, 0xc0, 0x97, 0x00, 0x01, 0x8b, 0x14, 0x95, 0xc0, 0x97, 0x00,
    0x01, 0x85, 0xd2, 0x74, 0xdb, 0x8b, 0x4e, 0x10, 0x8b, 0x56, 0x18, 0x8d,
    0x54, 0x11, 0x01, 0x8d, 0x4a, 0xee, 0x39, 0x4d, 0x90, 0x7c, 0xc9, 0x8b,
    0x4e, 0x14, 0x83, 0xea, 0x03, 0x39, 0x55, 0x90, 0x7f, 0xbe, 0x8d, 0x51,
    0x02, 0x39, 0x55, 0x8c, 0x7c, 0xb6, 0x83, 0xc1, 0x11, 0x39, 0x4d, 0x8c,
    0x7f, 0xae, 0x8b, 0x55, 0x8c, 0x8b, 0x45, 0x90, 0xe8, 0xb3, 0xd4, 0xff,
    0xff, 0x89, 0xc2, 0x85, 0xdb, 0x0f, 0x88, 0x53, 0x01, 0x00, 0x00, 0x39,
    0xc3, 0x0f, 0x85, 0x4b, 0x01, 0x00, 0x00, 0x53, 0x31, 0xc9, 0x53, 0x57,
    0xff, 0x76, 0x04, 0xc7, 0x45, 0xc8, 0x07, 0x00, 0x00, 0x00, 0x89, 0x4d,
    0xcc, 0x89, 0x4d, 0xd0, 0x89, 0x4d, 0xd4, 0x89, 0x4d, 0xd8, 0xe8, 0x31,
    0xd0, 0xff, 0xff, 0x83, 0xc4, 0x10, 0xe9, 0xbf, 0xfc, 0xff, 0xff, 0x90,
    0x2e, 0x8d, 0xb4, 0x26, 0x00, 0x00, 0x00, 0x00, 0x8b, 0x0d, 0x08, 0x93,
    0x00, 0x01, 0x85, 0xc9, 0x0f, 0x84, 0xa4, 0xfe, 0xff, 0xff, 0x0f, 0x8e,
    0x0d, 0x02, 0x00, 0x00, 0x8d, 0x51, 0xff, 0x83, 0xfa, 0x02, 0x76, 0x1b,
    0x89, 0xc8, 0x31, 0xd2, 0x83, 0xe0, 0xfc, 0x8b, 0x9a, 0x20, 0x93, 0x00,
    0x01, 0x89, 0x1c, 0x17, 0x83, 0xc2, 0x04, 0x39, 0xd0, 0x75, 0xf0, 0x39,
    0xc8, 0x74, 0x11, 0x0f, 0xb6, 0x90, 0x20, 0x93, 0x00, 0x01, 0x88, 0x14,
    0x07, 0x83, 0xc0, 0x01, 0x39, 0xc1, 0x7f, 0xef, 0x83, 0x3d, 0x48, 0x93,
    0x00, 0x01, 0x01, 0x75, 0x08, 0xc6, 0x44, 0x0d, 0xc8, 0x2f, 0x83, 0xc1,
    0x01, 0x83, 0xec, 0x04, 0xc6, 0x44, 0x0d, 0xc8, 0x00, 0x6a, 0x00, 0x68,
    0x02, 0x5a, 0x00, 0x01, 0x57, 0xe8, 0x92, 0xcd, 0xff, 0xff, 0x83, 0xc4,
    0x10, 0xc7, 0x05, 0xac, 0x5a, 0x00, 0x01, 0x01, 0x00, 0x00, 0x00, 0xe9,
    0x32, 0xfe, 0xff, 0xff, 0x39, 0xb5, 0x6c, 0xff, 0xff, 0xff, 0x0f, 0x85,
    0x77, 0xfc, 0xff, 0xff, 0xe9, 0x73, 0xfb, 0xff, 0xff, 0x8b, 0x55, 0xa8,
    0x8b, 0x45, 0xa4, 0xe8, 0x14, 0xd5, 0xff, 0xff, 0x8b, 0x5d, 0xac, 0x85,
    0xc0, 0x0f, 0x85, 0x39, 0xfb, 0xff, 0xff, 0x8b, 0x75, 0xa4, 0x8b, 0x55,
    0xa8, 0x89, 0xf0, 0x89, 0x55, 0x94, 0xe8, 0xb9, 0xd3, 0xff, 0xff, 0x85,
    0xc0, 0x0f, 0x89, 0x21, 0xfb, 0xff, 0xff, 0x8b, 0x55, 0x94, 0x89, 0x35,
    0x5c, 0x93, 0x00, 0x01, 0xc7, 0x05, 0x60, 0x93, 0x00, 0x01, 0x01, 0x00,
    0x00, 0x00, 0x89, 0x15, 0x58, 0x93, 0x00, 0x01, 0xc7, 0x05, 0xb0, 0x5a,
    0x00, 0x01, 0x01, 0x00, 0x00, 0x00, 0xe9, 0xf9, 0xfa, 0xff, 0xff, 0x83,
    0xc2, 0x07, 0x39, 0x55, 0x8c, 0x0f, 0x8f, 0x0a, 0xfd, 0xff, 0xff, 0x8b,
    0x55, 0xa8, 0x8b, 0x45, 0xa4, 0xc7, 0x05, 0x88, 0x97, 0x00, 0x01, 0x00,
    0x00, 0x00, 0x00, 0xe8, 0x88, 0xd8, 0xff, 0xff, 0xe9, 0xf7, 0xfa, 0xff,
    0xff, 0x8b, 0x55, 0x8c, 0x8b, 0x45, 0x90, 0xe8, 0x58, 0xd3, 0xff, 0xff,
    0x89, 0xc2, 0x85, 0xd2, 0x0f, 0x88, 0x6f, 0xfb, 0xff, 0xff, 0x8d, 0x04,
    0xd5, 0x00, 0x00, 0x00, 0x00, 0x8d, 0x0c, 0x10, 0x8b, 0x0c, 0x8d, 0xc4,
    0x97, 0x00, 0x01, 0x3b, 0x0d, 0x8c, 0x97, 0x00, 0x01, 0x74, 0x0a, 0xc7,
    0x05, 0xb0, 0x5a, 0x00, 0x01, 0x01, 0x00, 0x00, 0x00, 0x01, 0xd0, 0x8b,
    0x75, 0x8c, 0x89, 0x0d, 0x8c, 0x97, 0x00, 0x01, 0x8d, 0x1c, 0x85, 0xc0,
    0x97, 0x00, 0x01, 0x8b, 0x43, 0x14, 0x39, 0xc6, 0x0f, 0x8e, 0x54, 0xfb,
    0xff, 0xff, 0x8d, 0x48, 0x12, 0x39, 0xce, 0x0f, 0x8f, 0x49, 0xfb, 0xff,
    0xff, 0x8b, 0x4d, 0x90, 0x2b, 0x4b, 0x10, 0x29, 0xc6, 0x89, 0x8d, 0x64,
    0xff, 0xff, 0xff, 0x8b, 0x4d, 0xac, 0x89, 0xb5, 0x68, 0xff, 0xff, 0xff,
    0xf6, 0xc1, 0x02, 0x0f, 0x85, 0xfc, 0x00, 0x00, 0x00, 0x89, 0x95, 0x70,
    0xff, 0xff, 0xff, 0x83, 0xe1, 0x01, 0x0f, 0x84, 0x54, 0xfa, 0xff, 0xff,
    0x89, 0x4d, 0x94, 0xe9, 0x2c, 0xfb, 0xff, 0xff, 0x8d, 0x74, 0x26, 0x00,
    0x31, 0xd2, 0x31, 0xc0, 0x31, 0xdb, 0xeb, 0x33, 0x8b, 0x45, 0x88, 0x8d,
    0x48, 0xf0, 0xb8, 0x4f, 0xec, 0xc4, 0x4e, 0xf7, 0xe9, 0x89, 0xc8, 0xc1,
    0xf8, 0x1f, 0xc1, 0xfa, 0x04, 0x89, 0xd1, 0x29, 0xc1, 0x89, 0xd8, 0x99,
    0xf7, 0xf9, 0x89, 0x45, 0x84, 0x6b, 0xc2, 0x34, 0x8d, 0x50, 0x10, 0x39,
    0x55, 0x90, 0x0f, 0x8c, 0x99, 0x00, 0x00, 0x00, 0x8b, 0x55, 0x84, 0x6b,
    0xd2, 0x38, 0x83, 0xc0, 0x2f, 0x39, 0x45, 0x90, 0x7f, 0x08, 0x8d, 0x42,
    0x18, 0x39, 0x45, 0x8c, 0x7d, 0x17, 0x83, 0xc3, 0x01, 0x39, 0xf3, 0x0f,
    0x84, 0xb5, 0xfa, 0xff, 0xff, 0x83, 0x7d, 0x88, 0x43, 0x7f, 0xa9, 0x89,
    0xda, 0x31, 0xc0, 0xeb, 0xd6, 0x83, 0xc2, 0x37, 0x39, 0x55, 0x8c, 0x7e,
    0x31, 0x83, 0xc3, 0x01, 0x39, 0xde, 0x75, 0xe5, 0xe9, 0x95, 0xfa, 0xff,
    0xff, 0x31, 0xc9, 0xe9, 0x20, 0xfe, 0xff, 0xff, 0xc7, 0x05, 0xb0, 0x5a,
    0x00, 0x01, 0x01, 0x00, 0x00, 0x00, 0x31, 0xf6, 0x89, 0x35, 0x60, 0x93,
    0x00, 0x01, 0xe9, 0x67, 0xf9, 0xff, 0xff, 0x31, 0xdb, 0xe9, 0x6a, 0xff,
    0xff, 0xff, 0xc1, 0xe3, 0x05, 0x8d, 0xb3, 0x00, 0x8b, 0x00, 0x01, 0xf7,
    0x83, 0x1c, 0x8b, 0x00, 0x01, 0xfd, 0xff, 0xff, 0xff, 0x0f, 0x84, 0x57,
    0xfa, 0xff, 0xff, 0xe8, 0x9c, 0xcd, 0xff, 0xff, 0x52, 0x50, 0x56, 0x68,
    0x67, 0x5a, 0x00, 0x01, 0xe8, 0x5f, 0xcf, 0xff, 0xff, 0x83, 0xc4, 0x10,
    0xe9, 0x3d, 0xfa, 0xff, 0xff, 0x83, 0xc3, 0x01, 0x39, 0xde, 0x0f, 0x85,
    0x45, 0xff, 0xff, 0xff, 0xe9, 0x2d, 0xfa, 0xff, 0xff, 0x89, 0x95, 0x70,
    0xff, 0xff, 0xff, 0xe9, 0x1b, 0xf9, 0xff, 0xff, 0x00, 0x00, 0x00, 0x00,
    0x00, 0x00, 0x00, 0x00, 0x00, 0x00, 0x00, 0x00, 0xd0, 0x9d, 0xd0, 0xbe,
    0xd0, 0xb2, 0xd1, 0x8b, 0xd0, 0xb9, 0x20, 0xd1, 0x84, 0xd0, 0xb0, 0xd0,
    0xb9, 0xd0, 0xbb, 0x00, 0x00, 0x00, 0x00, 0x00, 0xd0, 0x9d, 0xd0, 0xbe,
    0xd0, 0xb2, 0xd0, 0xb0, 0xd1, 0x8f, 0x20, 0xd0, 0xbf, 0xd0, 0xb0, 0xd0,
    0xbf, 0xd0, 0xba, 0xd0, 0xb0, 0x00, 0x00, 0x00, 0x00, 0x00, 0x00, 0x00,
    0x00, 0x00, 0x00, 0x00, 0x00, 0x00, 0x00, 0x00, 0x00, 0x00, 0x00, 0x00,
    0x2e, 0x2e, 0x2e, 0x2e, 0x2e, 0x2e, 0x2e, 0x2e, 0x2e, 0x2e, 0x2e, 0x2e,
    0x2e, 0x2e, 0x2e, 0x2e, 0x2e, 0x2e, 0x2e, 0x2e, 0x2e, 0x2e, 0x2e, 0x2e,
    0x2e, 0x2e, 0x2e, 0x2e, 0x2e, 0x2e, 0x2e, 0x2e, 0x00, 0x2e, 0x2e, 0x58,
    0x58, 0x58, 0x58, 0x58, 0x58, 0x58, 0x58, 0x58, 0x58, 0x58, 0x58, 0x58,
    0x58, 0x58, 0x58, 0x58, 0x58, 0x58, 0x58, 0x58, 0x58, 0x58, 0x58, 0x58,
    0x58, 0x58, 0x58, 0x2e, 0x2e, 0x00, 0x2e, 0x2e, 0x58, 0x2e, 0x2e, 0x2e,
    0x2e, 0x2e, 0x2e, 0x2e, 0x2e, 0x2e, 0x2e, 0x2e, 0x2e, 0x2e, 0x2e, 0x2e,
    0x2e, 0x2e, 0x2e, 0x2e, 0x2e, 0x2e, 0x2e, 0x2e, 0x2e, 0x2e, 0x2e, 0x58,
    0x2e, 0x2e, 0x00, 0x2e, 0x2e, 0x58, 0x2e, 0x2e, 0x2e, 0x2e, 0x2e, 0x2e,
    0x2e, 0x2e, 0x2e, 0x58, 0x58, 0x58, 0x58, 0x2e, 0x2e, 0x2e, 0x2e, 0x2e,
    0x2e, 0x2e, 0x2e, 0x2e, 0x2e, 0x2e, 0x2e, 0x2e, 0x58, 0x2e, 0x2e, 0x00,
    0x2e, 0x2e, 0x58, 0x2e, 0x2e, 0x2e, 0x2e, 0x2e, 0x2e, 0x2e, 0x2e, 0x58,
    0x2e, 0x2e, 0x2e, 0x2e, 0x58, 0x2e, 0x2e, 0x2e, 0x2e, 0x2e, 0x2e, 0x2e,
    0x2e, 0x2e, 0x2e, 0x2e, 0x2e, 0x58, 0x2e, 0x2e, 0x00, 0x2e, 0x2e, 0x58,
    0x2e, 0x2e, 0x2e, 0x2e, 0x2e, 0x2e, 0x2e, 0x2e, 0x58, 0x2e, 0x2e, 0x2e,
    0x2e, 0x58, 0x2e, 0x2e, 0x2e, 0x2e, 0x2e, 0x2e, 0x2e, 0x2e, 0x2e, 0x2e,
    0x2e, 0x2e, 0x58, 0x2e, 0x2e, 0x00, 0x2e, 0x2e, 0x58, 0x2e, 0x2e, 0x2e,
    0x2e, 0x2e, 0x2e, 0x2e, 0x58, 0x2e, 0x2e, 0x2e, 0x2e, 0x2e, 0x2e, 0x58,
    0x2e, 0x2e, 0x2e, 0x2e, 0x2e, 0x2e, 0x2e, 0x2e, 0x2e, 0x2e, 0x2e, 0x58,
    0x2e, 0x2e, 0x00, 0x2e, 0x2e, 0x58, 0x2e, 0x2e, 0x2e, 0x2e, 0x2e, 0x2e,
    0x2e, 0x58, 0x2e, 0x2e, 0x2e, 0x2e, 0x2e, 0x2e, 0x58, 0x2e, 0x2e, 0x2e,
    0x2e, 0x2e, 0x2e, 0x2e, 0x2e, 0x2e, 0x2e, 0x2e, 0x58, 0x2e, 0x2e, 0x00,
    0x2e, 0x2e, 0x58, 0x2e, 0x2e, 0x2e, 0x2e, 0x2e, 0x2e, 0x58, 0x2e, 0x2e,
    0x2e, 0x2e, 0x2e, 0x2e, 0x2e, 0x2e, 0x58, 0x2e, 0x2e, 0x2e, 0x2e, 0x2e,
    0x2e, 0x2e, 0x2e, 0x2e, 0x2e, 0x58, 0x2e, 0x2e, 0x00, 0x2e, 0x2e, 0x58,
    0x2e, 0x2e, 0x2e, 0x2e, 0x2e, 0x2e, 0x58, 0x2e, 0x2e, 0x2e, 0x2e, 0x2e,
    0x2e, 0x2e, 0x2e, 0x58, 0x2e, 0x2e, 0x2e, 0x2e, 0x2e, 0x2e, 0x2e, 0x2e,
    0x2e, 0x2e, 0x58, 0x2e, 0x2e, 0x00, 0x2e, 0x2e, 0x58, 0x2e, 0x2e, 0x2e,
    0x2e, 0x2e, 0x58, 0x2e, 0x2e, 0x2e, 0x2e, 0x2e, 0x2e, 0x2e, 0x2e, 0x2e,
    0x2e, 0x58, 0x2e, 0x2e, 0x2e, 0x2e, 0x2e, 0x2e, 0x2e, 0x2e, 0x2e, 0x58,
    0x2e, 0x2e, 0x00, 0x2e, 0x2e, 0x58, 0x2e, 0x2e, 0x2e, 0x2e, 0x2e, 0x58,
    0x2e, 0x2e, 0x2e, 0x2e, 0x2e, 0x2e, 0x2e, 0x2e, 0x2e, 0x2e, 0x58, 0x2e,
    0x2e, 0x2e, 0x2e, 0x2e, 0x2e, 0x2e, 0x2e, 0x2e, 0x58, 0x2e, 0x2e, 0x00,
    0x2e, 0x2e, 0x58, 0x2e, 0x2e, 0x2e, 0x2e, 0x58, 0x2e, 0x2e, 0x2e, 0x2e,
    0x2e, 0x2e, 0x2e, 0x2e, 0x2e, 0x2e, 0x2e, 0x2e, 0x58, 0x2e, 0x2e, 0x2e,
    0x2e, 0x2e, 0x2e, 0x2e, 0x2e, 0x58, 0x2e, 0x2e, 0x00, 0x2e, 0x2e, 0x58,
    0x2e, 0x2e, 0x2e, 0x2e, 0x58, 0x2e, 0x2e, 0x2e, 0x2e, 0x2e, 0x2e, 0x2e,
    0x2e, 0x2e, 0x2e, 0x2e, 0x2e, 0x58, 0x2e, 0x2e, 0x2e, 0x2e, 0x2e, 0x2e,
    0x2e, 0x2e, 0x58, 0x2e, 0x2e, 0x00, 0x2e, 0x2e, 0x58, 0x2e, 0x2e, 0x2e,
    0x58, 0x2e, 0x2e, 0x2e, 0x2e, 0x2e, 0x2e, 0x2e, 0x2e, 0x2e, 0x2e, 0x2e,
    0x2e, 0x2e, 0x2e, 0x58, 0x2e, 0x2e, 0x2e, 0x2e, 0x2e, 0x2e, 0x2e, 0x58,
    0x2e, 0x2e, 0x00, 0x2e, 0x2e, 0x58, 0x2e, 0x2e, 0x2e, 0x58, 0x2e, 0x2e,
    0x2e, 0x2e, 0x2e, 0x2e, 0x2e, 0x2e, 0x2e, 0x2e, 0x2e, 0x2e, 0x2e, 0x2e,
    0x58, 0x2e, 0x2e, 0x2e, 0x2e, 0x2e, 0x2e, 0x2e, 0x58, 0x2e, 0x2e, 0x00,
    0x2e, 0x2e, 0x58, 0x2e, 0x2e, 0x58, 0x2e, 0x2e, 0x2e, 0x2e, 0x2e, 0x2e,
    0x2e, 0x2e, 0x2e, 0x2e, 0x2e, 0x2e, 0x2e, 0x2e, 0x2e, 0x2e, 0x58, 0x2e,
    0x2e, 0x2e, 0x2e, 0x2e, 0x2e, 0x58, 0x2e, 0x2e, 0x00, 0x2e, 0x2e, 0x58,
    0x2e, 0x2e, 0x58, 0x2e, 0x2e, 0x2e, 0x2e, 0x2e, 0x2e, 0x2e, 0x2e, 0x2e,
    0x2e, 0x2e, 0x2e, 0x2e, 0x2e, 0x2e, 0x2e, 0x58, 0x2e, 0x2e, 0x2e, 0x2e,
    0x2e, 0x2e, 0x58, 0x2e, 0x2e, 0x00, 0x2e, 0x2e, 0x58, 0x2e, 0x58, 0x2e,
    0x2e, 0x2e, 0x2e, 0x2e, 0x2e, 0x2e, 0x2e, 0x2e, 0x2e, 0x2e, 0x2e, 0x2e,
    0x2e, 0x2e, 0x2e, 0x2e, 0x2e, 0x58, 0x2e, 0x2e, 0x2e, 0x2e, 0x2e, 0x58,
    0x2e, 0x2e, 0x00, 0x2e, 0x2e, 0x58, 0x2e, 0x58, 0x2e, 0x2e, 0x2e, 0x2e,
    0x2e, 0x2e, 0x2e, 0x2e, 0x2e, 0x2e, 0x2e, 0x2e, 0x2e, 0x2e, 0x2e, 0x2e,
    0x2e, 0x2e, 0x58, 0x2e, 0x2e, 0x2e, 0x2e, 0x2e, 0x58, 0x2e, 0x2e, 0x00,
    0x2e, 0x2e, 0x58, 0x58, 0x2e, 0x2e, 0x2e, 0x2e, 0x2e, 0x2e, 0x2e, 0x2e,
    0x2e, 0x2e, 0x2e, 0x2e, 0x2e, 0x2e, 0x2e, 0x2e, 0x2e, 0x2e, 0x2e, 0x2e,
    0x58, 0x2e, 0x2e, 0x2e, 0x2e, 0x58, 0x2e, 0x2e, 0x00, 0x2e, 0x2e, 0x58,
    0x2e, 0x2e, 0x2e, 0x2e, 0x2e, 0x2e, 0x2e, 0x2e, 0x2e, 0x2e, 0x2e, 0x2e,
    0x2e, 0x2e, 0x2e, 0x2e, 0x2e, 0x2e, 0x2e, 0x2e, 0x2e, 0x2e, 0x58, 0x2e,
    0x2e, 0x2e, 0x58, 0x2e, 0x2e, 0x00, 0x2e, 0x2e, 0x58, 0x2e, 0x2e, 0x2e,
    0x2e, 0x2e, 0x2e, 0x2e, 0x2e, 0x2e, 0x2e, 0x2e, 0x2e, 0x2e, 0x2e, 0x2e,
    0x2e, 0x2e, 0x2e, 0x2e, 0x2e, 0x2e, 0x2e, 0x58, 0x2e, 0x2e, 0x2e, 0x58,
    0x2e, 0x2e, 0x00, 0x2e, 0x2e, 0x58, 0x58, 0x58, 0x58, 0x58, 0x58, 0x58,
    0x58, 0x58, 0x58, 0x58, 0x58, 0x58, 0x58, 0x58, 0x58, 0x58, 0x58, 0x58,
    0x58, 0x58, 0x58, 0x58, 0x58, 0x58, 0x58, 0x58, 0x58, 0x2e, 0x2e, 0x00,
    0x2e, 0x2e, 0x2e, 0x2e, 0x2e, 0x2e, 0x2e, 0x2e, 0x2e, 0x2e, 0x2e, 0x2e,
    0x2e, 0x2e, 0x2e, 0x2e, 0x2e, 0x2e, 0x2e, 0x2e, 0x2e, 0x2e, 0x2e, 0x2e,
    0x2e, 0x2e, 0x2e, 0x2e, 0x2e, 0x2e, 0x2e, 0x2e, 0x00, 0x2e, 0x2e, 0x2e,
    0x2e, 0x2e, 0x2e, 0x2e, 0x2e, 0x2e, 0x2e, 0x2e, 0x2e, 0x2e, 0x2e, 0x2e,
    0x2e, 0x2e, 0x2e, 0x2e, 0x2e, 0x2e, 0x2e, 0x2e, 0x2e, 0x2e, 0x2e, 0x2e,
    0x2e, 0x2e, 0x2e, 0x2e, 0x2e, 0x00, 0x2e, 0x2e, 0x2e, 0x2e, 0x2e, 0x2e,
    0x2e, 0x2e, 0x2e, 0x2e, 0x2e, 0x2e, 0x2e, 0x2e, 0x2e, 0x2e, 0x2e, 0x2e,
    0x2e, 0x2e, 0x2e, 0x2e, 0x2e, 0x2e, 0x2e, 0x2e, 0x2e, 0x2e, 0x2e, 0x2e,
    0x2e, 0x2e, 0x00, 0x2e, 0x2e, 0x2e, 0x2e, 0x2e, 0x2e, 0x2e, 0x2e, 0x2e,
    0x2e, 0x2e, 0x2e, 0x2e, 0x2e, 0x2e, 0x2e, 0x2e, 0x2e, 0x2e, 0x2e, 0x2e,
    0x2e, 0x2e, 0x2e, 0x2e, 0x2e, 0x2e, 0x2e, 0x2e, 0x2e, 0x2e, 0x2e, 0x00,
    0x2e, 0x2e, 0x2e, 0x2e, 0x2e, 0x2e, 0x2e, 0x2e, 0x2e, 0x2e, 0x2e, 0x2e,
    0x2e, 0x2e, 0x2e, 0x2e, 0x2e, 0x2e, 0x2e, 0x2e, 0x2e, 0x2e, 0x2e, 0x2e,
    0x2e, 0x2e, 0x2e, 0x2e, 0x2e, 0x2e, 0x2e, 0x2e, 0x00, 0x2e, 0x2e, 0x2e,
    0x2e, 0x2e, 0x2e, 0x2e, 0x2e, 0x2e, 0x2e, 0x2e, 0x2e, 0x2e, 0x2e, 0x2e,
    0x2e, 0x2e, 0x2e, 0x2e, 0x2e, 0x2e, 0x2e, 0x2e, 0x2e, 0x2e, 0x2e, 0x2e,
    0x2e, 0x2e, 0x2e, 0x2e, 0x2e, 0x00, 0x2e, 0x2e, 0x2e, 0x2e, 0x2e, 0x2e,
    0x2e, 0x2e, 0x2e, 0x2e, 0x2e, 0x2e, 0x2e, 0x2e, 0x2e, 0x2e, 0x2e, 0x2e,
    0x2e, 0x2e, 0x2e, 0x2e, 0x2e, 0x2e, 0x2e, 0x2e, 0x2e, 0x2e, 0x2e, 0x2e,
    0x2e, 0x2e, 0x00, 0x2e, 0x2e, 0x2e, 0x2e, 0x2e, 0x2e, 0x2e, 0x2e, 0x2e,
    0x2e, 0x2e, 0x2e, 0x2e, 0x2e, 0x2e, 0x2e, 0x2e, 0x2e, 0x2e, 0x2e, 0x2e,
    0x2e, 0x2e, 0x2e, 0x2e, 0x2e, 0x2e, 0x2e, 0x2e, 0x2e, 0x2e, 0x2e, 0x00,
    0x2e, 0x2e, 0x2e, 0x2e, 0x2e, 0x2e, 0x2e, 0x2e, 0x2e, 0x2e, 0x2e, 0x2e,
    0x2e, 0x2e, 0x2e, 0x2e, 0x2e, 0x2e, 0x2e, 0x2e, 0x2e, 0x2e, 0x2e, 0x2e,
    0x2e, 0x2e, 0x2e, 0x2e, 0x2e, 0x2e, 0x2e, 0x2e, 0x00, 0x2e, 0x2e, 0x2e,
    0x2e, 0x2e, 0x2e, 0x2e, 0x2e, 0x2e, 0x2e, 0x2e, 0x2e, 0x2e, 0x2e, 0x2e,
    0x2e, 0x2e, 0x2e, 0x2e, 0x2e, 0x2e, 0x2e, 0x2e, 0x2e, 0x2e, 0x2e, 0x2e,
    0x2e, 0x2e, 0x2e, 0x2e, 0x2e, 0x00, 0x2e, 0x2e, 0x2e, 0x2e, 0x58, 0x58,
    0x58, 0x58, 0x58, 0x58, 0x58, 0x58, 0x58, 0x58, 0x58, 0x58, 0x58, 0x58,
    0x58, 0x58, 0x58, 0x58, 0x58, 0x58, 0x58, 0x58, 0x58, 0x58, 0x58, 0x58,
    0x58, 0x58, 0x00, 0x2e, 0x2e, 0x2e, 0x2e, 0x58, 0x2e, 0x2e, 0x2e, 0x2e,
    0x2e, 0x2e, 0x2e, 0x2e, 0x2e, 0x2e, 0x2e, 0x2e, 0x2e, 0x2e, 0x2e, 0x2e,
    0x2e, 0x2e, 0x2e, 0x2e, 0x2e, 0x2e, 0x2e, 0x2e, 0x2e, 0x2e, 0x58, 0x00,
    0x2e, 0x2e, 0x2e, 0x2e, 0x58, 0x2e, 0x2e, 0x2e, 0x2e, 0x2e, 0x2e, 0x2e,
    0x2e, 0x2e, 0x2e, 0x2e, 0x2e, 0x2e, 0x2e, 0x2e, 0x2e, 0x2e, 0x2e, 0x2e,
    0x2e, 0x2e, 0x2e, 0x2e, 0x2e, 0x2e, 0x2e, 0x58, 0x00, 0x2e, 0x2e, 0x2e,
    0x2e, 0x58, 0x2e, 0x2e, 0x58, 0x58, 0x58, 0x58, 0x58, 0x58, 0x58, 0x58,
    0x58, 0x2e, 0x2e, 0x2e, 0x2e, 0x2e, 0x2e, 0x2e, 0x2e, 0x2e, 0x2e, 0x2e,
    0x2e, 0x2e, 0x2e, 0x2e, 0x58, 0x00, 0x2e, 0x2e, 0x2e, 0x2e, 0x58, 0x2e,
    0x2e, 0x58, 0x2e, 0x2e, 0x2e, 0x2e, 0x2e, 0x2e, 0x2e, 0x58, 0x2e, 0x2e,
    0x2e, 0x2e, 0x2e, 0x2e, 0x2e, 0x2e, 0x2e, 0x2e, 0x2e, 0x2e, 0x2e, 0x2e,
    0x2e, 0x58, 0x00, 0x2e, 0x2e, 0x2e, 0x2e, 0x58, 0x2e, 0x2e, 0x58, 0x2e,
    0x2e, 0x2e, 0x2e, 0x2e, 0x2e, 0x2e, 0x58, 0x2e, 0x2e, 0x2e, 0x2e, 0x2e,
    0x2e, 0x2e, 0x2e, 0x2e, 0x2e, 0x2e, 0x2e, 0x2e, 0x2e, 0x2e, 0x58, 0x00,
    0x2e, 0x2e, 0x2e, 0x2e, 0x58, 0x2e, 0x2e, 0x58, 0x58, 0x58, 0x58, 0x58,
    0x58, 0x58, 0x58, 0x58, 0x2e, 0x2e, 0x2e, 0x2e, 0x2e, 0x2e, 0x2e, 0x2e,
    0x2e, 0x2e, 0x2e, 0x2e, 0x2e, 0x2e, 0x2e, 0x58, 0x00, 0x2e, 0x2e, 0x2e,
    0x2e, 0x58, 0x2e, 0x2e, 0x2e, 0x2e, 0x2e, 0x2e, 0x2e, 0x2e, 0x2e, 0x2e,
    0x2e, 0x2e, 0x2e, 0x2e, 0x2e, 0x2e, 0x2e, 0x2e, 0x2e, 0x2e, 0x2e, 0x2e,
    0x2e, 0x2e, 0x2e, 0x2e, 0x58, 0x00, 0x2e, 0x2e, 0x2e, 0x2e, 0x58, 0x2e,
    0x2e, 0x2e, 0x2e, 0x2e, 0x2e, 0x2e, 0x2e, 0x2e, 0x2e, 0x2e, 0x2e, 0x2e,
    0x2e, 0x2e, 0x2e, 0x2e, 0x2e, 0x2e, 0x2e, 0x2e, 0x2e, 0x2e, 0x2e, 0x2e,
    0x2e, 0x58, 0x00, 0x2e, 0x2e, 0x2e, 0x2e, 0x58, 0x2e, 0x2e, 0x58, 0x58,
    0x58, 0x58, 0x58, 0x58, 0x58, 0x58, 0x58, 0x2e, 0x2e, 0x2e, 0x2e, 0x2e,
    0x2e, 0x2e, 0x2e, 0x2e, 0x2e, 0x2e, 0x2e, 0x2e, 0x2e, 0x2e, 0x58, 0x00,
    0x2e, 0x2e, 0x2e, 0x2e, 0x58, 0x2e, 0x2e, 0x58, 0x2e, 0x2e, 0x2e, 0x2e,
    0x2e, 0x2e, 0x2e, 0x58, 0x2e, 0x2e, 0x2e, 0x2e, 0x2e, 0x2e, 0x2e, 0x2e,
    0x2e, 0x2e, 0x2e, 0x2e, 0x2e, 0x2e, 0x2e, 0x58, 0x00, 0x2e, 0x2e, 0x2e,
    0x2e, 0x58, 0x2e, 0x2e, 0x58, 0x2e, 0x2e, 0x2e, 0x2e, 0x2e, 0x2e, 0x2e,
    0x58, 0x2e, 0x2e, 0x2e, 0x2e, 0x2e, 0x2e, 0x2e, 0x2e, 0x2e, 0x2e, 0x2e,
    0x2e, 0x2e, 0x2e, 0x2e, 0x58, 0x00, 0x2e, 0x2e, 0x2e, 0x2e, 0x58, 0x2e,
    0x2e, 0x58, 0x58, 0x58, 0x58, 0x58, 0x58, 0x58, 0x58, 0x58, 0x2e, 0x2e,
    0x2e, 0x2e, 0x2e, 0x2e, 0x2e, 0x2e, 0x2e, 0x2e, 0x2e, 0x2e, 0x2e, 0x2e,
    0x2e, 0x58, 0x00, 0x2e, 0x2e, 0x2e, 0x2e, 0x58, 0x2e, 0x2e, 0x2e, 0x2e,
    0x2e, 0x2e, 0x2e, 0x2e, 0x2e, 0x2e, 0x2e, 0x2e, 0x2e, 0x2e, 0x2e, 0x2e,
    0x2e, 0x2e, 0x2e, 0x2e, 0x2e, 0x2e, 0x2e, 0x2e, 0x2e, 0x2e, 0x58, 0x00,
    0x2e, 0x2e, 0x2e, 0x2e, 0x58, 0x2e, 0x2e, 0x2e, 0x2e, 0x2e, 0x2e, 0x2e,
    0x2e, 0x2e, 0x2e, 0x2e, 0x2e, 0x2e, 0x2e, 0x2e, 0x2e, 0x2e, 0x2e, 0x2e,
    0x2e, 0x2e, 0x2e, 0x2e, 0x2e, 0x2e, 0x2e, 0x58, 0x00, 0x2e, 0x2e, 0x2e,
    0x2e, 0x58, 0x2e, 0x2e, 0x58, 0x58, 0x58, 0x58, 0x58, 0x58, 0x58, 0x58,
    0x58, 0x2e, 0x2e, 0x2e, 0x2e, 0x2e, 0x2e, 0x2e, 0x2e, 0x2e, 0x2e, 0x2e,
    0x2e, 0x2e, 0x2e, 0x2e, 0x58, 0x00, 0x2e, 0x2e, 0x2e, 0x2e, 0x58, 0x2e,
    0x2e, 0x58, 0x2e, 0x2e, 0x2e, 0x2e, 0x2e, 0x2e, 0x2e, 0x58, 0x2e, 0x2e,
    0x2e, 0x2e, 0x2e, 0x2e, 0x2e, 0x2e, 0x2e, 0x2e, 0x2e, 0x2e, 0x2e, 0x2e,
    0x2e, 0x58, 0x00, 0x2e, 0x2e, 0x2e, 0x2e, 0x58, 0x2e, 0x2e, 0x58, 0x2e,
    0x2e, 0x2e, 0x2e, 0x2e, 0x2e, 0x2e, 0x58, 0x2e, 0x2e, 0x2e, 0x2e, 0x2e,
    0x2e, 0x2e, 0x2e, 0x2e, 0x2e, 0x2e, 0x2e, 0x2e, 0x2e, 0x2e, 0x58, 0x00,
    0x2e, 0x2e, 0x2e, 0x2e, 0x58, 0x2e, 0x2e, 0x58, 0x58, 0x58, 0x58, 0x58,
    0x58, 0x58, 0x58, 0x58, 0x2e, 0x2e, 0x2e, 0x2e, 0x2e, 0x2e, 0x2e, 0x2e,
    0x2e, 0x2e, 0x2e, 0x2e, 0x2e, 0x2e, 0x2e, 0x58, 0x00, 0x2e, 0x2e, 0x2e,
    0x2e, 0x58, 0x2e, 0x2e, 0x2e, 0x2e, 0x2e, 0x2e, 0x2e, 0x2e, 0x2e, 0x2e,
    0x2e, 0x2e, 0x2e, 0x2e, 0x2e, 0x2e, 0x2e, 0x2e, 0x2e, 0x2e, 0x2e, 0x2e,
    0x2e, 0x2e, 0x2e, 0x2e, 0x58, 0x00, 0x2e, 0x2e, 0x2e, 0x2e, 0x58, 0x2e,
    0x2e, 0x2e, 0x2e, 0x2e, 0x2e, 0x2e, 0x2e, 0x2e, 0x2e, 0x2e, 0x2e, 0x2e,
    0x2e, 0x2e, 0x2e, 0x2e, 0x2e, 0x2e, 0x2e, 0x2e, 0x2e, 0x2e, 0x2e, 0x2e,
    0x2e, 0x58, 0x00, 0x2e, 0x2e, 0x2e, 0x2e, 0x58, 0x2e, 0x2e, 0x2e, 0x2e,
    0x2e, 0x2e, 0x2e, 0x2e, 0x2e, 0x2e, 0x2e, 0x2e, 0x2e, 0x2e, 0x2e, 0x2e,
    0x2e, 0x2e, 0x2e, 0x2e, 0x2e, 0x2e, 0x2e, 0x2e, 0x2e, 0x2e, 0x58, 0x00,
    0x2e, 0x2e, 0x2e, 0x2e, 0x58, 0x2e, 0x2e, 0x2e, 0x2e, 0x2e, 0x2e, 0x2e,
    0x2e, 0x2e, 0x2e, 0x2e, 0x2e, 0x2e, 0x2e, 0x2e, 0x2e, 0x2e, 0x2e, 0x2e,
    0x2e, 0x2e, 0x2e, 0x2e, 0x2e, 0x2e, 0x2e, 0x58, 0x00, 0x2e, 0x2e, 0x2e,
    0x2e, 0x58, 0x2e, 0x2e, 0x2e, 0x2e, 0x2e, 0x2e, 0x2e, 0x2e, 0x2e, 0x2e,
    0x2e, 0x2e, 0x2e, 0x2e, 0x2e, 0x2e, 0x2e, 0x2e, 0x2e, 0x2e, 0x2e, 0x2e,
    0x2e, 0x2e, 0x2e, 0x2e, 0x58, 0x00, 0x2e, 0x2e, 0x2e, 0x2e, 0x58, 0x2e,
    0x2e, 0x2e, 0x2e, 0x2e, 0x2e, 0x2e, 0x2e, 0x2e, 0x2e, 0x2e, 0x2e, 0x2e,
    0x2e, 0x2e, 0x2e, 0x2e, 0x2e, 0x2e, 0x2e, 0x2e, 0x2e, 0x2e, 0x2e, 0x2e,
    0x2e, 0x58, 0x00, 0x2e, 0x2e, 0x2e, 0x2e, 0x58, 0x58, 0x58, 0x58, 0x58,
    0x58, 0x58, 0x58, 0x58, 0x58, 0x58, 0x58, 0x58, 0x58, 0x58, 0x58, 0x58,
    0x58, 0x58, 0x58, 0x58, 0x58, 0x58, 0x58, 0x58, 0x58, 0x58, 0x58, 0x00,
    0x2e, 0x2e, 0x2e, 0x2e, 0x2e, 0x2e, 0x2e, 0x2e, 0x2e, 0x2e, 0x2e, 0x2e,
    0x2e, 0x2e, 0x2e, 0x2e, 0x2e, 0x2e, 0x2e, 0x2e, 0x2e, 0x2e, 0x2e, 0x2e,
    0x2e, 0x2e, 0x2e, 0x2e, 0x2e, 0x2e, 0x2e, 0x2e, 0x00, 0x2e, 0x2e, 0x2e,
    0x2e, 0x2e, 0x2e, 0x2e, 0x2e, 0x2e, 0x2e, 0x2e, 0x2e, 0x2e, 0x2e, 0x2e,
    0x2e, 0x2e, 0x2e, 0x2e, 0x2e, 0x2e, 0x2e, 0x2e, 0x2e, 0x2e, 0x2e, 0x2e,
    0x2e, 0x2e, 0x2e, 0x2e, 0x2e, 0x00, 0x2e, 0x2e, 0x2e, 0x2e, 0x2e, 0x2e,
    0x2e, 0x2e, 0x2e, 0x2e, 0x2e, 0x2e, 0x2e, 0x2e, 0x2e, 0x2e, 0x2e, 0x2e,
    0x2e, 0x2e, 0x2e, 0x2e, 0x2e, 0x2e, 0x2e, 0x2e, 0x2e, 0x2e, 0x2e, 0x2e,
    0x2e, 0x2e, 0x00, 0x2e, 0x2e, 0x2e, 0x2e, 0x2e, 0x2e, 0x2e, 0x2e, 0x2e,
    0x2e, 0x2e, 0x2e, 0x2e, 0x2e, 0x2e, 0x2e, 0x2e, 0x2e, 0x2e, 0x2e, 0x2e,
    0x2e, 0x2e, 0x2e, 0x2e, 0x2e, 0x2e, 0x2e, 0x2e, 0x2e, 0x2e, 0x2e, 0x00,
    0x2e, 0x2e, 0x2e, 0x2e, 0x2e, 0x2e, 0x2e, 0x2e, 0x2e, 0x2e, 0x2e, 0x2e,
    0x2e, 0x2e, 0x2e, 0x2e, 0x2e, 0x2e, 0x2e, 0x2e, 0x2e, 0x2e, 0x2e, 0x2e,
    0x2e, 0x2e, 0x2e, 0x2e, 0x2e, 0x2e, 0x2e, 0x2e, 0x00, 0x2e, 0x2e, 0x2e,
    0x2e, 0x2e, 0x2e, 0x2e, 0x2e, 0x2e, 0x2e, 0x2e, 0x2e, 0x2e, 0x2e, 0x2e,
    0x2e, 0x2e, 0x2e, 0x2e, 0x2e, 0x2e, 0x2e, 0x2e, 0x2e, 0x2e, 0x2e, 0x2e,
    0x2e, 0x2e, 0x2e, 0x2e, 0x2e, 0x00, 0x2e, 0x2e, 0x58, 0x58, 0x58, 0x58,
    0x58, 0x58, 0x58, 0x58, 0x58, 0x58, 0x58, 0x58, 0x58, 0x58, 0x58, 0x58,
    0x58, 0x58, 0x58, 0x58, 0x58, 0x58, 0x58, 0x58, 0x58, 0x58, 0x58, 0x2e,
    0x2e, 0x2e, 0x00, 0x2e, 0x2e, 0x58, 0x58, 0x58, 0x58, 0x58, 0x58, 0x58,
    0x58, 0x58, 0x58, 0x58, 0x58, 0x58, 0x58, 0x58, 0x58, 0x58, 0x58, 0x58,
    0x58, 0x58, 0x58, 0x58, 0x58, 0x58, 0x58, 0x58, 0x2e, 0x2e, 0x2e, 0x00,
    0x2e, 0x2e, 0x58, 0x58, 0x58, 0x58, 0x58, 0x58, 0x58, 0x58, 0x58, 0x58,
    0x58, 0x58, 0x58, 0x58, 0x58, 0x58, 0x58, 0x58, 0x58, 0x58, 0x58, 0x58,
    0x58, 0x58, 0x58, 0x58, 0x58, 0x58, 0x2e, 0x2e, 0x00, 0x2e, 0x2e, 0x58,
    0x58, 0x58, 0x58, 0x58, 0x58, 0x58, 0x58, 0x58, 0x58, 0x58, 0x58, 0x58,
    0x58, 0x58, 0x58, 0x58, 0x58, 0x58, 0x58, 0x58, 0x58, 0x58, 0x58, 0x58,
    0x58, 0x58, 0x58, 0x2e, 0x2e, 0x00, 0x2e, 0x2e, 0x58, 0x2e, 0x2e, 0x2e,
    0x2e, 0x2e, 0x2e, 0x2e, 0x2e, 0x2e, 0x2e, 0x2e, 0x2e, 0x2e, 0x2e, 0x2e,
    0x2e, 0x2e, 0x2e, 0x2e, 0x2e, 0x2e, 0x2e, 0x2e, 0x2e, 0x2e, 0x2e, 0x58,
    0x2e, 0x2e, 0x00, 0x2e, 0x2e, 0x58, 0x2e, 0x2e, 0x2e, 0x2e, 0x2e, 0x2e,
    0x2e, 0x2e, 0x2e, 0x2e, 0x2e, 0x2e, 0x2e, 0x2e, 0x2e, 0x2e, 0x2e, 0x2e,
    0x2e, 0x2e, 0x2e, 0x2e, 0x2e, 0x2e, 0x2e, 0x2e, 0x58, 0x2e, 0x2e, 0x00,
    0x2e, 0x2e, 0x58, 0x2e, 0x2e, 0x2e, 0x2e, 0x2e, 0x2e, 0x2e, 0x2e, 0x2e,
    0x2e, 0x2e, 0x2e, 0x2e, 0x2e, 0x2e, 0x2e, 0x2e, 0x2e, 0x2e, 0x2e, 0x2e,
    0x2e, 0x2e, 0x2e, 0x2e, 0x2e, 0x58, 0x2e, 0x2e, 0x00, 0x2e, 0x2e, 0x58,
    0x2e, 0x2e, 0x2e, 0x2e, 0x2e, 0x2e, 0x2e, 0x2e, 0x2e, 0x2e, 0x2e, 0x2e,
    0x2e, 0x2e, 0x2e, 0x2e, 0x2e, 0x2e, 0x2e, 0x2e, 0x2e, 0x2e, 0x2e, 0x2e,
    0x2e, 0x2e, 0x58, 0x2e, 0x2e, 0x00, 0x2e, 0x2e, 0x58, 0x2e, 0x2e, 0x2e,
    0x2e, 0x2e, 0x2e, 0x2e, 0x2e, 0x2e, 0x2e, 0x2e, 0x2e, 0x2e, 0x2e, 0x2e,
    0x2e, 0x2e, 0x2e, 0x2e, 0x2e, 0x2e, 0x2e, 0x2e, 0x2e, 0x2e, 0x2e, 0x58,
    0x2e, 0x2e, 0x00, 0x2e, 0x2e, 0x58, 0x2e, 0x2e, 0x2e, 0x2e, 0x2e, 0x2e,
    0x2e, 0x2e, 0x2e, 0x2e, 0x2e, 0x2e, 0x2e, 0x2e, 0x2e, 0x2e, 0x2e, 0x2e,
    0x2e, 0x2e, 0x2e, 0x2e, 0x2e, 0x2e, 0x2e, 0x2e, 0x58, 0x2e, 0x2e, 0x00,
    0x2e, 0x2e, 0x58, 0x2e, 0x2e, 0x2e, 0x2e, 0x2e, 0x2e, 0x2e, 0x2e, 0x2e,
    0x2e, 0x2e, 0x2e, 0x2e, 0x2e, 0x2e, 0x2e, 0x2e, 0x2e, 0x2e, 0x2e, 0x2e,
    0x2e, 0x2e, 0x2e, 0x2e, 0x2e, 0x58, 0x2e, 0x2e, 0x00, 0x2e, 0x2e, 0x58,
    0x2e, 0x2e, 0x2e, 0x2e, 0x2e, 0x2e, 0x2e, 0x2e, 0x2e, 0x2e, 0x2e, 0x2e,
    0x2e, 0x2e, 0x2e, 0x2e, 0x2e, 0x2e, 0x2e, 0x2e, 0x2e, 0x2e, 0x2e, 0x2e,
    0x2e, 0x2e, 0x58, 0x2e, 0x2e, 0x00, 0x2e, 0x2e, 0x58, 0x2e, 0x2e, 0x2e,
    0x2e, 0x2e, 0x2e, 0x2e, 0x2e, 0x2e, 0x2e, 0x2e, 0x2e, 0x2e, 0x2e, 0x2e,
    0x2e, 0x2e, 0x2e, 0x2e, 0x2e, 0x2e, 0x2e, 0x2e, 0x2e, 0x2e, 0x2e, 0x58,
    0x2e, 0x2e, 0x00, 0x2e, 0x2e, 0x58, 0x2e, 0x2e, 0x2e, 0x2e, 0x2e, 0x2e,
    0x2e, 0x2e, 0x2e, 0x2e, 0x2e, 0x2e, 0x2e, 0x2e, 0x2e, 0x2e, 0x2e, 0x2e,
    0x2e, 0x2e, 0x2e, 0x2e, 0x2e, 0x2e, 0x2e, 0x2e, 0x58, 0x2e, 0x2e, 0x00,
    0x2e, 0x2e, 0x58, 0x2e, 0x2e, 0x2e, 0x2e, 0x2e, 0x2e, 0x2e, 0x2e, 0x2e,
    0x2e, 0x2e, 0x2e, 0x2e, 0x2e, 0x2e, 0x2e, 0x2e, 0x2e, 0x2e, 0x2e, 0x2e,
    0x2e, 0x2e, 0x2e, 0x2e, 0x2e, 0x58, 0x2e, 0x2e, 0x00, 0x2e, 0x2e, 0x58,
    0x2e, 0x2e, 0x2e, 0x2e, 0x2e, 0x2e, 0x2e, 0x2e, 0x2e, 0x2e, 0x2e, 0x2e,
    0x2e, 0x2e, 0x2e, 0x2e, 0x2e, 0x2e, 0x2e, 0x2e, 0x2e, 0x2e, 0x2e, 0x2e,
    0x2e, 0x2e, 0x58, 0x2e, 0x2e, 0x00, 0x2e, 0x2e, 0x58, 0x2e, 0x2e, 0x2e,
    0x2e, 0x2e, 0x2e, 0x2e, 0x2e, 0x2e, 0x2e, 0x2e, 0x2e, 0x2e, 0x2e, 0x2e,
    0x2e, 0x2e, 0x2e, 0x2e, 0x2e, 0x2e, 0x2e, 0x2e, 0x2e, 0x2e, 0x2e, 0x58,
    0x2e, 0x2e, 0x00, 0x2e, 0x2e, 0x58, 0x2e, 0x2e, 0x2e, 0x2e, 0x2e, 0x2e,
    0x2e, 0x2e, 0x2e, 0x2e, 0x2e, 0x2e, 0x2e, 0x2e, 0x2e, 0x2e, 0x2e, 0x2e,
    0x2e, 0x2e, 0x2e, 0x2e, 0x2e, 0x2e, 0x2e, 0x2e, 0x58, 0x2e, 0x2e, 0x00,
    0x2e, 0x2e, 0x58, 0x2e, 0x2e, 0x2e, 0x2e, 0x2e, 0x2e, 0x2e, 0x2e, 0x2e,
    0x2e, 0x2e, 0x2e, 0x2e, 0x2e, 0x2e, 0x2e, 0x2e, 0x2e, 0x2e, 0x2e, 0x2e,
    0x2e, 0x2e, 0x2e, 0x2e, 0x2e, 0x58, 0x2e, 0x2e, 0x00, 0x2e, 0x2e, 0x58,
    0x2e, 0x2e, 0x2e, 0x2e, 0x2e, 0x2e, 0x2e, 0x2e, 0x2e, 0x2e, 0x2e, 0x2e,
    0x2e, 0x2e, 0x2e, 0x2e, 0x2e, 0x2e, 0x2e, 0x2e, 0x2e, 0x2e, 0x2e, 0x2e,
    0x2e, 0x2e, 0x58, 0x2e, 0x2e, 0x00, 0x2e, 0x2e, 0x58, 0x2e, 0x2e, 0x2e,
    0x2e, 0x2e, 0x2e, 0x2e, 0x2e, 0x2e, 0x2e, 0x2e, 0x2e, 0x2e, 0x2e, 0x2e,
    0x2e, 0x2e, 0x2e, 0x2e, 0x2e, 0x2e, 0x2e, 0x2e, 0x2e, 0x2e, 0x2e, 0x58,
    0x2e, 0x2e, 0x00, 0x2e, 0x2e, 0x58, 0x2e, 0x2e, 0x2e, 0x2e, 0x2e, 0x2e,
    0x2e, 0x2e, 0x2e, 0x2e, 0x2e, 0x2e, 0x2e, 0x2e, 0x2e, 0x2e, 0x2e, 0x2e,
    0x2e, 0x2e, 0x2e, 0x2e, 0x2e, 0x2e, 0x2e, 0x2e, 0x58, 0x2e, 0x2e, 0x00,
    0x2e, 0x2e, 0x58, 0x2e, 0x2e, 0x2e, 0x2e, 0x2e, 0x2e, 0x2e, 0x2e, 0x2e,
    0x2e, 0x2e, 0x2e, 0x2e, 0x2e, 0x2e, 0x2e, 0x2e, 0x2e, 0x2e, 0x2e, 0x2e,
    0x2e, 0x2e, 0x2e, 0x2e, 0x2e, 0x58, 0x2e, 0x2e, 0x00, 0x2e, 0x2e, 0x58,
    0x2e, 0x2e, 0x2e, 0x2e, 0x2e, 0x2e, 0x2e, 0x2e, 0x2e, 0x2e, 0x2e, 0x2e,
    0x2e, 0x2e, 0x2e, 0x2e, 0x2e, 0x2e, 0x2e, 0x2e, 0x2e, 0x2e, 0x2e, 0x2e,
    0x2e, 0x2e, 0x58, 0x2e, 0x2e, 0x00, 0x2e, 0x2e, 0x58, 0x2e, 0x2e, 0x2e,
    0x2e, 0x2e, 0x2e, 0x2e, 0x2e, 0x2e, 0x2e, 0x2e, 0x2e, 0x2e, 0x2e, 0x2e,
    0x2e, 0x2e, 0x2e, 0x2e, 0x2e, 0x2e, 0x2e, 0x2e, 0x2e, 0x2e, 0x2e, 0x58,
    0x2e, 0x2e, 0x00, 0x2e, 0x2e, 0x58, 0x2e, 0x2e, 0x2e, 0x2e, 0x2e, 0x2e,
    0x2e, 0x2e, 0x2e, 0x2e, 0x2e, 0x2e, 0x2e, 0x2e, 0x2e, 0x2e, 0x2e, 0x2e,
    0x2e, 0x2e, 0x2e, 0x2e, 0x2e, 0x2e, 0x2e, 0x2e, 0x58, 0x2e, 0x2e, 0x00,
    0x2e, 0x2e, 0x58, 0x58, 0x58, 0x58, 0x58, 0x58, 0x58, 0x58, 0x58, 0x58,
    0x58, 0x58, 0x58, 0x58, 0x58, 0x58, 0x58, 0x58, 0x58, 0x58, 0x58, 0x58,
    0x58, 0x58, 0x58, 0x58, 0x58, 0x58, 0x58, 0x58, 0x00, 0x2e, 0x2e, 0x2e,
    0x2e, 0x2e, 0x2e, 0x2e, 0x2e, 0x2e, 0x2e, 0x2e, 0x2e, 0x2e, 0x2e, 0x2e,
    0x2e, 0x2e, 0x2e, 0x2e, 0x2e, 0x2e, 0x2e, 0x2e, 0x2e, 0x2e, 0x2e, 0x2e,
    0x2e, 0x2e, 0x2e, 0x2e, 0x2e, 0x00, 0x2e, 0x2e, 0x2e, 0x2e, 0x2e, 0x2e,
    0x2e, 0x2e, 0x2e, 0x2e, 0x2e, 0x2e, 0x2e, 0x2e, 0x2e, 0x2e, 0x2e, 0x2e,
    0x2e, 0x2e, 0x2e, 0x2e, 0x2e, 0x2e, 0x2e, 0x2e, 0x2e, 0x2e, 0x2e, 0x2e,
    0x2e, 0x2e, 0x00, 0x2e, 0x2e, 0x2e, 0x2e, 0x2e, 0x2e, 0x2e, 0x2e, 0x2e,
    0x2e, 0x2e, 0x2e, 0x2e, 0x2e, 0x2e, 0x2e, 0x2e, 0x2e, 0x2e, 0x2e, 0x2e,
    0x2e, 0x2e, 0x2e, 0x2e, 0x2e, 0x2e, 0x2e, 0x2e, 0x2e, 0x2e, 0x2e, 0x00,
    0x58, 0x58, 0x58, 0x58, 0x58, 0x58, 0x58, 0x58, 0x58, 0x58, 0x58, 0x58,
    0x58, 0x58, 0x58, 0x58, 0x58, 0x58, 0x58, 0x58, 0x58, 0x58, 0x58, 0x58,
    0x58, 0x58, 0x58, 0x58, 0x58, 0x58, 0x58, 0x58, 0x00, 0x58, 0x58, 0x58,
    0x58, 0x58, 0x58, 0x58, 0x58, 0x58, 0x58, 0x58, 0x58, 0x58, 0x58, 0x58,
    0x58, 0x58, 0x58, 0x58, 0x58, 0x58, 0x58, 0x58, 0x58, 0x58, 0x58, 0x58,
    0x58, 0x58, 0x58, 0x58, 0x58, 0x00, 0x58, 0x2e, 0x2e, 0x2e, 0x2e, 0x2e,
    0x2e, 0x2e, 0x2e, 0x2e, 0x2e, 0x2e, 0x2e, 0x2e, 0x2e, 0x2e, 0x2e, 0x2e,
    0x2e, 0x2e, 0x2e, 0x2e, 0x2e, 0x2e, 0x2e, 0x2e, 0x2e, 0x2e, 0x2e, 0x2e,
    0x2e, 0x58, 0x00, 0x58, 0x2e, 0x2e, 0x2e, 0x2e, 0x2e, 0x2e, 0x2e, 0x2e,
    0x2e, 0x2e, 0x2e, 0x2e, 0x2e, 0x2e, 0x2e, 0x2e, 0x2e, 0x2e, 0x2e, 0x2e,
    0x2e, 0x2e, 0x2e, 0x2e, 0x2e, 0x2e, 0x2e, 0x2e, 0x2e, 0x2e, 0x58, 0x00,
    0x58, 0x2e, 0x2e, 0x2e, 0x2e, 0x2e, 0x2e, 0x2e, 0x2e, 0x2e, 0x2e, 0x2e,
    0x2e, 0x2e, 0x2e, 0x2e, 0x2e, 0x2e, 0x2e, 0x2e, 0x2e, 0x2e, 0x2e, 0x2e,
    0x2e, 0x2e, 0x2e, 0x2e, 0x2e, 0x2e, 0x2e, 0x58, 0x00, 0x58, 0x2e, 0x2e,
    0x2e, 0x2e, 0x2e, 0x2e, 0x2e, 0x2e, 0x2e, 0x2e, 0x58, 0x58, 0x58, 0x58,
    0x58, 0x58, 0x58, 0x2e, 0x2e, 0x2e, 0x2e, 0x2e, 0x2e, 0x2e, 0x2e, 0x2e,
    0x2e, 0x2e, 0x2e, 0x2e, 0x58, 0x00, 0x58, 0x2e, 0x2e, 0x2e, 0x2e, 0x2e,
    0x2e, 0x2e, 0x2e, 0x2e, 0x58, 0x58, 0x58, 0x58, 0x58, 0x58, 0x58, 0x58,
    0x2e, 0x2e, 0x2e, 0x2e, 0x2e, 0x2e, 0x2e, 0x2e, 0x2e, 0x2e, 0x2e, 0x2e,
    0x2e, 0x58, 0x00, 0x58, 0x2e, 0x2e, 0x2e, 0x2e, 0x2e, 0x2e, 0x2e, 0x2e,
    0x2e, 0x58, 0x58, 0x58, 0x58, 0x58, 0x58, 0x58, 0x58, 0x2e, 0x2e, 0x2e,
    0x2e, 0x2e, 0x2e, 0x2e, 0x2e, 0x2e, 0x2e, 0x2e, 0x2e, 0x2e, 0x58, 0x00,
    0x58, 0x2e, 0x2e, 0x2e, 0x2e, 0x2e, 0x2e, 0x2e, 0x2e, 0x58, 0x58, 0x2e,
    0x2e, 0x2e, 0x2e, 0x58, 0x58, 0x58, 0x2e, 0x2e, 0x2e, 0x2e, 0x2e, 0x2e,
    0x2e, 0x2e, 0x2e, 0x2e, 0x2e, 0x2e, 0x2e, 0x58, 0x00, 0x58, 0x2e, 0x2e,
    0x2e, 0x2e, 0x2e, 0x2e, 0x2e, 0x2e, 0x58, 0x58, 0x2e, 0x2e, 0x2e, 0x2e,
    0x58, 0x58, 0x58, 0x2e, 0x2e, 0x2e, 0x2e, 0x2e, 0x2e, 0x2e, 0x2e, 0x2e,
    0x2e, 0x2e, 0x2e, 0x2e, 0x58, 0x00, 0x58, 0x2e, 0x2e, 0x2e, 0x2e, 0x2e,
    0x2e, 0x2e, 0x2e, 0x58, 0x58, 0x2e, 0x2e, 0x2e, 0x2e, 0x58, 0x58, 0x58,
    0x2e, 0x2e, 0x2e, 0x2e, 0x2e, 0x2e, 0x2e, 0x2e, 0x2e, 0x2e, 0x2e, 0x2e,
    0x2e, 0x58, 0x00, 0x58, 0x2e, 0x2e, 0x2e, 0x2e, 0x2e, 0x2e, 0x2e, 0x2e,
    0x2e, 0x2e, 0x2e, 0x2e, 0x2e, 0x58, 0x58, 0x58, 0x2e, 0x2e, 0x2e, 0x2e,
    0x2e, 0x2e, 0x2e, 0x2e, 0x2e, 0x2e, 0x2e, 0x2e, 0x2e, 0x2e, 0x58, 0x00,
    0x58, 0x2e, 0x2e, 0x2e, 0x2e, 0x2e, 0x2e, 0x2e, 0x2e, 0x2e, 0x2e, 0x2e,
    0x2e, 0x2e, 0x58, 0x58, 0x2e, 0x2e, 0x2e, 0x2e, 0x2e, 0x2e, 0x2e, 0x2e,
    0x2e, 0x2e, 0x2e, 0x2e, 0x2e, 0x2e, 0x2e, 0x58, 0x00, 0x58, 0x2e, 0x2e,
    0x2e, 0x2e, 0x2e, 0x2e, 0x2e, 0x2e, 0x2e, 0x2e, 0x2e, 0x2e, 0x58, 0x58,
    0x2e, 0x2e, 0x2e, 0x2e, 0x2e, 0x2e, 0x2e, 0x2e, 0x2e, 0x2e, 0x2e, 0x2e,
    0x2e, 0x2e, 0x2e, 0x2e, 0x58, 0x00, 0x58, 0x2e, 0x2e, 0x2e, 0x2e, 0x2e,
    0x2e, 0x2e, 0x2e, 0x2e, 0x2e, 0x2e, 0x2e, 0x58, 0x58, 0x2e, 0x2e, 0x2e,
    0x2e, 0x2e, 0x2e, 0x2e, 0x2e, 0x2e, 0x2e, 0x2e, 0x2e, 0x2e, 0x2e, 0x2e,
    0x2e, 0x58, 0x00, 0x58, 0x2e, 0x2e, 0x2e, 0x2e, 0x2e, 0x2e, 0x2e, 0x2e,
    0x2e, 0x2e, 0x2e, 0x2e, 0x2e, 0x2e, 0x2e, 0x2e, 0x2e, 0x2e, 0x2e, 0x2e,
    0x2e, 0x2e, 0x2e, 0x2e, 0x2e, 0x2e, 0x2e, 0x2e, 0x2e, 0x2e, 0x58, 0x00,
    0x58, 0x2e, 0x2e, 0x2e, 0x2e, 0x2e, 0x2e, 0x2e, 0x2e, 0x2e, 0x2e, 0x2e,
    0x2e, 0x2e, 0x2e, 0x2e, 0x2e, 0x2e, 0x2e, 0x2e, 0x2e, 0x2e, 0x2e, 0x2e,
    0x2e, 0x2e, 0x2e, 0x2e, 0x2e, 0x2e, 0x2e, 0x58, 0x00, 0x58, 0x2e, 0x2e,
    0x2e, 0x2e, 0x2e, 0x2e, 0x2e, 0x2e, 0x2e, 0x2e, 0x2e, 0x2e, 0x58, 0x58,
    0x2e, 0x2e, 0x2e, 0x2e, 0x2e, 0x2e, 0x2e, 0x2e, 0x2e, 0x2e, 0x2e, 0x2e,
    0x2e, 0x2e, 0x2e, 0x2e, 0x58, 0x00, 0x58, 0x2e, 0x2e, 0x2e, 0x2e, 0x2e,
    0x2e, 0x2e, 0x2e, 0x2e, 0x2e, 0x2e, 0x2e, 0x58, 0x58, 0x2e, 0x2e, 0x2e,
    0x2e, 0x2e, 0x2e, 0x2e, 0x2e, 0x2e, 0x2e, 0x2e, 0x2e, 0x2e, 0x2e, 0x2e,
    0x2e, 0x58, 0x00, 0x58, 0x2e, 0x2e, 0x2e, 0x2e, 0x2e, 0x2e, 0x2e, 0x2e,
    0x2e, 0x2e, 0x2e, 0x2e, 0x2e, 0x2e, 0x2e, 0x2e, 0x2e, 0x2e, 0x2e, 0x2e,
    0x2e, 0x2e, 0x2e, 0x2e, 0x2e, 0x2e, 0x2e, 0x2e, 0x2e, 0x2e, 0x58, 0x00,
    0x58, 0x2e, 0x2e, 0x2e, 0x2e, 0x2e, 0x2e, 0x2e, 0x2e, 0x2e, 0x2e, 0x2e,
    0x2e, 0x2e, 0x2e, 0x2e, 0x2e, 0x2e, 0x2e, 0x2e, 0x2e, 0x2e, 0x2e, 0x2e,
    0x2e, 0x2e, 0x2e, 0x2e, 0x2e, 0x2e, 0x2e, 0x58, 0x00, 0x58, 0x2e, 0x2e,
    0x2e, 0x2e, 0x2e, 0x2e, 0x2e, 0x2e, 0x2e, 0x2e, 0x2e, 0x2e, 0x2e, 0x2e,
    0x2e, 0x2e, 0x2e, 0x2e, 0x2e, 0x2e, 0x2e, 0x2e, 0x2e, 0x2e, 0x2e, 0x2e,
    0x2e, 0x2e, 0x2e, 0x2e, 0x58, 0x00, 0x58, 0x2e, 0x2e, 0x2e, 0x2e, 0x2e,
    0x2e, 0x2e, 0x2e, 0x2e, 0x2e, 0x2e, 0x2e, 0x2e, 0x2e, 0x2e, 0x2e, 0x2e,
    0x2e, 0x2e, 0x2e, 0x2e, 0x2e, 0x2e, 0x2e, 0x2e, 0x2e, 0x2e, 0x2e, 0x2e,
    0x2e, 0x58, 0x00, 0x58, 0x2e, 0x2e, 0x2e, 0x2e, 0x2e, 0x2e, 0x2e, 0x2e,
    0x2e, 0x2e, 0x2e, 0x2e, 0x2e, 0x2e, 0x2e, 0x2e, 0x2e, 0x2e, 0x2e, 0x2e,
    0x2e, 0x2e, 0x2e, 0x2e, 0x2e, 0x2e, 0x2e, 0x2e, 0x2e, 0x2e, 0x58, 0x00,
    0x58, 0x2e, 0x2e, 0x2e, 0x2e, 0x2e, 0x2e, 0x2e, 0x2e, 0x2e, 0x2e, 0x2e,
    0x2e, 0x2e, 0x2e, 0x2e, 0x2e, 0x2e, 0x2e, 0x2e, 0x2e, 0x2e, 0x2e, 0x2e,
    0x2e, 0x2e, 0x2e, 0x2e, 0x2e, 0x2e, 0x2e, 0x58, 0x00, 0x58, 0x2e, 0x2e,
    0x2e, 0x2e, 0x2e, 0x2e, 0x2e, 0x2e, 0x2e, 0x2e, 0x2e, 0x2e, 0x2e, 0x2e,
    0x2e, 0x2e, 0x2e, 0x2e, 0x2e, 0x2e, 0x2e, 0x2e, 0x2e, 0x2e, 0x2e, 0x2e,
    0x2e, 0x2e, 0x2e, 0x2e, 0x58, 0x00, 0x58, 0x2e, 0x2e, 0x2e, 0x2e, 0x2e,
    0x2e, 0x2e, 0x2e, 0x2e, 0x2e, 0x2e, 0x2e, 0x2e, 0x2e, 0x2e, 0x2e, 0x2e,
    0x2e, 0x2e, 0x2e, 0x2e, 0x2e, 0x2e, 0x2e, 0x2e, 0x2e, 0x2e, 0x2e, 0x2e,
    0x2e, 0x58, 0x00, 0x58, 0x2e, 0x2e, 0x2e, 0x2e, 0x2e, 0x2e, 0x2e, 0x2e,
    0x2e, 0x2e, 0x2e, 0x2e, 0x2e, 0x2e, 0x2e, 0x2e, 0x2e, 0x2e, 0x2e, 0x2e,
    0x2e, 0x2e, 0x2e, 0x2e, 0x2e, 0x2e, 0x2e, 0x2e, 0x2e, 0x2e, 0x58, 0x00,
    0x58, 0x2e, 0x2e, 0x2e, 0x2e, 0x2e, 0x2e, 0x2e, 0x2e, 0x2e, 0x2e, 0x2e,
    0x2e, 0x2e, 0x2e, 0x2e, 0x2e, 0x2e, 0x2e, 0x2e, 0x2e, 0x2e, 0x2e, 0x2e,
    0x2e, 0x2e, 0x2e, 0x2e, 0x2e, 0x2e, 0x2e, 0x58, 0x00, 0x58, 0x2e, 0x2e,
    0x2e, 0x2e, 0x2e, 0x2e, 0x2e, 0x2e, 0x2e, 0x2e, 0x2e, 0x2e, 0x2e, 0x2e,
    0x2e, 0x2e, 0x2e, 0x2e, 0x2e, 0x2e, 0x2e, 0x2e, 0x2e, 0x2e, 0x2e, 0x2e,
    0x2e, 0x2e, 0x2e, 0x2e, 0x58, 0x00, 0x58, 0x2e, 0x2e, 0x2e, 0x2e, 0x2e,
    0x2e, 0x2e, 0x2e, 0x2e, 0x2e, 0x2e, 0x2e, 0x2e, 0x2e, 0x2e, 0x2e, 0x2e,
    0x2e, 0x2e, 0x2e, 0x2e, 0x2e, 0x2e, 0x2e, 0x2e, 0x2e, 0x2e, 0x2e, 0x2e,
    0x2e, 0x58, 0x00, 0x58, 0x58, 0x58, 0x58, 0x58, 0x58, 0x58, 0x58, 0x58,
    0x58, 0x58, 0x58, 0x58, 0x58, 0x58, 0x58, 0x58, 0x58, 0x58, 0x58, 0x58,
    0x58, 0x58, 0x58, 0x58, 0x58, 0x58, 0x58, 0x58, 0x58, 0x58, 0x58, 0x00,
    0x2e, 0x2e, 0x2e, 0x2e, 0x2e, 0x2e, 0x2e, 0x2e, 0x2e, 0x2e, 0x2e, 0x2e,
    0x2e, 0x2e, 0x2e, 0x2e, 0x2e, 0x2e, 0x2e, 0x2e, 0x2e, 0x2e, 0x2e, 0x2e,
    0x2e, 0x2e, 0x2e, 0x2e, 0x2e, 0x2e, 0x2e, 0x2e, 0x00, 0x2e, 0x2e, 0x2e,
    0x2e, 0x2e, 0x2e, 0x2e, 0x2e, 0x2e, 0x2e, 0x2e, 0x2e, 0x2e, 0x2e, 0x2e,
    0x2e, 0x2e, 0x2e, 0x2e, 0x2e, 0x2e, 0x2e, 0x2e, 0x2e, 0x2e, 0x2e, 0x2e,
    0x2e, 0x2e, 0x2e, 0x2e, 0x2e, 0x00, 0x2e, 0x2e, 0x58, 0x58, 0x58, 0x58,
    0x58, 0x58, 0x58, 0x58, 0x58, 0x58, 0x58, 0x58, 0x58, 0x58, 0x58, 0x58,
    0x58, 0x58, 0x58, 0x58, 0x58, 0x58, 0x58, 0x58, 0x58, 0x58, 0x58, 0x58,
    0x2e, 0x2e, 0x00, 0x2e, 0x2e, 0x58, 0x2e, 0x2e, 0x2e, 0x2e, 0x2e, 0x2e,
    0x2e, 0x2e, 0x2e, 0x2e, 0x2e, 0x2e, 0x2e, 0x2e, 0x2e, 0x2e, 0x2e, 0x2e,
    0x2e, 0x2e, 0x2e, 0x2e, 0x2e, 0x2e, 0x2e, 0x2e, 0x58, 0x2e, 0x2e, 0x00,
    0x2e, 0x2e, 0x58, 0x2e, 0x2e, 0x2e, 0x2e, 0x2e, 0x2e, 0x2e, 0x2e, 0x2e,
    0x2e, 0x2e, 0x2e, 0x2e, 0x2e, 0x2e, 0x2e, 0x2e, 0x2e, 0x2e, 0x2e, 0x2e,
    0x2e, 0x2e, 0x2e, 0x2e, 0x2e, 0x58, 0x2e, 0x2e, 0x00, 0x2e, 0x2e, 0x58,
    0x2e, 0x2e, 0x2e, 0x2e, 0x2e, 0x2e, 0x2e, 0x2e, 0x2e, 0x2e, 0x2e, 0x58,
    0x58, 0x58, 0x2e, 0x2e, 0x2e, 0x2e, 0x2e, 0x2e, 0x2e, 0x2e, 0x2e, 0x2e,
    0x2e, 0x2e, 0x58, 0x2e, 0x2e, 0x00, 0x2e, 0x2e, 0x58, 0x2e, 0x2e, 0x2e,
    0x2e, 0x2e, 0x2e, 0x2e, 0x2e, 0x2e, 0x2e, 0x2e, 0x58, 0x58, 0x58, 0x2e,
    0x2e, 0x2e, 0x2e, 0x2e, 0x2e, 0x2e, 0x2e, 0x2e, 0x2e, 0x2e, 0x2e, 0x58,
    0x2e, 0x2e, 0x00, 0x2e, 0x2e, 0x58, 0x2e, 0x2e, 0x2e, 0x2e, 0x2e, 0x2e,
    0x2e, 0x2e, 0x2e, 0x2e, 0x2e, 0x58, 0x58, 0x58, 0x2e, 0x2e, 0x2e, 0x2e,
    0x2e, 0x2e, 0x2e, 0x2e, 0x2e, 0x2e, 0x2e, 0x2e, 0x58, 0x2e, 0x2e, 0x00,
    0x2e, 0x2e, 0x58, 0x2e, 0x2e, 0x2e, 0x2e, 0x2e, 0x2e, 0x2e, 0x2e, 0x2e,
    0x2e, 0x2e, 0x2e, 0x2e, 0x2e, 0x2e, 0x2e, 0x2e, 0x2e, 0x2e, 0x2e, 0x2e,
    0x2e, 0x2e, 0x2e, 0x2e, 0x2e, 0x58, 0x2e, 0x2e, 0x00, 0x2e, 0x2e, 0x58,
    0x2e, 0x2e, 0x2e, 0x2e, 0x2e, 0x2e, 0x2e, 0x2e, 0x2e, 0x2e, 0x2e, 0x2e,
    0x2e, 0x2e, 0x2e, 0x2e, 0x2e, 0x2e, 0x2e, 0x2e, 0x2e, 0x2e, 0x2e, 0x2e,
    0x2e, 0x2e, 0x58, 0x2e, 0x2e, 0x00, 0x2e, 0x2e, 0x58, 0x2e, 0x2e, 0x2e,
    0x2e, 0x2e, 0x2e, 0x2e, 0x2e, 0x2e, 0x2e, 0x2e, 0x58, 0x58, 0x58, 0x2e,
    0x2e, 0x2e, 0x2e, 0x2e, 0x2e, 0x2e, 0x2e, 0x2e, 0x2e, 0x2e, 0x2e, 0x58,
    0x2e, 0x2e, 0x00, 0x2e, 0x2e, 0x58, 0x2e, 0x2e, 0x2e, 0x2e, 0x2e, 0x2e,
    0x2e, 0x2e, 0x2e, 0x2e, 0x2e, 0x58, 0x58, 0x58, 0x2e, 0x2e, 0x2e, 0x2e,
    0x2e, 0x2e, 0x2e, 0x2e, 0x2e, 0x2e, 0x2e, 0x2e, 0x58, 0x2e, 0x2e, 0x00,
    0x2e, 0x2e, 0x58, 0x2e, 0x2e, 0x2e, 0x2e, 0x2e, 0x2e, 0x2e, 0x2e, 0x2e,
    0x2e, 0x2e, 0x58, 0x58, 0x58, 0x2e, 0x2e, 0x2e, 0x2e, 0x2e, 0x2e, 0x2e,
    0x2e, 0x2e, 0x2e, 0x2e, 0x2e, 0x58, 0x2e, 0x2e, 0x00, 0x2e, 0x2e, 0x58,
    0x2e, 0x2e, 0x2e, 0x2e, 0x2e, 0x2e, 0x2e, 0x2e, 0x2e, 0x2e, 0x2e, 0x58,
    0x58, 0x58, 0x2e, 0x2e, 0x2e, 0x2e, 0x2e, 0x2e, 0x2e, 0x2e, 0x2e, 0x2e,
    0x2e, 0x2e, 0x58, 0x2e, 0x2e, 0x00, 0x2e, 0x2e, 0x58, 0x2e, 0x2e, 0x2e,
    0x2e, 0x2e, 0x2e, 0x2e, 0x2e, 0x2e, 0x2e, 0x2e, 0x58, 0x58, 0x58, 0x2e,
    0x2e, 0x2e, 0x2e, 0x2e, 0x2e, 0x2e, 0x2e, 0x2e, 0x2e, 0x2e, 0x2e, 0x58,
    0x2e, 0x2e, 0x00, 0x2e, 0x2e, 0x58, 0x2e, 0x58, 0x58, 0x58, 0x2e, 0x2e,
    0x2e, 0x2e, 0x2e, 0x2e, 0x2e, 0x2e, 0x58, 0x58, 0x58, 0x58, 0x58, 0x58,
    0x58, 0x58, 0x58, 0x2e, 0x58, 0x58, 0x58, 0x2e, 0x58, 0x2e, 0x2e, 0x00,
    0x2e, 0x2e, 0x58, 0x2e, 0x58, 0x58, 0x58, 0x2e, 0x2e, 0x2e, 0x2e, 0x2e,
    0x2e, 0x2e, 0x2e, 0x58, 0x58, 0x58, 0x58, 0x58, 0x58, 0x58, 0x58, 0x58,
    0x2e, 0x58, 0x58, 0x58, 0x2e, 0x58, 0x2e, 0x2e, 0x00, 0x2e, 0x2e, 0x58,
    0x2e, 0x2e, 0x2e, 0x2e, 0x2e, 0x2e, 0x2e, 0x2e, 0x2e, 0x2e, 0x2e, 0x58,
    0x58, 0x58, 0x2e, 0x2e, 0x2e, 0x2e, 0x2e, 0x2e, 0x2e, 0x2e, 0x2e, 0x2e,
    0x2e, 0x2e, 0x58, 0x2e, 0x2e, 0x00, 0x2e, 0x2e, 0x58, 0x2e, 0x2e, 0x2e,
    0x2e, 0x2e, 0x2e, 0x2e, 0x2e, 0x2e, 0x2e, 0x2e, 0x58, 0x58, 0x58, 0x2e,
    0x2e, 0x2e, 0x2e, 0x2e, 0x2e, 0x2e, 0x2e, 0x2e, 0x2e, 0x2e, 0x2e, 0x58,
    0x2e, 0x2e, 0x00, 0x2e, 0x2e, 0x58, 0x2e, 0x2e, 0x2e, 0x2e, 0x2e, 0x2e,
    0x2e, 0x2e, 0x2e, 0x2e, 0x2e, 0x58, 0x58, 0x58, 0x2e, 0x2e, 0x2e, 0x2e,
    0x2e, 0x2e, 0x2e, 0x2e, 0x2e, 0x2e, 0x2e, 0x2e, 0x58, 0x2e, 0x2e, 0x00,
    0x2e, 0x2e, 0x58, 0x2e, 0x2e, 0x2e, 0x2e, 0x2e, 0x2e, 0x2e, 0x2e, 0x2e,
    0x2e, 0x2e, 0x58, 0x58, 0x58, 0x2e, 0x2e, 0x2e, 0x2e, 0x2e, 0x2e, 0x2e,
    0x2e, 0x2e, 0x2e, 0x2e, 0x2e, 0x58, 0x2e, 0x2e, 0x00, 0x2e, 0x2e, 0x58,
    0x2e, 0x2e, 0x2e, 0x2e, 0x2e, 0x2e, 0x2e, 0x2e, 0x2e, 0x2e, 0x2e, 0x58,
    0x58, 0x58, 0x2e, 0x2e, 0x2e, 0x2e, 0x2e, 0x2e, 0x2e, 0x2e, 0x2e, 0x2e,
    0x2e, 0x2e, 0x58, 0x2e, 0x2e, 0x00, 0x2e, 0x2e, 0x58, 0x2e, 0x2e, 0x2e,
    0x2e, 0x2e, 0x2e, 0x2e, 0x2e, 0x2e, 0x2e, 0x2e, 0x58, 0x58, 0x58, 0x2e,
    0x2e, 0x2e, 0x2e, 0x2e, 0x2e, 0x2e, 0x2e, 0x2e, 0x2e, 0x2e, 0x2e, 0x58,
    0x2e, 0x2e, 0x00, 0x2e, 0x2e, 0x58, 0x2e, 0x2e, 0x2e, 0x2e, 0x2e, 0x2e,
    0x2e, 0x2e, 0x2e, 0x2e, 0x2e, 0x2e, 0x2e, 0x2e, 0x2e, 0x2e, 0x2e, 0x2e,
    0x2e, 0x2e, 0x2e, 0x2e, 0x2e, 0x2e, 0x2e, 0x2e, 0x58, 0x2e, 0x2e, 0x00,
    0x2e, 0x2e, 0x58, 0x2e, 0x2e, 0x2e, 0x2e, 0x2e, 0x2e, 0x2e, 0x2e, 0x2e,
    0x2e, 0x2e, 0x58, 0x58, 0x58, 0x2e, 0x2e, 0x2e, 0x2e, 0x2e, 0x2e, 0x2e,
    0x2e, 0x2e, 0x2e, 0x2e, 0x2e, 0x58, 0x2e, 0x2e, 0x00, 0x2e, 0x2e, 0x58,
    0x2e, 0x2e, 0x2e, 0x2e, 0x2e, 0x2e, 0x2e, 0x2e, 0x2e, 0x2e, 0x2e, 0x58,
    0x58, 0x58, 0x2e, 0x2e, 0x2e, 0x2e, 0x2e, 0x2e, 0x2e, 0x2e, 0x2e, 0x2e,
    0x2e, 0x2e, 0x58, 0x2e, 0x2e, 0x00, 0x2e, 0x2e, 0x58, 0x2e, 0x2e, 0x2e,
    0x2e, 0x2e, 0x2e, 0x2e, 0x2e, 0x2e, 0x2e, 0x2e, 0x58, 0x58, 0x58, 0x2e,
    0x2e, 0x2e, 0x2e, 0x2e, 0x2e, 0x2e, 0x2e, 0x2e, 0x2e, 0x2e, 0x2e, 0x58,
    0x2e, 0x2e, 0x00, 0x2e, 0x2e, 0x58, 0x2e, 0x2e, 0x2e, 0x2e, 0x2e, 0x2e,
    0x2e, 0x2e, 0x2e, 0x2e, 0x2e, 0x2e, 0x2e, 0x2e, 0x2e, 0x2e, 0x2e, 0x2e,
    0x2e, 0x2e, 0x2e, 0x2e, 0x2e, 0x2e, 0x2e, 0x2e, 0x58, 0x2e, 0x2e, 0x00,
    0x2e, 0x2e, 0x58, 0x2e, 0x2e, 0x2e, 0x2e, 0x2e, 0x2e, 0x2e, 0x2e, 0x2e,
    0x2e, 0x2e, 0x2e, 0x2e, 0x2e, 0x2e, 0x2e, 0x2e, 0x2e, 0x2e, 0x2e, 0x2e,
    0x2e, 0x2e, 0x2e, 0x2e, 0x2e, 0x58, 0x2e, 0x2e, 0x00, 0x2e, 0x2e, 0x58,
    0x58, 0x58, 0x58, 0x58, 0x58, 0x58, 0x58, 0x58, 0x58, 0x58, 0x58, 0x58,
    0x58, 0x58, 0x58, 0x58, 0x58, 0x58, 0x58, 0x58, 0x58, 0x58, 0x58, 0x58,
    0x58, 0x58, 0x58, 0x2e, 0x2e, 0x00, 0x2e, 0x2e, 0x2e, 0x2e, 0x2e, 0x2e,
    0x2e, 0x2e, 0x2e, 0x2e, 0x2e, 0x2e, 0x2e, 0x2e, 0x2e, 0x2e, 0x2e, 0x2e,
    0x2e, 0x2e, 0x2e, 0x2e, 0x2e, 0x2e, 0x2e, 0x2e, 0x2e, 0x2e, 0x2e, 0x2e,
    0x2e, 0x2e, 0x00, 0x2e, 0x2e, 0x2e, 0x2e, 0x2e, 0x2e, 0x2e, 0x2e, 0x2e,
    0x2e, 0x2e, 0x2e, 0x2e, 0x2e, 0x2e, 0x2e, 0x2e, 0x2e, 0x2e, 0x2e, 0x2e,
    0x2e, 0x2e, 0x2e, 0x2e, 0x2e, 0x2e, 0x2e, 0x2e, 0x2e, 0x2e, 0x2e, 0x00,
    0x58, 0x58, 0x58, 0x58, 0x58, 0x58, 0x58, 0x58, 0x58, 0x58, 0x58, 0x58,
    0x58, 0x58, 0x58, 0x58, 0x58, 0x58, 0x58, 0x58, 0x58, 0x58, 0x58, 0x58,
    0x58, 0x58, 0x58, 0x58, 0x58, 0x58, 0x58, 0x58, 0x00, 0x58, 0x58, 0x58,
    0x58, 0x58, 0x58, 0x58, 0x58, 0x58, 0x58, 0x58, 0x58, 0x58, 0x58, 0x58,
    0x58, 0x58, 0x58, 0x58, 0x58, 0x58, 0x58, 0x58, 0x58, 0x58, 0x58, 0x58,
    0x58, 0x58, 0x58, 0x58, 0x58, 0x00, 0x58, 0x58, 0x58, 0x58, 0x58, 0x58,
    0x58, 0x58, 0x58, 0x58, 0x58, 0x58, 0x58, 0x58, 0x58, 0x58, 0x58, 0x58,
    0x58, 0x58, 0x58, 0x58, 0x58, 0x58, 0x58, 0x58, 0x58, 0x58, 0x58, 0x58,
    0x58, 0x58, 0x00, 0x58, 0x58, 0x58, 0x58, 0x58, 0x58, 0x58, 0x58, 0x58,
    0x58, 0x58, 0x58, 0x58, 0x58, 0x58, 0x58, 0x58, 0x58, 0x58, 0x58, 0x58,
    0x58, 0x58, 0x58, 0x58, 0x58, 0x58, 0x58, 0x58, 0x58, 0x58, 0x58, 0x00,
    0x58, 0x58, 0x58, 0x58, 0x58, 0x58, 0x58, 0x58, 0x58, 0x58, 0x58, 0x58,
    0x58, 0x58, 0x58, 0x58, 0x58, 0x58, 0x58, 0x58, 0x58, 0x58, 0x58, 0x58,
    0x58, 0x58, 0x58, 0x58, 0x58, 0x58, 0x58, 0x58, 0x00, 0x58, 0x58, 0x58,
    0x58, 0x58, 0x58, 0x58, 0x58, 0x58, 0x58, 0x58, 0x58, 0x58, 0x58, 0x58,
    0x58, 0x58, 0x58, 0x58, 0x58, 0x58, 0x58, 0x58, 0x58, 0x58, 0x58, 0x58,
    0x58, 0x58, 0x58, 0x58, 0x58, 0x00, 0x58, 0x2e, 0x2e, 0x2e, 0x2e, 0x2e,
    0x2e, 0x2e, 0x2e, 0x2e, 0x2e, 0x2e, 0x2e, 0x2e, 0x2e, 0x2e, 0x2e, 0x2e,
    0x2e, 0x2e, 0x2e, 0x2e, 0x2e, 0x2e, 0x2e, 0x2e, 0x2e, 0x2e, 0x2e, 0x2e,
    0x2e, 0x58, 0x00, 0x58, 0x2e, 0x2e, 0x2e, 0x2e, 0x2e, 0x2e, 0x2e, 0x2e,
    0x2e, 0x2e, 0x2e, 0x2e, 0x2e, 0x2e, 0x2e, 0x2e, 0x2e, 0x2e, 0x2e, 0x2e,
    0x2e, 0x2e, 0x2e, 0x2e, 0x2e, 0x2e, 0x2e, 0x2e, 0x2e, 0x2e, 0x58, 0x00,
    0x58, 0x2e, 0x2e, 0x2e, 0x2e, 0x2e, 0x2e, 0x2e, 0x2e, 0x2e, 0x2e, 0x2e,
    0x2e, 0x2e, 0x2e, 0x2e, 0x2e, 0x2e, 0x2e, 0x2e, 0x2e, 0x2e, 0x2e, 0x2e,
    0x2e, 0x2e, 0x2e, 0x2e, 0x2e, 0x2e, 0x2e, 0x58, 0x00, 0x58, 0x2e, 0x2e,
    0x2e, 0x2e, 0x2e, 0x2e, 0x2e, 0x2e, 0x2e, 0x2e, 0x2e, 0x2e, 0x2e, 0x2e,
    0x2e, 0x2e, 0x2e, 0x2e, 0x2e, 0x2e, 0x2e, 0x2e, 0x2e, 0x2e, 0x2e, 0x2e,
    0x2e, 0x2e, 0x2e, 0x2e, 0x58, 0x00, 0x58, 0x2e, 0x2e, 0x2e, 0x2e, 0x2e,
    0x2e, 0x2e, 0x2e, 0x2e, 0x2e, 0x2e, 0x2e, 0x2e, 0x2e, 0x2e, 0x2e, 0x2e,
    0x2e, 0x2e, 0x2e, 0x2e, 0x2e, 0x2e, 0x2e, 0x2e, 0x2e, 0x2e, 0x2e, 0x2e,
    0x2e, 0x58, 0x00, 0x58, 0x2e, 0x2e, 0x2e, 0x2e, 0x2e, 0x2e, 0x2e, 0x2e,
    0x2e, 0x2e, 0x2e, 0x2e, 0x2e, 0x2e, 0x2e, 0x2e, 0x2e, 0x2e, 0x2e, 0x2e,
    0x2e, 0x2e, 0x2e, 0x2e, 0x2e, 0x2e, 0x2e, 0x2e, 0x2e, 0x2e, 0x58, 0x00,
    0x58, 0x2e, 0x2e, 0x2e, 0x2e, 0x2e, 0x2e, 0x2e, 0x2e, 0x58, 0x58, 0x2e,
    0x2e, 0x2e, 0x2e, 0x2e, 0x2e, 0x2e, 0x2e, 0x2e, 0x2e, 0x2e, 0x2e, 0x2e,
    0x2e, 0x2e, 0x2e, 0x2e, 0x2e, 0x2e, 0x2e, 0x58, 0x00, 0x58, 0x2e, 0x2e,
    0x2e, 0x2e, 0x2e, 0x2e, 0x2e, 0x2e, 0x2e, 0x58, 0x58, 0x2e, 0x2e, 0x2e,
    0x2e, 0x2e, 0x2e, 0x2e, 0x2e, 0x2e, 0x2e, 0x2e, 0x2e, 0x2e, 0x2e, 0x2e,
    0x2e, 0x2e, 0x2e, 0x2e, 0x58, 0x00, 0x58, 0x2e, 0x2e, 0x2e, 0x2e, 0x2e,
    0x2e, 0x2e, 0x2e, 0x2e, 0x2e, 0x58, 0x58, 0x2e, 0x2e, 0x2e, 0x2e, 0x2e,
    0x2e, 0x2e, 0x2e, 0x2e, 0x2e, 0x2e, 0x2e, 0x2e, 0x2e, 0x2e, 0x2e, 0x2e,
    0x2e, 0x58, 0x00, 0x58, 0x2e, 0x2e, 0x2e, 0x2e, 0x2e, 0x2e, 0x2e, 0x2e,
    0x2e, 0x2e, 0x58, 0x58, 0x2e, 0x2e, 0x2e, 0x2e, 0x2e, 0x2e, 0x2e, 0x2e,
    0x2e, 0x2e, 0x2e, 0x2e, 0x2e, 0x2e, 0x2e, 0x2e, 0x2e, 0x2e, 0x58, 0x00,
    0x58, 0x2e, 0x2e, 0x2e, 0x2e, 0x2e, 0x2e, 0x2e, 0x2e, 0x2e, 0x58, 0x58,
    0x2e, 0x2e, 0x2e, 0x2e, 0x2e, 0x2e, 0x2e, 0x2e, 0x2e, 0x2e, 0x2e, 0x2e,
    0x2e, 0x2e, 0x2e, 0x2e, 0x2e, 0x2e, 0x2e, 0x58, 0x00, 0x58, 0x2e, 0x2e,
    0x2e, 0x2e, 0x2e, 0x2e, 0x2e, 0x2e, 0x58, 0x58, 0x2e, 0x2e, 0x2e, 0x2e,
    0x2e, 0x2e, 0x2e, 0x2e, 0x2e, 0x2e, 0x2e, 0x2e, 0x2e, 0x2e, 0x2e, 0x2e,
    0x2e, 0x2e, 0x2e, 0x2e, 0x58, 0x00, 0x58, 0x2e, 0x2e, 0x2e, 0x2e, 0x2e,
    0x2e, 0x2e, 0x2e, 0x2e, 0x2e, 0x2e, 0x2e, 0x2e, 0x2e, 0x2e, 0x2e, 0x2e,
    0x2e, 0x2e, 0x2e, 0x2e, 0x2e, 0x2e, 0x2e, 0x2e, 0x2e, 0x2e, 0x2e, 0x2e,
    0x2e, 0x58, 0x00, 0x58, 0x2e, 0x2e, 0x2e, 0x2e, 0x2e, 0x2e, 0x2e, 0x2e,
    0x2e, 0x2e, 0x2e, 0x2e, 0x2e, 0x2e, 0x2e, 0x2e, 0x2e, 0x2e, 0x2e, 0x2e,
    0x2e, 0x2e, 0x2e, 0x2e, 0x2e, 0x2e, 0x2e, 0x2e, 0x2e, 0x2e, 0x58, 0x00,
    0x58, 0x2e, 0x2e, 0x2e, 0x2e, 0x2e, 0x2e, 0x2e, 0x2e, 0x2e, 0x2e, 0x58,
    0x58, 0x58, 0x58, 0x58, 0x58, 0x58, 0x58, 0x58, 0x58, 0x58, 0x2e, 0x2e,
    0x2e, 0x2e, 0x2e, 0x2e, 0x2e, 0x2e, 0x2e, 0x58, 0x00, 0x58, 0x2e, 0x2e,
    0x2e, 0x2e, 0x2e, 0x2e, 0x2e, 0x2e, 0x2e, 0x2e, 0x2e, 0x2e, 0x2e, 0x2e,
    0x2e, 0x2e, 0x2e, 0x2e, 0x2e, 0x2e, 0x2e, 0x2e, 0x2e, 0x2e, 0x2e, 0x2e,
    0x2e, 0x2e, 0x2e, 0x2e, 0x58, 0x00, 0x58, 0x2e, 0x2e, 0x2e, 0x2e, 0x2e,
    0x2e, 0x2e, 0x2e, 0x2e, 0x2e, 0x2e, 0x2e, 0x2e, 0x2e, 0x2e, 0x2e, 0x2e,
    0x2e, 0x2e, 0x2e, 0x2e, 0x2e, 0x2e, 0x2e, 0x2e, 0x2e, 0x2e, 0x2e, 0x2e,
    0x2e, 0x58, 0x00, 0x58, 0x2e, 0x2e, 0x2e, 0x2e, 0x2e, 0x2e, 0x2e, 0x2e,
    0x2e, 0x2e, 0x2e, 0x2e, 0x2e, 0x2e, 0x2e, 0x2e, 0x2e, 0x2e, 0x2e, 0x2e,
    0x2e, 0x2e, 0x2e, 0x2e, 0x2e, 0x2e, 0x2e, 0x2e, 0x2e, 0x2e, 0x58, 0x00,
    0x58, 0x2e, 0x2e, 0x2e, 0x2e, 0x2e, 0x2e, 0x2e, 0x2e, 0x2e, 0x2e, 0x2e,
    0x2e, 0x2e, 0x2e, 0x2e, 0x2e, 0x2e, 0x2e, 0x2e, 0x2e, 0x2e, 0x2e, 0x2e,
    0x2e, 0x2e, 0x2e, 0x2e, 0x2e, 0x2e, 0x2e, 0x58, 0x00, 0x58, 0x2e, 0x2e,
    0x2e, 0x2e, 0x2e, 0x2e, 0x2e, 0x2e, 0x2e, 0x2e, 0x2e, 0x2e, 0x2e, 0x2e,
    0x2e, 0x2e, 0x2e, 0x2e, 0x2e, 0x2e, 0x2e, 0x2e, 0x2e, 0x2e, 0x2e, 0x2e,
    0x2e, 0x2e, 0x2e, 0x2e, 0x58, 0x00, 0x58, 0x2e, 0x2e, 0x2e, 0x2e, 0x2e,
    0x2e, 0x2e, 0x2e, 0x2e, 0x2e, 0x2e, 0x2e, 0x2e, 0x2e, 0x2e, 0x2e, 0x2e,
    0x2e, 0x2e, 0x2e, 0x2e, 0x2e, 0x2e, 0x2e, 0x2e, 0x2e, 0x2e, 0x2e, 0x2e,
    0x2e, 0x58, 0x00, 0x58, 0x2e, 0x2e, 0x2e, 0x2e, 0x2e, 0x2e, 0x2e, 0x2e,
    0x2e, 0x2e, 0x2e, 0x2e, 0x2e, 0x2e, 0x2e, 0x2e, 0x2e, 0x2e, 0x2e, 0x2e,
    0x2e, 0x2e, 0x2e, 0x2e, 0x2e, 0x2e, 0x2e, 0x2e, 0x2e, 0x2e, 0x58, 0x00,
    0x58, 0x2e, 0x2e, 0x2e, 0x2e, 0x2e, 0x2e, 0x2e, 0x2e, 0x2e, 0x2e, 0x2e,
    0x2e, 0x2e, 0x2e, 0x2e, 0x2e, 0x2e, 0x2e, 0x2e, 0x2e, 0x2e, 0x2e, 0x2e,
    0x2e, 0x2e, 0x2e, 0x2e, 0x2e, 0x2e, 0x2e, 0x58, 0x00, 0x58, 0x2e, 0x2e,
    0x2e, 0x2e, 0x2e, 0x2e, 0x2e, 0x2e, 0x2e, 0x2e, 0x2e, 0x2e, 0x2e, 0x2e,
    0x2e, 0x2e, 0x2e, 0x2e, 0x2e, 0x2e, 0x2e, 0x2e, 0x2e, 0x2e, 0x2e, 0x2e,
    0x2e, 0x2e, 0x2e, 0x2e, 0x58, 0x00, 0x58, 0x2e, 0x2e, 0x2e, 0x2e, 0x2e,
    0x2e, 0x2e, 0x2e, 0x2e, 0x2e, 0x2e, 0x2e, 0x2e, 0x2e, 0x2e, 0x2e, 0x2e,
    0x2e, 0x2e, 0x2e, 0x2e, 0x2e, 0x2e, 0x2e, 0x2e, 0x2e, 0x2e, 0x2e, 0x2e,
    0x2e, 0x58, 0x00, 0x58, 0x58, 0x58, 0x58, 0x58, 0x58, 0x58, 0x58, 0x58,
    0x58, 0x58, 0x58, 0x58, 0x58, 0x58, 0x58, 0x58, 0x58, 0x58, 0x58, 0x58,
    0x58, 0x58, 0x58, 0x58, 0x58, 0x58, 0x58, 0x58, 0x58, 0x58, 0x58, 0x00,
    0x08, 0x1f, 0x00, 0x01, 0xa6, 0x21, 0x00, 0x01, 0x08, 0x1f, 0x00, 0x01,
    0x08, 0x1f, 0x00, 0x01, 0xf1, 0x1f, 0x00, 0x01, 0x08, 0x1f, 0x00, 0x01,
    0x08, 0x1f, 0x00, 0x01, 0x08, 0x1f, 0x00, 0x01, 0x2c, 0x22, 0x00, 0x01,
    0x08, 0x1f, 0x00, 0x01, 0x08, 0x1f, 0x00, 0x01, 0x08, 0x1f, 0x00, 0x01,
    0x08, 0x1f, 0x00, 0x01, 0x08, 0x1f, 0x00, 0x01, 0x08, 0x1f, 0x00, 0x01,
    0x08, 0x1f, 0x00, 0x01, 0x08, 0x1f, 0x00, 0x01, 0x08, 0x1f, 0x00, 0x01,
    0x08, 0x1f, 0x00, 0x01, 0x08, 0x1f, 0x00, 0x01, 0x08, 0x1f, 0x00, 0x01,
    0x08, 0x1f, 0x00, 0x01, 0x08, 0x1f, 0x00, 0x01, 0x08, 0x1f, 0x00, 0x01,
    0x12, 0x25, 0x00, 0x01, 0x08, 0x1f, 0x00, 0x01, 0x08, 0x1f, 0x00, 0x01,
    0x08, 0x1f, 0x00, 0x01, 0x08, 0x1f, 0x00, 0x01, 0x08, 0x1f, 0x00, 0x01,
    0x08, 0x1f, 0x00, 0x01, 0x08, 0x1f, 0x00, 0x01, 0x7d, 0x23, 0x00, 0x01,
    0x14, 0x00, 0x00, 0x00, 0x00, 0x00, 0x00, 0x00, 0x01, 0x7a, 0x52, 0x00,
    0x01, 0x7c, 0x08, 0x01, 0x1b, 0x0c, 0x04, 0x04, 0x88, 0x01, 0x00, 0x00,
    0x1c, 0x00, 0x00, 0x00, 0x1c, 0x00, 0x00, 0x00, 0x1c, 0xb1, 0xff, 0xff,
    0x1b, 0x00, 0x00, 0x00, 0x00, 0x41, 0x0e, 0x08, 0x87, 0x02, 0x41, 0x0e,
    0x0c, 0x86, 0x03, 0x41, 0x0e, 0x10, 0x83, 0x04, 0x28, 0x00, 0x00, 0x00,
    0x3c, 0x00, 0x00, 0x00, 0x1c, 0xb1, 0xff, 0xff, 0x17, 0x00, 0x00, 0x00,
    0x00, 0x43, 0x0e, 0x08, 0x87, 0x02, 0x43, 0x0e, 0x0c, 0x86, 0x03, 0x45,
    0x0e, 0x10, 0x83, 0x04, 0x49, 0xc3, 0x0e, 0x0c, 0x41, 0xc6, 0x0e, 0x08,
    0x41, 0xc7, 0x0e, 0x04, 0x28, 0x00, 0x00, 0x00, 0x68, 0x00, 0x00, 0x00,
    0x10, 0xb1, 0xff, 0xff, 0x1a, 0x00, 0x00, 0x00, 0x00, 0x43, 0x0e, 0x08,
    0x87, 0x02, 0x46, 0x0e, 0x0c, 0x86, 0x03, 0x47, 0x0e, 0x10, 0x83, 0x04,
    0x47, 0xc3, 0x0e, 0x0c, 0x41, 0xc6, 0x0e, 0x08, 0x41, 0xc7, 0x0e, 0x04,
    0x28, 0x00, 0x00, 0x00, 0x94, 0x00, 0x00, 0x00, 0x04, 0xb1, 0xff, 0xff,
    0x1a, 0x00, 0x00, 0x00, 0x00, 0x43, 0x0e, 0x08, 0x87, 0x02, 0x46, 0x0e,
    0x0c, 0x86, 0x03, 0x47, 0x0e, 0x10, 0x83, 0x04, 0x47, 0xc3, 0x0e, 0x0c,
    0x41, 0xc6, 0x0e, 0x08, 0x41, 0xc7, 0x0e, 0x04, 0x28, 0x00, 0x00, 0x00,
    0xc0, 0x00, 0x00, 0x00, 0xf8, 0xb0, 0xff, 0xff, 0x1b, 0x00, 0x00, 0x00,
    0x00, 0x43, 0x0e, 0x08, 0x87, 0x02, 0x46, 0x0e, 0x0c, 0x86, 0x03, 0x47,
    0x0e, 0x10, 0x83, 0x04, 0x48, 0xc3, 0x0e, 0x0c, 0x41, 0xc6, 0x0e, 0x08,
    0x41, 0xc7, 0x0e, 0x04, 0x28, 0x00, 0x00, 0x00, 0xec, 0x00, 0x00, 0x00,
    0xec, 0xb0, 0xff, 0xff, 0x1e, 0x00, 0x00, 0x00, 0x00, 0x41, 0x0e, 0x08,
    0x87, 0x02, 0x46, 0x0e, 0x0c, 0x86, 0x03, 0x43, 0x0e, 0x10, 0x83, 0x04,
    0x51, 0xc3, 0x0e, 0x0c, 0x41, 0xc6, 0x0e, 0x08, 0x41, 0xc7, 0x0e, 0x04,
    0x28, 0x00, 0x00, 0x00, 0x18, 0x01, 0x00, 0x00, 0xe0, 0xb0, 0xff, 0xff,
    0x1e, 0x00, 0x00, 0x00, 0x00, 0x41, 0x0e, 0x08, 0x87, 0x02, 0x46, 0x0e,
    0x0c, 0x86, 0x03, 0x43, 0x0e, 0x10, 0x83, 0x04, 0x51, 0xc3, 0x0e, 0x0c,
    0x41, 0xc6, 0x0e, 0x08, 0x41, 0xc7, 0x0e, 0x04, 0x28, 0x00, 0x00, 0x00,
    0x44, 0x01, 0x00, 0x00, 0xd4, 0xb0, 0xff, 0xff, 0x1a, 0x00, 0x00, 0x00,
    0x00, 0x43, 0x0e, 0x08, 0x87, 0x02, 0x46, 0x0e, 0x0c, 0x86, 0x03, 0x47,
    0x0e, 0x10, 0x83, 0x04, 0x47, 0xc3, 0x0e, 0x0c, 0x41, 0xc6, 0x0e, 0x08,
    0x41, 0xc7, 0x0e, 0x04, 0x28, 0x00, 0x00, 0x00, 0x70, 0x01, 0x00, 0x00,
    0xc8, 0xb0, 0xff, 0xff, 0x1a, 0x00, 0x00, 0x00, 0x00, 0x43, 0x0e, 0x08,
    0x87, 0x02, 0x46, 0x0e, 0x0c, 0x86, 0x03, 0x47, 0x0e, 0x10, 0x83, 0x04,
    0x47, 0xc3, 0x0e, 0x0c, 0x41, 0xc6, 0x0e, 0x08, 0x41, 0xc7, 0x0e, 0x04,
    0x28, 0x00, 0x00, 0x00, 0x9c, 0x01, 0x00, 0x00, 0xbc, 0xb0, 0xff, 0xff,
    0x1a, 0x00, 0x00, 0x00, 0x00, 0x43, 0x0e, 0x08, 0x87, 0x02, 0x46, 0x0e,
    0x0c, 0x86, 0x03, 0x47, 0x0e, 0x10, 0x83, 0x04, 0x47, 0xc3, 0x0e, 0x0c,
    0x41, 0xc6, 0x0e, 0x08, 0x41, 0xc7, 0x0e, 0x04, 0x28, 0x00, 0x00, 0x00,
    0xc8, 0x01, 0x00, 0x00, 0xb0, 0xb0, 0xff, 0xff, 0x1e, 0x00, 0x00, 0x00,
    0x00, 0x41, 0x0e, 0x08, 0x87, 0x02, 0x46, 0x0e, 0x0c, 0x86, 0x03, 0x43,
    0x0e, 0x10, 0x83, 0x04, 0x51, 0xc3, 0x0e, 0x0c, 0x41, 0xc6, 0x0e, 0x08,
    0x41, 0xc7, 0x0e, 0x04, 0x28, 0x00, 0x00, 0x00, 0xf4, 0x01, 0x00, 0x00,
    0xa4, 0xb0, 0xff, 0xff, 0x18, 0x00, 0x00, 0x00, 0x00, 0x41, 0x0e, 0x08,
    0x87, 0x02, 0x46, 0x0e, 0x0c, 0x86, 0x03, 0x41, 0x0e, 0x10, 0x83, 0x04,
    0x4d, 0xc3, 0x0e, 0x0c, 0x41, 0xc6, 0x0e, 0x08, 0x41, 0xc7, 0x0e, 0x04,
    0x28, 0x00, 0x00, 0x00, 0x20, 0x02, 0x00, 0x00, 0x98, 0xb0, 0xff, 0xff,
    0x18, 0x00, 0x00, 0x00, 0x00, 0x41, 0x0e, 0x08, 0x87, 0x02, 0x46, 0x0e,
    0x0c, 0x86, 0x03, 0x41, 0x0e, 0x10, 0x83, 0x04, 0x4d, 0xc3, 0x0e, 0x0c,
    0x41, 0xc6, 0x0e, 0x08, 0x41, 0xc7, 0x0e, 0x04, 0x28, 0x00, 0x00, 0x00,
    0x4c, 0x02, 0x00, 0x00, 0x8c, 0xb0, 0xff, 0xff, 0x18, 0x00, 0x00, 0x00,
    0x00, 0x41, 0x0e, 0x08, 0x87, 0x02, 0x46, 0x0e, 0x0c, 0x86, 0x03, 0x41,
    0x0e, 0x10, 0x83, 0x04, 0x4d, 0xc3, 0x0e, 0x0c, 0x41, 0xc6, 0x0e, 0x08,
    0x41, 0xc7, 0x0e, 0x04, 0x28, 0x00, 0x00, 0x00, 0x78, 0x02, 0x00, 0x00,
    0x80, 0xb0, 0xff, 0xff, 0x18, 0x00, 0x00, 0x00, 0x00, 0x41, 0x0e, 0x08,
    0x87, 0x02, 0x46, 0x0e, 0x0c, 0x86, 0x03, 0x41, 0x0e, 0x10, 0x83, 0x04,
    0x4d, 0xc3, 0x0e, 0x0c, 0x41, 0xc6, 0x0e, 0x08, 0x41, 0xc7, 0x0e, 0x04,
    0x28, 0x00, 0x00, 0x00, 0xa4, 0x02, 0x00, 0x00, 0x74, 0xb0, 0xff, 0xff,
    0x18, 0x00, 0x00, 0x00, 0x00, 0x41, 0x0e, 0x08, 0x87, 0x02, 0x46, 0x0e,
    0x0c, 0x86, 0x03, 0x41, 0x0e, 0x10, 0x83, 0x04, 0x4d, 0xc3, 0x0e, 0x0c,
    0x41, 0xc6, 0x0e, 0x08, 0x41, 0xc7, 0x0e, 0x04, 0x28, 0x00, 0x00, 0x00,
    0xd0, 0x02, 0x00, 0x00, 0x68, 0xb0, 0xff, 0xff, 0x1c, 0x00, 0x00, 0x00,
    0x00, 0x43, 0x0e, 0x08, 0x87, 0x02, 0x46, 0x0e, 0x0c, 0x86, 0x03, 0x45,
    0x0e, 0x10, 0x83, 0x04, 0x4b, 0xc3, 0x0e, 0x0c, 0x41, 0xc6, 0x0e, 0x08,
    0x41, 0xc7, 0x0e, 0x04, 0x1c, 0x00, 0x00, 0x00, 0xfc, 0x02, 0x00, 0x00,
    0x5c, 0xb0, 0xff, 0xff, 0x16, 0x00, 0x00, 0x00, 0x00, 0x41, 0x0e, 0x08,
    0x87, 0x02, 0x46, 0x0e, 0x0c, 0x86, 0x03, 0x41, 0x0e, 0x10, 0x83, 0x04,
    0x34, 0x00, 0x00, 0x00, 0x1c, 0x03, 0x00, 0x00, 0x5c, 0xb0, 0xff, 0xff,
    0x3e, 0x00, 0x00, 0x00, 0x00, 0x41, 0x0e, 0x08, 0x85, 0x02, 0x46, 0x0e,
    0x0c, 0x87, 0x03, 0x41, 0x0e, 0x10, 0x86, 0x04, 0x41, 0x0e, 0x14, 0x83,
    0x05, 0x71, 0xc3, 0x0e, 0x10, 0x41, 0xc6, 0x0e, 0x0c, 0x41, 0xc7, 0x0e,
    0x08, 0x41, 0xc5, 0x0e, 0x04, 0x00, 0x00, 0x00, 0x28, 0x00, 0x00, 0x00,
    0x54, 0x03, 0x00, 0x00, 0x64, 0xb0, 0xff, 0xff, 0x18, 0x00, 0x00, 0x00,
    0x00, 0x41, 0x0e, 0x08, 0x87, 0x02, 0x46, 0x0e, 0x0c, 0x86, 0x03, 0x41,
    0x0e, 0x10, 0x83, 0x04, 0x4d, 0xc3, 0x0e, 0x0c, 0x41, 0xc6, 0x0e, 0x08,
    0x41, 0xc7, 0x0e, 0x04, 0x28, 0x00, 0x00, 0x00, 0x80, 0x03, 0x00, 0x00,
    0x58, 0xb0, 0xff, 0xff, 0x18, 0x00, 0x00, 0x00, 0x00, 0x41, 0x0e, 0x08,
    0x87, 0x02, 0x46, 0x0e, 0x0c, 0x86, 0x03, 0x41, 0x0e, 0x10, 0x83, 0x04,
    0x4d, 0xc3, 0x0e, 0x0c, 0x41, 0xc6, 0x0e, 0x08, 0x41, 0xc7, 0x0e, 0x04,
    0x28, 0x00, 0x00, 0x00, 0xac, 0x03, 0x00, 0x00, 0x4c, 0xb0, 0xff, 0xff,
    0x1c, 0x00, 0x00, 0x00, 0x00, 0x43, 0x0e, 0x08, 0x87, 0x02, 0x46, 0x0e,
    0x0c, 0x86, 0x03, 0x45, 0x0e, 0x10, 0x83, 0x04, 0x4b, 0xc3, 0x0e, 0x0c,
    0x41, 0xc6, 0x0e, 0x08, 0x41, 0xc7, 0x0e, 0x04, 0x28, 0x00, 0x00, 0x00,
    0xd8, 0x03, 0x00, 0x00, 0x40, 0xb0, 0xff, 0xff, 0x1a, 0x00, 0x00, 0x00,
    0x00, 0x43, 0x0e, 0x08, 0x87, 0x02, 0x46, 0x0e, 0x0c, 0x86, 0x03, 0x47,
    0x0e, 0x10, 0x83, 0x04, 0x47, 0xc3, 0x0e, 0x0c, 0x41, 0xc6, 0x0e, 0x08,
    0x41, 0xc7, 0x0e, 0x04, 0x28, 0x00, 0x00, 0x00, 0x04, 0x04, 0x00, 0x00,
    0x34, 0xb0, 0xff, 0xff, 0x18, 0x00, 0x00, 0x00, 0x00, 0x41, 0x0e, 0x08,
    0x87, 0x02, 0x46, 0x0e, 0x0c, 0x86, 0x03, 0x41, 0x0e, 0x10, 0x83, 0x04,
    0x4d, 0xc3, 0x0e, 0x0c, 0x41, 0xc6, 0x0e, 0x08, 0x41, 0xc7, 0x0e, 0x04,
    0x28, 0x00, 0x00, 0x00, 0x30, 0x04, 0x00, 0x00, 0x28, 0xb0, 0xff, 0xff,
    0x18, 0x00, 0x00, 0x00, 0x00, 0x41, 0x0e, 0x08, 0x87, 0x02, 0x46, 0x0e,
    0x0c, 0x86, 0x03, 0x41, 0x0e, 0x10, 0x83, 0x04, 0x4d, 0xc3, 0x0e, 0x0c,
    0x41, 0xc6, 0x0e, 0x08, 0x41, 0xc7, 0x0e, 0x04, 0x28, 0x00, 0x00, 0x00,
    0x5c, 0x04, 0x00, 0x00, 0x1c, 0xb0, 0xff, 0xff, 0x20, 0x00, 0x00, 0x00,
    0x00, 0x41, 0x0e, 0x08, 0x87, 0x02, 0x48, 0x0e, 0x0c, 0x86, 0x03, 0x41,
    0x0e, 0x10, 0x83, 0x04, 0x53, 0xc3, 0x0e, 0x0c, 0x41, 0xc6, 0x0e, 0x08,
    0x41, 0xc7, 0x0e, 0x04, 0x28, 0x00, 0x00, 0x00, 0x88, 0x04, 0x00, 0x00,
    0x10, 0xb0, 0xff, 0xff, 0x22, 0x00, 0x00, 0x00, 0x00, 0x41, 0x0e, 0x08,
    0x87, 0x02, 0x46, 0x0e, 0x0c, 0x86, 0x03, 0x41, 0x0e, 0x10, 0x83, 0x04,
    0x57, 0xc3, 0x0e, 0x0c, 0x41, 0xc6, 0x0e, 0x08, 0x41, 0xc7, 0x0e, 0x04,
    0x30, 0x00, 0x00, 0x00, 0xb4, 0x04, 0x00, 0x00, 0x14, 0xb0, 0xff, 0xff,
    0x58, 0x00, 0x00, 0x00, 0x00, 0x41, 0x0e, 0x08, 0x87, 0x02, 0x43, 0x0e,
    0x0c, 0x86, 0x03, 0x47, 0x0e, 0x10, 0x83, 0x04, 0x43, 0x0e, 0x30, 0x02,
    0x46, 0x0e, 0x10, 0x41, 0xc3, 0x0e, 0x0c, 0x41, 0xc6, 0x0e, 0x08, 0x41,
    0xc7, 0x0e, 0x04, 0x00, 0x30, 0x00, 0x00, 0x00, 0xe8, 0x04, 0x00, 0x00,
    0x40, 0xb0, 0xff, 0xff, 0x58, 0x00, 0x00, 0x00, 0x00, 0x41, 0x0e, 0x08,
    0x87, 0x02, 0x43, 0x0e, 0x0c, 0x86, 0x03, 0x47, 0x0e, 0x10, 0x83, 0x04,
    0x43, 0x0e, 0x30, 0x02, 0x46, 0x0e, 0x10, 0x41, 0xc3, 0x0e, 0x0c, 0x41,
    0xc6, 0x0e, 0x08, 0x41, 0xc7, 0x0e, 0x04, 0x00, 0x28, 0x00, 0x00, 0x00,
    0x1c, 0x05, 0x00, 0x00, 0x6c, 0xb0, 0xff, 0xff, 0x1a, 0x00, 0x00, 0x00,
    0x00, 0x43, 0x0e, 0x08, 0x87, 0x02, 0x46, 0x0e, 0x0c, 0x86, 0x03, 0x47,
    0x0e, 0x10, 0x83, 0x04, 0x47, 0xc3, 0x0e, 0x0c, 0x41, 0xc6, 0x0e, 0x08,
    0x41, 0xc7, 0x0e, 0x04, 0x28, 0x00, 0x00, 0x00, 0x48, 0x05, 0x00, 0x00,
    0x60, 0xb0, 0xff, 0xff, 0x1e, 0x00, 0x00, 0x00, 0x00, 0x41, 0x0e, 0x08,
    0x87, 0x02, 0x46, 0x0e, 0x0c, 0x86, 0x03, 0x43, 0x0e, 0x10, 0x83, 0x04,
    0x51, 0xc3, 0x0e, 0x0c, 0x41, 0xc6, 0x0e, 0x08, 0x41, 0xc7, 0x0e, 0x04,
    0x10, 0x00, 0x00, 0x00, 0x74, 0x05, 0x00, 0x00, 0x54, 0xb0, 0xff, 0xff,
    0x2d, 0x00, 0x00, 0x00, 0x00, 0x00, 0x00, 0x00, 0x10, 0x00, 0x00, 0x00,
    0x88, 0x05, 0x00, 0x00, 0x70, 0xb0, 0xff, 0xff, 0x01, 0x00, 0x00, 0x00,
    0x00, 0x00, 0x00, 0x00, 0x38, 0x00, 0x00, 0x00, 0x9c, 0x05, 0x00, 0x00,
    0x9c, 0xb0, 0xff, 0xff, 0x9d, 0x00, 0x00, 0x00, 0x00, 0x41, 0x0e, 0x08,
    0x85, 0x02, 0x41, 0x0e, 0x0c, 0x87, 0x03, 0x43, 0x0e, 0x10, 0x86, 0x04,
    0x43, 0x0e, 0x14, 0x83, 0x05, 0x02, 0x87, 0x0a, 0xc3, 0x0e, 0x10, 0x41,
    0xc6, 0x0e, 0x0c, 0x41, 0xc7, 0x0e, 0x08, 0x41, 0xc5, 0x0e, 0x04, 0x46,
    0x0b, 0x00, 0x00, 0x00, 0x38, 0x00, 0x00, 0x00, 0xd8, 0x05, 0x00, 0x00,
    0x00, 0xb1, 0xff, 0xff, 0xbe, 0x00, 0x00, 0x00, 0x00, 0x41, 0x0e, 0x08,
    0x85, 0x02, 0x41, 0x0e, 0x0c, 0x87, 0x03, 0x41, 0x0e, 0x10, 0x86, 0x04,
    0x43, 0x0e, 0x14, 0x83, 0x05, 0x43, 0x0e, 0x20, 0x02, 0xb0, 0x0e, 0x14,
    0x41, 0xc3, 0x0e, 0x10, 0x41, 0xc6, 0x0e, 0x0c, 0x41, 0xc7, 0x0e, 0x08,
    0x41, 0xc5, 0x0e, 0x04, 0x50, 0x00, 0x00, 0x00, 0x14, 0x06, 0x00, 0x00,
    0x84, 0xb1, 0xff, 0xff, 0xaf, 0x00, 0x00, 0x00, 0x00, 0x41, 0x0e, 0x08,
    0x85, 0x02, 0x45, 0x0e, 0x0c, 0x87, 0x03, 0x41, 0x0e, 0x10, 0x86, 0x04,
    0x41, 0x0e, 0x14, 0x83, 0x05, 0x45, 0x0e, 0x18, 0x02, 0x88, 0x0a, 0x0e,
    0x14, 0x43, 0xc3, 0x0e, 0x10, 0x41, 0xc6, 0x0e, 0x0c, 0x41, 0xc7, 0x0e,
    0x08, 0x41, 0xc5, 0x0e, 0x04, 0x45, 0x0b, 0x43, 0x0e, 0x14, 0x46, 0xc3,
    0x0e, 0x10, 0x43, 0xc6, 0x0e, 0x0c, 0x41, 0xc7, 0x0e, 0x08, 0x41, 0xc5,
    0x0e, 0x04, 0x00, 0x00, 0x2c, 0x00, 0x00, 0x00, 0x68, 0x06, 0x00, 0x00,
    0xe0, 0xb1, 0xff, 0xff, 0x74, 0x00, 0x00, 0x00, 0x00, 0x41, 0x0e, 0x08,
    0x87, 0x02, 0x41, 0x0e, 0x0c, 0x86, 0x03, 0x48, 0x0e, 0x10, 0x83, 0x04,
    0x02, 0x5c, 0x0a, 0xc3, 0x0e, 0x0c, 0x41, 0xc6, 0x0e, 0x08, 0x41, 0xc7,
    0x0e, 0x04, 0x41, 0x0b, 0x3c, 0x00, 0x00, 0x00, 0x98, 0x06, 0x00, 0x00,
    0x30, 0xb2, 0xff, 0xff, 0xb3, 0x00, 0x00, 0x00, 0x00, 0x41, 0x0e, 0x08,
    0x87, 0x02, 0x41, 0x0e, 0x0c, 0x86, 0x03, 0x41, 0x0e, 0x10, 0x83, 0x04,
    0x02, 0x43, 0x0a, 0xc3, 0x0e, 0x0c, 0x41, 0xc6, 0x0e, 0x08, 0x41, 0xc7,
    0x0e, 0x04, 0x48, 0x0b, 0x02, 0x47, 0x0a, 0xc3, 0x0e, 0x0c, 0x41, 0xc6,
    0x0e, 0x08, 0x47, 0xc7, 0x0e, 0x04, 0x41, 0x0b, 0x50, 0x00, 0x00, 0x00,
    0xd8, 0x06, 0x00, 0x00, 0xb0, 0xb2, 0xff, 0xff, 0x35, 0x01, 0x00, 0x00,
    0x00, 0x41, 0x0e, 0x08, 0x86, 0x02, 0x43, 0x0e, 0x0c, 0x83, 0x03, 0x43,
    0x0e, 0x20, 0x02, 0x9e, 0x0a, 0x0e, 0x0c, 0x43, 0xc3, 0x0e, 0x08, 0x41,
    0xc6, 0x0e, 0x04, 0x47, 0x0b, 0x45, 0x0a, 0x0e, 0x0c, 0x43, 0xc3, 0x0e,
    0x08, 0x41, 0xc6, 0x0e, 0x04, 0x47, 0x0b, 0x59, 0x0e, 0x24, 0x41, 0x0e,
    0x28, 0x45, 0x0e, 0x2c, 0x42, 0x0e, 0x30, 0x48, 0x0e, 0x20, 0x7a, 0x0e,
    0x2c, 0x45, 0x0e, 0x30, 0x48, 0x0e, 0x20, 0x00, 0x54, 0x00, 0x00, 0x00,
    0x2c, 0x07, 0x00, 0x00, 0x9c, 0xb3, 0xff, 0xff, 0x59, 0x01, 0x00, 0x00,
    0x00, 0x41, 0x0e, 0x08, 0x85, 0x02, 0x41, 0x0e, 0x0c, 0x87, 0x03, 0x41,
    0x0e, 0x10, 0x86, 0x04, 0x43, 0x0e, 0x14, 0x83, 0x05, 0x45, 0x0e, 0x34,
    0x48, 0x0e, 0x38, 0x44, 0x0e, 0x3c, 0x41, 0x0e, 0x40, 0x42, 0x0e, 0x44,
    0x42, 0x0e, 0x48, 0x45, 0x0e, 0x4c, 0x46, 0x0e, 0x50, 0x4b, 0x0e, 0x30,
    0x02, 0xff, 0x0a, 0x0e, 0x14, 0x41, 0xc3, 0x0e, 0x10, 0x41, 0xc6, 0x0e,
    0x0c, 0x41, 0xc7, 0x0e, 0x08, 0x41, 0xc5, 0x0e, 0x04, 0x4b, 0x0b, 0x00,
    0x2c, 0x00, 0x00, 0x00, 0x84, 0x07, 0x00, 0x00, 0xa4, 0xb4, 0xff, 0xff,
    0x73, 0x00, 0x00, 0x00, 0x00, 0x41, 0x0e, 0x08, 0x87, 0x02, 0x41, 0x0e,
    0x0c, 0x86, 0x03, 0x47, 0x0e, 0x10, 0x83, 0x04, 0x02, 0x67, 0xc3, 0x0e,
    0x0c, 0x41, 0xc6, 0x0e, 0x08, 0x41, 0xc7, 0x0e, 0x04, 0x00, 0x00, 0x00,
    0x38, 0x00, 0x00, 0x00, 0xb4, 0x07, 0x00, 0x00, 0xf4, 0xb4, 0xff, 0xff,
    0xb7, 0x00, 0x00, 0x00, 0x00, 0x41, 0x0e, 0x08, 0x85, 0x02, 0x43, 0x0e,
    0x0c, 0x87, 0x03, 0x41, 0x0e, 0x10, 0x86, 0x04, 0x41, 0x0e, 0x14, 0x83,
    0x05, 0x43, 0x0e, 0x28, 0x02, 0xa9, 0x0e, 0x14, 0x41, 0xc3, 0x0e, 0x10,
    0x41, 0xc6, 0x0e, 0x0c, 0x41, 0xc7, 0x0e, 0x08, 0x41, 0xc5, 0x0e, 0x04,
    0x3c, 0x00, 0x00, 0x00, 0xf0, 0x07, 0x00, 0x00, 0x78, 0xb5, 0xff, 0xff,
    0xe1, 0x01, 0x00, 0x00, 0x00, 0x41, 0x0e, 0x08, 0x85, 0x02, 0x41, 0x0e,
    0x0c, 0x87, 0x03, 0x41, 0x0e, 0x10, 0x86, 0x04, 0x41, 0x0e, 0x14, 0x83,
    0x05, 0x43, 0x0e, 0x28, 0x72, 0x0a, 0x0e, 0x14, 0x41, 0xc3, 0x0e, 0x10,
    0x41, 0xc6, 0x0e, 0x0c, 0x41, 0xc7, 0x0e, 0x08, 0x41, 0xc5, 0x0e, 0x04,
    0x41, 0x0b, 0x00, 0x00, 0x70, 0x02, 0x00, 0x00, 0x30, 0x08, 0x00, 0x00,
    0x28, 0xb7, 0xff, 0xff, 0x1b, 0x0d, 0x00, 0x00, 0x00, 0x41, 0x0e, 0x08,
    0x85, 0x02, 0x41, 0x0e, 0x0c, 0x87, 0x03, 0x41, 0x0e, 0x10, 0x86, 0x04,
    0x43, 0x0e, 0x14, 0x83, 0x05, 0x47, 0x0e, 0x80, 0x01, 0x02, 0x56, 0x0e,
    0x84, 0x01, 0x43, 0x0e, 0x88, 0x01, 0x69, 0x0e, 0x84, 0x01, 0x41, 0x0e,
    0x80, 0x01, 0x02, 0xcd, 0x0e, 0x88, 0x01, 0x45, 0x0e, 0x8c, 0x01, 0x45,
    0x0e, 0x90, 0x01, 0x50, 0x0e, 0x80, 0x01, 0x02, 0x8d, 0x0e, 0x88, 0x01,
    0x4d, 0x0e, 0x8c, 0x01, 0x42, 0x0e, 0x90, 0x01, 0x4e, 0x0e, 0x8c, 0x01,
    0x41, 0x0e, 0x88, 0x01, 0x45, 0x0e, 0x8c, 0x01, 0x42, 0x0e, 0x90, 0x01,
    0x51, 0x0e, 0x8c, 0x01, 0x41, 0x0e, 0x88, 0x01, 0x45, 0x0e, 0x8c, 0x01,
    0x45, 0x0e, 0x90, 0x01, 0x54, 0x0e, 0x8c, 0x01, 0x41, 0x0e, 0x88, 0x01,
    0x45, 0x0e, 0x8c, 0x01, 0x4d, 0x0e, 0x90, 0x01, 0x48, 0x0e, 0x80, 0x01,
    0x02, 0xb3, 0x0a, 0x0e, 0x14, 0x41, 0xc3, 0x0e, 0x10, 0x41, 0xc6, 0x0e,
    0x0c, 0x41, 0xc7, 0x0e, 0x08, 0x41, 0xc5, 0x0e, 0x04, 0x41, 0x0b, 0x02,
    0x8b, 0x0e, 0x88, 0x01, 0x52, 0x0e, 0x8c, 0x01, 0x51, 0x0e, 0x90, 0x01,
    0x6c, 0x0e, 0x8c, 0x01, 0x41, 0x0e, 0x88, 0x01, 0x45, 0x0e, 0x8c, 0x01,
    0x42, 0x0e, 0x90, 0x01, 0x4d, 0x0e, 0x8c, 0x01, 0x41, 0x0e, 0x88, 0x01,
    0x45, 0x0e, 0x8c, 0x01, 0x42, 0x0e, 0x90, 0x01, 0x57, 0x0e, 0x8c, 0x01,
    0x41, 0x0e, 0x88, 0x01, 0x45, 0x0e, 0x8c, 0x01, 0x42, 0x0e, 0x90, 0x01,
    0x50, 0x0e, 0x8c, 0x01, 0x41, 0x0e, 0x88, 0x01, 0x45, 0x0e, 0x8c, 0x01,
    0x42, 0x0e, 0x90, 0x01, 0x50, 0x0e, 0x8c, 0x01, 0x41, 0x0e, 0x88, 0x01,
    0x45, 0x0e, 0x8c, 0x01, 0x42, 0x0e, 0x90, 0x01, 0x50, 0x0e, 0x8c, 0x01,
    0x41, 0x0e, 0x88, 0x01, 0x45, 0x0e, 0x8c, 0x01, 0x42, 0x0e, 0x90, 0x01,
    0x50, 0x0e, 0x8c, 0x01, 0x41, 0x0e, 0x88, 0x01, 0x45, 0x0e, 0x8c, 0x01,
    0x42, 0x0e, 0x90, 0x01, 0x53, 0x0e, 0x8c, 0x01, 0x41, 0x0e, 0x88, 0x01,
    0x45, 0x0e, 0x8c, 0x01, 0x42, 0x0e, 0x90, 0x01, 0x7f, 0x0e, 0x80, 0x01,
    0x03, 0x52, 0x01, 0x0e, 0x88, 0x01, 0x45, 0x0e, 0x8c, 0x01, 0x44, 0x0e,
    0x90, 0x01, 0x76, 0x0e, 0x8c, 0x01, 0x41, 0x0e, 0x88, 0x01, 0x45, 0x0e,
    0x8c, 0x01, 0x42, 0x0e, 0x90, 0x01, 0x4f, 0x0e, 0x8c, 0x01, 0x41, 0x0e,
    0x88, 0x01, 0x45, 0x0e, 0x8c, 0x01, 0x42, 0x0e, 0x90, 0x01, 0x50, 0x0e,
    0x8c, 0x01, 0x41, 0x0e, 0x88, 0x01, 0x45, 0x0e, 0x8c, 0x01, 0x42, 0x0e,
    0x90, 0x01, 0x4f, 0x0e, 0x8c, 0x01, 0x41, 0x0e, 0x88, 0x01, 0x45, 0x0e,
    0x8c, 0x01, 0x42, 0x0e, 0x90, 0x01, 0x58, 0x0e, 0x8c, 0x01, 0x44, 0x0e,
    0x88, 0x01, 0x4a, 0x0e, 0x8c, 0x01, 0x47, 0x0e, 0x90, 0x01, 0x54, 0x0e,
    0x8c, 0x01, 0x41, 0x0e, 0x88, 0x01, 0x45, 0x0e, 0x8c, 0x01, 0x42, 0x0e,
    0x90, 0x01, 0x61, 0x0e, 0x80, 0x01, 0x47, 0x0e, 0x88, 0x01, 0x50, 0x0e,
    0x8c, 0x01, 0x42, 0x0e, 0x90, 0x01, 0x54, 0x0e, 0x80, 0x01, 0x65, 0x0e,
    0x88, 0x01, 0x4f, 0x0e, 0x8c, 0x01, 0x45, 0x0e, 0x90, 0x01, 0x4d, 0x0e,
    0x80, 0x01, 0x5e, 0x0e, 0x84, 0x01, 0x45, 0x0e, 0x88, 0x01, 0x45, 0x0e,
    0x8c, 0x01, 0x44, 0x0e, 0x90, 0x01, 0x48, 0x0e, 0x80, 0x01, 0x4b, 0x0e,
    0x84, 0x01, 0x45, 0x0e, 0x88, 0x01, 0x45, 0x0e, 0x8c, 0x01, 0x45, 0x0e,
    0x90, 0x01, 0x42, 0x0e, 0x94, 0x01, 0x42, 0x0e, 0x98, 0x01, 0x41, 0x0e,
    0x9c, 0x01, 0x45, 0x0e, 0xa0, 0x01, 0x48, 0x0e, 0x80, 0x01, 0x03, 0x02,
    0x01, 0x0e, 0x88, 0x01, 0x42, 0x0e, 0x8c, 0x01, 0x42, 0x0e, 0x90, 0x01,
    0x52, 0x0e, 0x88, 0x01, 0x4e, 0x0e, 0x8c, 0x01, 0x45, 0x0e, 0x90, 0x01,
    0x46, 0x0e, 0x8c, 0x01, 0x44, 0x0e, 0x88, 0x01, 0x45, 0x0e, 0x8c, 0x01,
    0x47, 0x0e, 0x90, 0x01, 0x4b, 0x0e, 0x8c, 0x01, 0x44, 0x0e, 0x88, 0x01,
    0x48, 0x0e, 0x8c, 0x01, 0x4a, 0x0e, 0x90, 0x01, 0x4b, 0x0e, 0x8c, 0x01,
    0x46, 0x0e, 0x88, 0x01, 0x63, 0x0e, 0x8c, 0x01, 0x42, 0x0e, 0x90, 0x01,
    0x4e, 0x0e, 0x80, 0x01, 0x02, 0x74, 0x0e, 0x84, 0x01, 0x48, 0x0e, 0x88,
    0x01, 0x45, 0x0e, 0x8c, 0x01, 0x41, 0x0e, 0x90, 0x01, 0x42, 0x0e, 0x94,
    0x01, 0x42, 0x0e, 0x98, 0x01, 0x45, 0x0e, 0x9c, 0x01, 0x41, 0x0e, 0xa0,
    0x01, 0x48, 0x0e, 0x80, 0x01, 0x00, 0x00, 0x00, 0x2c, 0x00, 0x00, 0x00,
    0xa4, 0x0a, 0x00, 0x00, 0x54, 0xcd, 0xff, 0xff, 0x74, 0x0e, 0x00, 0x00,
    0x00, 0x44, 0x0c, 0x01, 0x00, 0x49, 0x10, 0x05, 0x02, 0x75, 0x00, 0x47,
    0x0f, 0x03, 0x75, 0x70, 0x06, 0x10, 0x07, 0x02, 0x75, 0x7c, 0x10, 0x06,
    0x02, 0x75, 0x78, 0x10, 0x03, 0x02, 0x75, 0x74, 0x54, 0x00, 0x00, 0x00,
    0xd4, 0x0a, 0x00, 0x00, 0xa4, 0xc1, 0xff, 0xff, 0x6e, 0x0b, 0x00, 0x00,
    0x00, 0x41, 0x0e, 0x08, 0x85, 0x02, 0x41, 0x0e, 0x0c, 0x87, 0x03, 0x41,
    0x0e, 0x10, 0x86, 0x04, 0x41, 0x0e, 0x14, 0x83, 0x05, 0x43, 0x0e, 0x60,
    0x03, 0x2c, 0x04, 0x0a, 0x0e, 0x14, 0x41, 0xc3, 0x0e, 0x10, 0x41, 0xc6,
    0x0e, 0x0c, 0x41, 0xc7, 0x0e, 0x08, 0x41, 0xc5, 0x0e, 0x04, 0x41, 0x0b,
    0x03, 0x29, 0x02, 0x0a, 0x0e, 0x14, 0x41, 0xc3, 0x0e, 0x10, 0x41, 0xc6,
    0x0e, 0x0c, 0x41, 0xc7, 0x0e, 0x08, 0x41, 0xc5, 0x0e, 0x04, 0x41, 0x0b,
    0x77, 0x6d, 0x3a, 0x20, 0x64, 0x6f, 0x63, 0x6b, 0x20, 0x73, 0x70, 0x61,
    0x77, 0x6e, 0x20, 0x66, 0x61, 0x69, 0x6c, 0x65, 0x64, 0x0a, 0x00, 0xd0,
    0x98, 0xd0, 0xbc, 0xd1, 0x8f, 0x20, 0xd0, 0xbd, 0xd0, 0xbe, 0xd0, 0xb2,
    0xd0, 0xbe, 0xd0, 0xb9, 0x20, 0xd0, 0xbf, 0xd0, 0xb0, 0xd0, 0xbf, 0xd0,
    0xba, 0xd0, 0xb8, 0x3a, 0x00, 0x77, 0x6d, 0x3a, 0x20, 0x66, 0x62, 0x3d,
    0x00, 0x20, 0x77, 0x3d, 0x00, 0x20, 0x68, 0x3d, 0x00, 0x20, 0x70, 0x69,
    0x74, 0x63, 0x68, 0x3d, 0x00, 0x20, 0x62, 0x70, 0x70, 0x3d, 0x00, 0x77,
    0x6d, 0x3a, 0x20, 0x66, 0x72, 0x61, 0x6d, 0x65, 0x62, 0x75, 0x66, 0x66,
    0x65, 0x72, 0x20, 0x69, 0x73, 0x20, 0x6e, 0x6f, 0x74, 0x20, 0x33, 0x32,
    0x62, 0x70, 0x70, 0x0a, 0x00, 0x2e, 0x69, 0x63, 0x6f, 0x00, 0x2e, 0x74,
    0x78, 0x74, 0x00, 0x62, 0x69, 0x6e, 0x2f, 0x6e, 0x6f, 0x74, 0x65, 0x70,
    0x61, 0x64, 0x00, 0x62, 0x69, 0x6e, 0x2f, 0x74, 0x65, 0x72, 0x6d, 0x00,
    0x62, 0x69, 0x6e, 0x2f, 0x63, 0x6c, 0x6f, 0x63, 0x6b, 0x00, 0x00, 0x00,
    0xd0, 0x98, 0xd0, 0xbc, 0xd1, 0x8f, 0x20, 0xd0, 0xbd, 0xd0, 0xbe, 0xd0,
    0xb2, 0xd0, 0xbe, 0xd0, 0xb3, 0xd0, 0xbe, 0x20, 0xd1, 0x84, 0xd0, 0xb0,
    0xd0, 0xb9, 0xd0, 0xbb, 0xd0, 0xb0, 0x3a, 0x00, 0x00, 0x00, 0x10, 0x01,
    0x01, 0x00, 0x00, 0x00, 0x01, 0x00, 0x00, 0x00, 0x01, 0x00, 0x00, 0x00,
    0x73, 0x5a, 0x00, 0x01, 0x00, 0x00, 0x00, 0x00, 0x00, 0x00, 0x00, 0x00,
    0x7c, 0x5a, 0x00, 0x01, 0x00, 0x00, 0x00, 0x00, 0x00, 0x00, 0x00, 0x00,
    0x47, 0x43, 0x43, 0x3a, 0x20, 0x28, 0x55, 0x62, 0x75, 0x6e, 0x74, 0x75,
    0x20, 0x31, 0x35, 0x2e, 0x32, 0x2e, 0x30, 0x2d, 0x31, 0x36, 0x75, 0x62,
    0x75, 0x6e, 0x74, 0x75, 0x31, 0x29, 0x20, 0x31, 0x35, 0x2e, 0x32, 0x2e,
    0x30, 0x00, 0x00, 0x00, 0x00, 0x00, 0x00, 0x00, 0x00, 0x00, 0x00, 0x00,
    0x00, 0x00, 0x00, 0x00, 0x00, 0x00, 0x00, 0x00, 0x01, 0x00, 0x00, 0x00,
    0x00, 0x00, 0x00, 0x00, 0x00, 0x00, 0x00, 0x00, 0x04, 0x00, 0xf1, 0xff,
    0x0a, 0x00, 0x00, 0x00, 0xa8, 0x5a, 0x00, 0x01, 0x04, 0x00, 0x00, 0x00,
    0x01, 0x00, 0x07, 0x00, 0x14, 0x00, 0x00, 0x00, 0x00, 0x00, 0x00, 0x00,
    0x00, 0x00, 0x00, 0x00, 0x04, 0x00, 0xf1, 0xff, 0x19, 0x00, 0x00, 0x00,
    0x00, 0x05, 0x00, 0x01, 0x9d, 0x00, 0x00, 0x00, 0x02, 0x00, 0x01, 0x00,
    0x1e, 0x00, 0x00, 0x00, 0xa0, 0x05, 0x00, 0x01, 0xbe, 0x00, 0x00, 0x00,
    0x02, 0x00, 0x01, 0x00, 0x26, 0x00, 0x00, 0x00, 0x6c, 0x93, 0x00, 0x01,
    0x04, 0x00, 0x00, 0x00, 0x01, 0x00, 0x08, 0x00, 0x2e, 0x00, 0x00, 0x00,
    0x64, 0x93, 0x00, 0x01, 0x04, 0x00, 0x00, 0x00, 0x01, 0x00, 0x08, 0x00,
    0x36, 0x00, 0x00, 0x00, 0x94, 0x97, 0x00, 0x01, 0x04, 0x00, 0x00, 0x00,
    0x01, 0x00, 0x08, 0x00, 0x3f, 0x00, 0x00, 0x00, 0x70, 0x93, 0x00, 0x01,
    0x04, 0x00, 0x00, 0x00, 0x01, 0x00, 0x08, 0x00, 0x47, 0x00, 0x00, 0x00,
    0x68, 0x93, 0x00, 0x01, 0x04, 0x00, 0x00, 0x00, 0x01, 0x00, 0x08, 0x00,
    0x4f, 0x00, 0x00, 0x00, 0xa0, 0x97, 0x00, 0x01, 0x04, 0x00, 0x00, 0x00,
    0x01, 0x00, 0x08, 0x00, 0x57, 0x00, 0x00, 0x00, 0x60, 0x06, 0x00, 0x01,
    0xaf, 0x00, 0x00, 0x00, 0x02, 0x00, 0x01, 0x00, 0x61, 0x00, 0x00, 0x00,
    0x10, 0x07, 0x00, 0x01, 0x74, 0x00, 0x00, 0x00, 0x02, 0x00, 0x01, 0x00,
    0x6e, 0x00, 0x00, 0x00, 0xe0, 0x98, 0x00, 0x01, 0x04, 0x00, 0x00, 0x00,
    0x01, 0x00, 0x08, 0x00, 0x71, 0x00, 0x00, 0x00, 0x00, 0x99, 0x00, 0x01,
    0x20, 0x00, 0x00, 0x00, 0x01, 0x00, 0x08, 0x00, 0x78, 0x00, 0x00, 0x00,
    0xc0, 0x97, 0x00, 0x01, 0x20, 0x01, 0x00, 0x00, 0x01, 0x00, 0x08, 0x00,
    0x7d, 0x00, 0x00, 0x00, 0x90, 0x07, 0x00, 0x01, 0xb3, 0x00, 0x00, 0x00,
    0x02, 0x00, 0x01, 0x00, 0x87, 0x00, 0x00, 0x00, 0xb0, 0x5a, 0x00, 0x01,
    0x04, 0x00, 0x00, 0x00, 0x01, 0x00, 0x07, 0x00, 0x8e, 0x00, 0x00, 0x00,
    0x8c, 0x97, 0x00, 0x01, 0x04, 0x00, 0x00, 0x00, 0x01, 0x00, 0x08, 0x00,
    0x98, 0x00, 0x00, 0x00, 0x50, 0x08, 0x00, 0x01, 0x35, 0x01, 0x00, 0x00,
    0x02, 0x00, 0x01, 0x00, 0xa1, 0x00, 0x00, 0x00, 0x98, 0x97, 0x00, 0x01,
    0x04, 0x00, 0x00, 0x00, 0x01, 0x00, 0x08, 0x00, 0xa6, 0x00, 0x00, 0x00,
    0x9c, 0x97, 0x00, 0x01, 0x04, 0x00, 0x00, 0x00, 0x01, 0x00, 0x08, 0x00,
    0xab, 0x00, 0x00, 0x00, 0xb8, 0x5a, 0x00, 0x01, 0x18, 0x00, 0x00, 0x00,
    0x01, 0x00, 0x07, 0x00, 0xb5, 0x00, 0x00, 0x00, 0x90, 0x09, 0x00, 0x01,
    0x59, 0x01, 0x00, 0x00, 0x02, 0x00, 0x01, 0x00, 0xbd, 0x00, 0x00, 0x00,
    0x90, 0x97, 0x00, 0x01, 0x04, 0x00, 0x00, 0x00, 0x01, 0x00, 0x08, 0x00,
    0xc5, 0x00, 0x00, 0x00, 0xf0, 0x0a, 0x00, 0x01, 0x73, 0x00, 0x00, 0x00,
    0x02, 0x00, 0x01, 0x00, 0xdb, 0x00, 0x00, 0x00, 0x70, 0x0b, 0x00, 0x01,
    0xb7, 0x00, 0x00, 0x00, 0x02, 0x00, 0x01, 0x00, 0xf5, 0x00, 0x00, 0x00,
    0x30, 0x0c, 0x00, 0x01, 0xe1, 0x01, 0x00, 0x00, 0x02, 0x00, 0x01, 0x00,
    0x03, 0x01, 0x00, 0x00, 0x88, 0x97, 0x00, 0x01, 0x04, 0x00, 0x00, 0x00,
    0x01, 0x00, 0x08, 0x00, 0x0b, 0x01, 0x00, 0x00, 0x80, 0x97, 0x00, 0x01,
    0x04, 0x00, 0x00, 0x00, 0x01, 0x00, 0x08, 0x00, 0x11, 0x01, 0x00, 0x00,
    0x80, 0x93, 0x00, 0x01, 0x00, 0x04, 0x00, 0x00, 0x01, 0x00, 0x08, 0x00,
    0x16, 0x01, 0x00, 0x00, 0x84, 0x97, 0x00, 0x01, 0x04, 0x00, 0x00, 0x00,
    0x01, 0x00, 0x08, 0x00, 0x1c, 0x01, 0x00, 0x00, 0x20, 0x0e, 0x00, 0x01,
    0x1b, 0x0d, 0x00, 0x00, 0x02, 0x00, 0x01, 0x00, 0x2b, 0x01, 0x00, 0x00,
    0xe4, 0x8a, 0x00, 0x01, 0x04, 0x00, 0x00, 0x00, 0x01, 0x00, 0x08, 0x00,
    0x2c, 0x01, 0x00, 0x00, 0x00, 0x8b, 0x00, 0x01, 0x00, 0x08, 0x00, 0x00,
    0x01, 0x00, 0x08, 0x00, 0x32, 0x01, 0x00, 0x00, 0xc0, 0x3d, 0x00, 0x01,
    0x20, 0x04, 0x00, 0x00, 0x01, 0x00, 0x03, 0x00, 0x3e, 0x01, 0x00, 0x00,
    0x60, 0x93, 0x00, 0x01, 0x04, 0x00, 0x00, 0x00, 0x01, 0x00, 0x08, 0x00,
    0x48, 0x01, 0x00, 0x00, 0x5c, 0x93, 0x00, 0x01, 0x04, 0x00, 0x00, 0x00,
    0x01, 0x00, 0x08, 0x00, 0x4f, 0x01, 0x00, 0x00, 0x58, 0x93, 0x00, 0x01,
    0x04, 0x00, 0x00, 0x00, 0x01, 0x00, 0x08, 0x00, 0x56, 0x01, 0x00, 0x00,
    0x54, 0x93, 0x00, 0x01, 0x04, 0x00, 0x00, 0x00, 0x01, 0x00, 0x08, 0x00,
    0x62, 0x01, 0x00, 0x00, 0x50, 0x93, 0x00, 0x01, 0x04, 0x00, 0x00, 0x00,
    0x01, 0x00, 0x08, 0x00, 0x6e, 0x01, 0x00, 0x00, 0x40, 0x35, 0x00, 0x01,
    0x30, 0x00, 0x00, 0x00, 0x01, 0x00, 0x03, 0x00, 0x79, 0x01, 0x00, 0x00,
    0x4c, 0x93, 0x00, 0x01, 0x04, 0x00, 0x00, 0x00, 0x01, 0x00, 0x08, 0x00,
    0x82, 0x01, 0x00, 0x00, 0x20, 0x4a, 0x00, 0x01, 0x20, 0x04, 0x00, 0x00,
    0x01, 0x00, 0x03, 0x00, 0x8c, 0x01, 0x00, 0x00, 0x00, 0x46, 0x00, 0x01,
    0x20, 0x04, 0x00, 0x00, 0x01, 0x00, 0x03, 0x00, 0x97, 0x01, 0x00, 0x00,
    0xe0, 0x41, 0x00, 0x01, 0x20, 0x04, 0x00, 0x00, 0x01, 0x00, 0x03, 0x00,
    0xa4, 0x01, 0x00, 0x00, 0x00, 0x93, 0x00, 0x01, 0x04, 0x00, 0x00, 0x00,
    0x01, 0x00, 0x08, 0x00, 0xaf, 0x01, 0x00, 0x00, 0x04, 0x93, 0x00, 0x01,
    0x04, 0x00, 0x00, 0x00, 0x01, 0x00, 0x08, 0x00, 0xba, 0x01, 0x00, 0x00,
    0x48, 0x93, 0x00, 0x01, 0x04, 0x00, 0x00, 0x00, 0x01, 0x00, 0x08, 0x00,
    0xc3, 0x01, 0x00, 0x00, 0x08, 0x93, 0x00, 0x01, 0x04, 0x00, 0x00, 0x00,
    0x01, 0x00, 0x08, 0x00, 0xcb, 0x01, 0x00, 0x00, 0x20, 0x93, 0x00, 0x01,
    0x28, 0x00, 0x00, 0x00, 0x01, 0x00, 0x08, 0x00, 0xd4, 0x01, 0x00, 0x00,
    0xe0, 0x6a, 0x00, 0x01, 0x00, 0x20, 0x00, 0x00, 0x01, 0x00, 0x08, 0x00,
    0xde, 0x01, 0x00, 0x00, 0xe0, 0x5a, 0x00, 0x01, 0x00, 0x10, 0x00, 0x00,
    0x01, 0x00, 0x08, 0x00, 0xe3, 0x01, 0x00, 0x00, 0xa0, 0x39, 0x00, 0x01,
    0x20, 0x04, 0x00, 0x00, 0x01, 0x00, 0x03, 0x00, 0xed, 0x01, 0x00, 0x00,
    0x80, 0x35, 0x00, 0x01, 0x20, 0x04, 0x00, 0x00, 0x01, 0x00, 0x03, 0x00,
    0xf8, 0x01, 0x00, 0x00, 0xe0, 0x8a, 0x00, 0x01, 0x04, 0x00, 0x00, 0x00,
    0x01, 0x00, 0x08, 0x00, 0x04, 0x02, 0x00, 0x00, 0xac, 0x5a, 0x00, 0x01,
    0x04, 0x00, 0x00, 0x00, 0x01, 0x00, 0x07, 0x00, 0x10, 0x02, 0x00, 0x00,
    0xb4, 0x5a, 0x00, 0x01, 0x04, 0x00, 0x00, 0x00, 0x01, 0x00, 0x07, 0x00,
    0x1a, 0x02, 0x00, 0x00, 0x00, 0x00, 0x00, 0x00, 0x00, 0x00, 0x00, 0x00,
    0x04, 0x00, 0xf1, 0xff, 0x20, 0x02, 0x00, 0x00, 0x80, 0x00, 0x00, 0x01,
    0x1b, 0x00, 0x00, 0x00, 0x12, 0x00, 0x01, 0x00, 0x28, 0x02, 0x00, 0x00,
    0x50, 0x04, 0x00, 0x01, 0x1a, 0x00, 0x00, 0x00, 0x12, 0x00, 0x01, 0x00,
    0x33, 0x02, 0x00, 0x00, 0x80, 0x02, 0x00, 0x01, 0x18, 0x00, 0x00, 0x00,
    0x12, 0x00, 0x01, 0x00, 0x39, 0x02, 0x00, 0x00, 0x20, 0x00, 0x00, 0x01,
    0x17, 0x00, 0x00, 0x00, 0x12, 0x00, 0x01, 0x00, 0x3f, 0x02, 0x00, 0x00,
    0x00, 0x01, 0x00, 0x01, 0x1a, 0x00, 0x00, 0x00, 0x12, 0x00, 0x01, 0x00,
    0x4b, 0x02, 0x00, 0x00, 0xa0, 0x02, 0x00, 0x01, 0x18, 0x00, 0x00, 0x00,
    0x12, 0x00, 0x01, 0x00, 0x52, 0x02, 0x00, 0x00, 0x00, 0x02, 0x00, 0x01,
    0x1c, 0x00, 0x00, 0x00, 0x12, 0x00, 0x01, 0x00, 0x5b, 0x02, 0x00, 0x00,
    0x90, 0x04, 0x00, 0x01, 0x2d, 0x00, 0x00, 0x00, 0x12, 0x00, 0x01, 0x00,
    0x62, 0x02, 0x00, 0x00, 0xc0, 0x02, 0x00, 0x01, 0x1c, 0x00, 0x00, 0x00,
    0x12, 0x00, 0x01, 0x00, 0x6b, 0x02, 0x00, 0x00, 0x60, 0x00, 0x00, 0x01,
    0x1a, 0x00, 0x00, 0x00, 0x12, 0x00, 0x01, 0x00, 0x75, 0x02, 0x00, 0x00,
    0x00, 0x03, 0x00, 0x01, 0x18, 0x00, 0x00, 0x00, 0x12, 0x00, 0x01, 0x00,
    0x85, 0x02, 0x00, 0x00, 0x40, 0x1b, 0x00, 0x01, 0x6e, 0x0b, 0x00, 0x00,
    0x12, 0x00, 0x01, 0x00, 0x90, 0x02, 0x00, 0x00, 0x70, 0x04, 0x00, 0x01,
    0x1e, 0x00, 0x00, 0x00, 0x12, 0x00, 0x01, 0x00, 0x96, 0x02, 0x00, 0x00,
    0x40, 0x01, 0x00, 0x01, 0x1e, 0x00, 0x00, 0x00, 0x12, 0x00, 0x01, 0x00,
    0xa2, 0x02, 0x00, 0x00, 0xf0, 0x03, 0x00, 0x01, 0x58, 0x00, 0x00, 0x00,
    0x12, 0x00, 0x01, 0x00, 0xac, 0x02, 0x00, 0x00, 0x60, 0x01, 0x00, 0x01,
    0x18, 0x00, 0x00, 0x00, 0x12, 0x00, 0x01, 0x00, 0xb5, 0x02, 0x00, 0x00,
    0xa0, 0x01, 0x00, 0x01, 0x18, 0x00, 0x00, 0x00, 0x12, 0x00, 0x01, 0x00,
    0xbc, 0x02, 0x00, 0x00, 0x00, 0x00, 0x00, 0x01, 0x1b, 0x00, 0x00, 0x00,
    0x12, 0x00, 0x01, 0x00, 0xc3, 0x02, 0x00, 0x00, 0xc0, 0x00, 0x00, 0x01,
    0x1e, 0x00, 0x00, 0x00, 0x12, 0x00, 0x01, 0x00, 0xcb, 0x02, 0x00, 0x00,
    0xe0, 0x02, 0x00, 0x01, 0x1a, 0x00, 0x00, 0x00, 0x12, 0x00, 0x01, 0x00,
    0xd4, 0x02, 0x00, 0x00, 0xc0, 0x01, 0x00, 0x01, 0x18, 0x00, 0x00, 0x00,
    0x12, 0x00, 0x01, 0x00, 0xda, 0x02, 0x00, 0x00, 0x90, 0x03, 0x00, 0x01,
    0x58, 0x00, 0x00, 0x00, 0x12, 0x00, 0x01, 0x00, 0xe6, 0x02, 0x00, 0x00,
    0x40, 0x02, 0x00, 0x01, 0x3e, 0x00, 0x00, 0x00, 0x12, 0x00, 0x01, 0x00,
    0xef, 0x02, 0x00, 0x00, 0x40, 0x03, 0x00, 0x01, 0x20, 0x00, 0x00, 0x00,
    0x12, 0x00, 0x01, 0x00, 0xf9, 0x02, 0x00, 0x00, 0xc0, 0x26, 0x00, 0x01,
    0x74, 0x0e, 0x00, 0x00, 0x12, 0x00, 0x02, 0x00, 0xfe, 0x02, 0x00, 0x00,
    0x40, 0x00, 0x00, 0x01, 0x1a, 0x00, 0x00, 0x00, 0x12, 0x00, 0x01, 0x00,
    0x08, 0x03, 0x00, 0x00, 0xe0, 0x01, 0x00, 0x01, 0x18, 0x00, 0x00, 0x00,
    0x12, 0x00, 0x01, 0x00, 0x11, 0x03, 0x00, 0x00, 0xa0, 0x00, 0x00, 0x01,
    0x1e, 0x00, 0x00, 0x00, 0x12, 0x00, 0x01, 0x00, 0x1a, 0x03, 0x00, 0x00,
    0x20, 0x03, 0x00, 0x01, 0x18, 0x00, 0x00, 0x00, 0x12, 0x00, 0x01, 0x00,
    0x28, 0x03, 0x00, 0x00, 0x20, 0x01, 0x00, 0x01, 0x1a, 0x00, 0x00, 0x00,
    0x12, 0x00, 0x01, 0x00, 0x32, 0x03, 0x00, 0x00, 0xe0, 0x00, 0x00, 0x01,
    0x1a, 0x00, 0x00, 0x00, 0x12, 0x00, 0x01, 0x00, 0x3c, 0x03, 0x00, 0x00,
    0x60, 0x03, 0x00, 0x01, 0x22, 0x00, 0x00, 0x00, 0x12, 0x00, 0x01, 0x00,
    0x48, 0x03, 0x00, 0x00, 0x20, 0x02, 0x00, 0x01, 0x16, 0x00, 0x00, 0x00,
    0x12, 0x00, 0x01, 0x00, 0x4d, 0x03, 0x00, 0x00, 0x80, 0x01, 0x00, 0x01,
    0x18, 0x00, 0x00, 0x00, 0x12, 0x00, 0x01, 0x00, 0x5a, 0x03, 0x00, 0x00,
    0xc0, 0x04, 0x00, 0x01, 0x01, 0x00, 0x00, 0x00, 0x12, 0x00, 0x01, 0x00,
    0x00, 0x6c, 0x69, 0x62, 0x61, 0x6f, 0x73, 0x2e, 0x63, 0x00, 0x68, 0x65,
    0x61, 0x70, 0x5f, 0x6e, 0x65, 0x78, 0x74, 0x00, 0x77, 0x6d, 0x2e, 0x63,
    0x00, 0x6d, 0x63, 0x70, 0x79, 0x00, 0x66, 0x62, 0x5f, 0x66, 0x69, 0x6c,
    0x6c, 0x00, 0x63, 0x6c, 0x69, 0x70, 0x5f, 0x79, 0x30, 0x00, 0x63, 0x6c,
    0x69, 0x70, 0x5f, 0x79, 0x31, 0x00, 0x66, 0x62, 0x5f, 0x70, 0x69, 0x74,
    0x63, 0x68, 0x00, 0x63, 0x6c, 0x69, 0x70, 0x5f, 0x78, 0x30, 0x00, 0x63,
    0x6c, 0x69, 0x70, 0x5f, 0x78, 0x31, 0x00, 0x66, 0x62, 0x5f, 0x61, 0x64,
    0x64, 0x72, 0x00, 0x65, 0x78, 0x74, 0x5f, 0x6d, 0x61, 0x74, 0x63, 0x68,
    0x00, 0x77, 0x69, 0x6e, 0x5f, 0x69, 0x6e, 0x64, 0x65, 0x78, 0x5f, 0x61,
    0x74, 0x00, 0x6e, 0x7a, 0x00, 0x7a, 0x6f, 0x72, 0x64, 0x65, 0x72, 0x00,
    0x77, 0x69, 0x6e, 0x73, 0x00, 0x72, 0x61, 0x69, 0x73, 0x65, 0x5f, 0x70,
    0x69, 0x64, 0x00, 0x72, 0x65, 0x64, 0x72, 0x61, 0x77, 0x00, 0x66, 0x6f,
    0x63, 0x75, 0x73, 0x5f, 0x70, 0x69, 0x64, 0x00, 0x64, 0x6f, 0x63, 0x6b,
    0x5f, 0x68, 0x69, 0x74, 0x00, 0x66, 0x62, 0x5f, 0x68, 0x00, 0x66, 0x62,
    0x5f, 0x77, 0x00, 0x6c, 0x61, 0x75, 0x6e, 0x63, 0x68, 0x65, 0x72, 0x73,
    0x00, 0x66, 0x62, 0x5f, 0x74, 0x65, 0x78, 0x74, 0x00, 0x73, 0x63, 0x72,
    0x61, 0x74, 0x63, 0x68, 0x00, 0x64, 0x72, 0x61, 0x77, 0x5f, 0x69, 0x63,
    0x6f, 0x6e, 0x2e, 0x63, 0x6f, 0x6e, 0x73, 0x74, 0x70, 0x72, 0x6f, 0x70,
    0x2e, 0x30, 0x00, 0x64, 0x72, 0x61, 0x77, 0x5f, 0x69, 0x63, 0x6f, 0x6e,
    0x5f, 0x61, 0x72, 0x74, 0x2e, 0x63, 0x6f, 0x6e, 0x73, 0x74, 0x70, 0x72,
    0x6f, 0x70, 0x2e, 0x30, 0x00, 0x75, 0x70, 0x64, 0x61, 0x74, 0x65, 0x5f,
    0x63, 0x75, 0x72, 0x73, 0x6f, 0x72, 0x00, 0x68, 0x61, 0x73, 0x5f, 0x63,
    0x75, 0x72, 0x00, 0x63, 0x75, 0x72, 0x5f, 0x79, 0x00, 0x73, 0x6e, 0x61,
    0x70, 0x00, 0x63, 0x75, 0x72, 0x5f, 0x78, 0x00, 0x63, 0x6f, 0x6d, 0x70,
    0x6f, 0x73, 0x69, 0x74, 0x65, 0x5f, 0x72, 0x65, 0x63, 0x74, 0x00, 0x6e,
    0x66, 0x69, 0x6c, 0x65, 0x73, 0x00, 0x69, 0x63, 0x6f, 0x6e, 0x5f, 0x66,
    0x6f, 0x6c, 0x64, 0x65, 0x72, 0x00, 0x6d, 0x65, 0x6e, 0x75, 0x5f, 0x6f,
    0x70, 0x65, 0x6e, 0x00, 0x6d, 0x65, 0x6e, 0x75, 0x5f, 0x78, 0x00, 0x6d,
    0x65, 0x6e, 0x75, 0x5f, 0x79, 0x00, 0x6d, 0x65, 0x6e, 0x75, 0x5f, 0x64,
    0x72, 0x61, 0x77, 0x5f, 0x78, 0x00, 0x6d, 0x65, 0x6e, 0x75, 0x5f, 0x64,
    0x72, 0x61, 0x77, 0x5f, 0x79, 0x00, 0x6d, 0x65, 0x6e, 0x75, 0x5f, 0x69,
    0x74, 0x65, 0x6d, 0x73, 0x00, 0x64, 0x6c, 0x67, 0x5f, 0x6f, 0x70, 0x65,
    0x6e, 0x00, 0x69, 0x63, 0x6f, 0x6e, 0x5f, 0x74, 0x65, 0x72, 0x6d, 0x00,
    0x69, 0x63, 0x6f, 0x6e, 0x5f, 0x63, 0x6c, 0x6f, 0x63, 0x6b, 0x00, 0x69,
    0x63, 0x6f, 0x6e, 0x5f, 0x75, 0x6e, 0x6b, 0x6e, 0x6f, 0x77, 0x6e, 0x00,
    0x64, 0x6c, 0x67, 0x5f, 0x64, 0x72, 0x61, 0x77, 0x5f, 0x79, 0x00, 0x64,
    0x6c, 0x67, 0x5f, 0x64, 0x72, 0x61, 0x77, 0x5f, 0x78, 0x00, 0x64, 0x6c,
    0x67, 0x5f, 0x6d, 0x6f, 0x64, 0x65, 0x00, 0x64, 0x6c, 0x67, 0x5f, 0x6c,
    0x65, 0x6e, 0x00, 0x64, 0x6c, 0x67, 0x5f, 0x6e, 0x61, 0x6d, 0x65, 0x00,
    0x69, 0x63, 0x6f, 0x5f, 0x62, 0x75, 0x66, 0x2e, 0x31, 0x00, 0x70, 0x78,
    0x2e, 0x30, 0x00, 0x69, 0x63, 0x6f, 0x6e, 0x5f, 0x66, 0x69, 0x6c, 0x65,
    0x00, 0x69, 0x63, 0x6f, 0x6e, 0x5f, 0x69, 0x6d, 0x61, 0x67, 0x65, 0x00,
    0x72, 0x65, 0x66, 0x72, 0x65, 0x73, 0x68, 0x5f, 0x63, 0x6e, 0x74, 0x00,
    0x66, 0x69, 0x6c, 0x65, 0x73, 0x5f, 0x64, 0x69, 0x72, 0x74, 0x79, 0x00,
    0x6e, 0x65, 0x78, 0x74, 0x5f, 0x73, 0x6c, 0x61, 0x62, 0x00, 0x69, 0x63,
    0x6f, 0x2e, 0x63, 0x00, 0x70, 0x75, 0x74, 0x63, 0x68, 0x61, 0x72, 0x00,
    0x73, 0x65, 0x74, 0x5f, 0x73, 0x74, 0x64, 0x6f, 0x75, 0x74, 0x00, 0x79,
    0x69, 0x65, 0x6c, 0x64, 0x00, 0x70, 0x72, 0x69, 0x6e, 0x74, 0x00, 0x66,
    0x73, 0x5f, 0x67, 0x65, 0x74, 0x5f, 0x73, 0x69, 0x7a, 0x65, 0x00, 0x67,
    0x65, 0x74, 0x70, 0x69, 0x64, 0x00, 0x67, 0x65, 0x74, 0x5f, 0x61, 0x72,
    0x67, 0x73, 0x00, 0x6d, 0x61, 0x6c, 0x6c, 0x6f, 0x63, 0x00, 0x73, 0x65,
    0x6e, 0x64, 0x5f, 0x6d, 0x73, 0x67, 0x00, 0x70, 0x72, 0x69, 0x6e, 0x74,
    0x5f, 0x64, 0x65, 0x63, 0x00, 0x72, 0x65, 0x67, 0x69, 0x73, 0x74, 0x65,
    0x72, 0x5f, 0x65, 0x76, 0x65, 0x6e, 0x74, 0x73, 0x00, 0x69, 0x63, 0x6f,
    0x5f, 0x64, 0x65, 0x63, 0x6f, 0x64, 0x65, 0x00, 0x73, 0x70, 0x61, 0x77,
    0x6e, 0x00, 0x66, 0x73, 0x5f, 0x6c, 0x69, 0x73, 0x74, 0x5f, 0x67, 0x65,
    0x74, 0x00, 0x66, 0x69, 0x6c, 0x6c, 0x5f, 0x72, 0x65, 0x63, 0x74, 0x00,
    0x67, 0x65, 0x74, 0x5f, 0x74, 0x69, 0x63, 0x6b, 0x00, 0x72, 0x65, 0x62,
    0x6f, 0x6f, 0x74, 0x00, 0x5f, 0x73, 0x74, 0x61, 0x72, 0x74, 0x00, 0x66,
    0x73, 0x5f, 0x72, 0x65, 0x61, 0x64, 0x00, 0x72, 0x65, 0x63, 0x76, 0x5f,
    0x6d, 0x73, 0x67, 0x00, 0x70, 0x61, 0x6e, 0x69, 0x63, 0x00, 0x72, 0x65,
    0x6e, 0x64, 0x65, 0x72, 0x5f, 0x74, 0x65, 0x78, 0x74, 0x00, 0x72, 0x65,
    0x61, 0x64, 0x5f, 0x6b, 0x65, 0x79, 0x00, 0x67, 0x65, 0x74, 0x5f, 0x6d,
    0x6f, 0x75, 0x73, 0x65, 0x00, 0x6d, 0x61, 0x69, 0x6e, 0x00, 0x70, 0x72,
    0x69, 0x6e, 0x74, 0x5f, 0x68, 0x65, 0x78, 0x00, 0x73, 0x68, 0x75, 0x74,
    0x64, 0x6f, 0x77, 0x6e, 0x00, 0x66, 0x73, 0x5f, 0x77, 0x72, 0x69, 0x74,
    0x65, 0x00, 0x67, 0x65, 0x74, 0x5f, 0x65, 0x76, 0x65, 0x6e, 0x74, 0x5f,
    0x70, 0x69, 0x64, 0x00, 0x66, 0x73, 0x5f, 0x65, 0x78, 0x69, 0x73, 0x74,
    0x73, 0x00, 0x66, 0x73, 0x5f, 0x64, 0x65, 0x6c, 0x65, 0x74, 0x65, 0x00,
    0x67, 0x65, 0x74, 0x5f, 0x66, 0x62, 0x5f, 0x69, 0x6e, 0x66, 0x6f, 0x00,
    0x65, 0x78, 0x69, 0x74, 0x00, 0x63, 0x6c, 0x65, 0x61, 0x72, 0x5f, 0x73,
    0x63, 0x72, 0x65, 0x65, 0x6e, 0x00, 0x66, 0x72, 0x65, 0x65, 0x00, 0x00,
    0x2e, 0x73, 0x79, 0x6d, 0x74, 0x61, 0x62, 0x00, 0x2e, 0x73, 0x74, 0x72,
    0x74, 0x61, 0x62, 0x00, 0x2e, 0x73, 0x68, 0x73, 0x74, 0x72, 0x74, 0x61,
    0x62, 0x00, 0x2e, 0x74, 0x65, 0x78, 0x74, 0x00, 0x2e, 0x74, 0x65, 0x78,
    0x74, 0x2e, 0x73, 0x74, 0x61, 0x72, 0x74, 0x75, 0x70, 0x00, 0x2e, 0x72,
    0x6f, 0x64, 0x61, 0x74, 0x61, 0x00, 0x2e, 0x65, 0x68, 0x5f, 0x66, 0x72,
    0x61, 0x6d, 0x65, 0x00, 0x2e, 0x72, 0x6f, 0x64, 0x61, 0x74, 0x61, 0x2e,
    0x73, 0x74, 0x72, 0x31, 0x2e, 0x31, 0x00, 0x2e, 0x72, 0x6f, 0x64, 0x61,
    0x74, 0x61, 0x2e, 0x73, 0x74, 0x72, 0x31, 0x2e, 0x34, 0x00, 0x2e, 0x64,
    0x61, 0x74, 0x61, 0x00, 0x2e, 0x62, 0x73, 0x73, 0x00, 0x2e, 0x63, 0x6f,
    0x6d, 0x6d, 0x65, 0x6e, 0x74, 0x00, 0x00, 0x00, 0x00, 0x00, 0x00, 0x00,
    0x00, 0x00, 0x00, 0x00, 0x00, 0x00, 0x00, 0x00, 0x00, 0x00, 0x00, 0x00,
    0x00, 0x00, 0x00, 0x00, 0x00, 0x00, 0x00, 0x00, 0x00, 0x00, 0x00, 0x00,
    0x00, 0x00, 0x00, 0x00, 0x00, 0x00, 0x00, 0x00, 0x00, 0x00, 0x00, 0x00,
    0x1b, 0x00, 0x00, 0x00, 0x01, 0x00, 0x00, 0x00, 0x06, 0x00, 0x00, 0x00,
    0x00, 0x00, 0x00, 0x01, 0x80, 0x00, 0x00, 0x00, 0xae, 0x26, 0x00, 0x00,
    0x00, 0x00, 0x00, 0x00, 0x00, 0x00, 0x00, 0x00, 0x40, 0x00, 0x00, 0x00,
    0x00, 0x00, 0x00, 0x00, 0x21, 0x00, 0x00, 0x00, 0x01, 0x00, 0x00, 0x00,
    0x06, 0x00, 0x00, 0x00, 0xc0, 0x26, 0x00, 0x01, 0x40, 0x27, 0x00, 0x00,
    0x74, 0x0e, 0x00, 0x00, 0x00, 0x00, 0x00, 0x00, 0x00, 0x00, 0x00, 0x00,
    0x40, 0x00, 0x00, 0x00, 0x00, 0x00, 0x00, 0x00, 0x2f, 0x00, 0x00, 0x00,
    0x01, 0x00, 0x00, 0x00, 0x02, 0x00, 0x00, 0x00, 0x40, 0x35, 0x00, 0x01,
    0xc0, 0x35, 0x00, 0x00, 0x84, 0x19, 0x00, 0x00, 0x00, 0x00, 0x00, 0x00,
    0x00, 0x00, 0x00, 0x00, 0x20, 0x00, 0x00, 0x00, 0x00, 0x00, 0x00, 0x00,
    0x37, 0x00, 0x00, 0x00, 0x01, 0x00, 0x00, 0x00, 0x02, 0x00, 0x00, 0x00,
    0xc4, 0x4e, 0x00, 0x01, 0x44, 0x4f, 0x00, 0x00, 0x28, 0x0b, 0x00, 0x00,
    0x00, 0x00, 0x00, 0x00, 0x00, 0x00, 0x00, 0x00, 0x04, 0x00, 0x00, 0x00,
    0x00, 0x00, 0x00, 0x00, 0x41, 0x00, 0x00, 0x00, 0x01, 0x00, 0x00, 0x00,
    0x32, 0x00, 0x00, 0x00, 0xec, 0x59, 0x00, 0x01, 0x6c, 0x5a, 0x00, 0x00,
    0x9a, 0x00, 0x00, 0x00, 0x00, 0x00, 0x00, 0x00, 0x00, 0x00, 0x00, 0x00,
    0x01, 0x00, 0x00, 0x00, 0x01, 0x00, 0x00, 0x00, 0x50, 0x00, 0x00, 0x00,
    0x01, 0x00, 0x00, 0x00, 0x32, 0x00, 0x00, 0x00, 0x88, 0x5a, 0x00, 0x01,
    0x08, 0x5b, 0x00, 0x00, 0x20, 0x00, 0x00, 0x00, 0x00, 0x00, 0x00, 0x00,
    0x00, 0x00, 0x00, 0x00, 0x04, 0x00, 0x00, 0x00, 0x01, 0x00, 0x00, 0x00,
    0x5f, 0x00, 0x00, 0x00, 0x01, 0x00, 0x00, 0x00, 0x03, 0x00, 0x00, 0x00,
    0xa8, 0x5a, 0x00, 0x01, 0x28, 0x5b, 0x00, 0x00, 0x28, 0x00, 0x00, 0x00,
    0x00, 0x00, 0x00, 0x00, 0x00, 0x00, 0x00, 0x00, 0x04, 0x00, 0x00, 0x00,
    0x00, 0x00, 0x00, 0x00, 0x65, 0x00, 0x00, 0x00, 0x08, 0x00, 0x00, 0x00,
    0x03, 0x00, 0x00, 0x00, 0xe0, 0x5a, 0x00, 0x01, 0x50, 0x5b, 0x00, 0x00,
    0x40, 0x3e, 0x00, 0x00, 0x00, 0x00, 0x00, 0x00, 0x00, 0x00, 0x00, 0x00,
    0x20, 0x00, 0x00, 0x00, 0x00, 0x00, 0x00, 0x00, 0x6a, 0x00, 0x00, 0x00,
    0x01, 0x00, 0x00, 0x00, 0x30, 0x00, 0x00, 0x00, 0x00, 0x00, 0x00, 0x00,
    0x50, 0x5b, 0x00, 0x00, 0x26, 0x00, 0x00, 0x00, 0x00, 0x00, 0x00, 0x00,
    0x00, 0x00, 0x00, 0x00, 0x01, 0x00, 0x00, 0x00, 0x01, 0x00, 0x00, 0x00,
    0x01, 0x00, 0x00, 0x00, 0x02, 0x00, 0x00, 0x00, 0x00, 0x00, 0x00, 0x00,
    0x00, 0x00, 0x00, 0x00, 0x78, 0x5b, 0x00, 0x00, 0xf0, 0x05, 0x00, 0x00,
    0x0b, 0x00, 0x00, 0x00, 0x3c, 0x00, 0x00, 0x00, 0x04, 0x00, 0x00, 0x00,
    0x10, 0x00, 0x00, 0x00, 0x09, 0x00, 0x00, 0x00, 0x03, 0x00, 0x00, 0x00,
    0x00, 0x00, 0x00, 0x00, 0x00, 0x00, 0x00, 0x00, 0x68, 0x61, 0x00, 0x00,
    0x5f, 0x03, 0x00, 0x00, 0x00, 0x00, 0x00, 0x00, 0x00, 0x00, 0x00, 0x00,
    0x01, 0x00, 0x00, 0x00, 0x00, 0x00, 0x00, 0x00, 0x11, 0x00, 0x00, 0x00,
    0x03, 0x00, 0x00, 0x00, 0x00, 0x00, 0x00, 0x00, 0x00, 0x00, 0x00, 0x00,
    0xc7, 0x64, 0x00, 0x00, 0x73, 0x00, 0x00, 0x00, 0x00, 0x00, 0x00, 0x00,
    0x00, 0x00, 0x00, 0x00, 0x01, 0x00, 0x00, 0x00, 0x00, 0x00, 0x00, 0x00,
};

static const unsigned char prog_term_elf[] = {
    0x7f, 0x45, 0x4c, 0x46, 0x01, 0x01, 0x01, 0x00, 0x00, 0x00, 0x00, 0x00,
    0x00, 0x00, 0x00, 0x00, 0x02, 0x00, 0x03, 0x00, 0x01, 0x00, 0x00, 0x00,
    0x00, 0x00, 0x00, 0x01, 0x34, 0x00, 0x00, 0x00, 0x64, 0x1a, 0x00, 0x00,
    0x00, 0x00, 0x00, 0x00, 0x34, 0x00, 0x20, 0x00, 0x02, 0x00, 0x28, 0x00,
    0x0c, 0x00, 0x0b, 0x00, 0x01, 0x00, 0x00, 0x00, 0x80, 0x00, 0x00, 0x00,
    0x00, 0x00, 0x00, 0x01, 0x00, 0x00, 0x00, 0x01, 0x60, 0x14, 0x00, 0x00,
    0x80, 0x4d, 0x00, 0x00, 0x07, 0x00, 0x00, 0x00, 0x20, 0x00, 0x00, 0x00,
    0x51, 0xe5, 0x74, 0x64, 0x00, 0x00, 0x00, 0x00, 0x00, 0x00, 0x00, 0x00,
    0x00, 0x00, 0x00, 0x00, 0x00, 0x00, 0x00, 0x00, 0x00, 0x00, 0x00, 0x00,
    0x06, 0x00, 0x00, 0x00, 0x10, 0x00, 0x00, 0x00, 0x00, 0x00, 0x00, 0x00,
    0x00, 0x00, 0x00, 0x00, 0x00, 0x00, 0x00, 0x00, 0x57, 0x56, 0x53, 0x31,
    0xdb, 0x89, 0xde, 0x89, 0xdf, 0xe8, 0x12, 0x0a, 0x00, 0x00, 0xb8, 0x10,
    0x00, 0x00, 0x00, 0x89, 0xd9, 0x89, 0xda, 0xcd, 0x80, 0xeb, 0xfe, 0x2e,
    0x8d, 0x74, 0x26, 0x00, 0x31, 0xc0, 0x57, 0x89, 0xc1, 0x56, 0x89, 0xc2,
    0x89, 0xc6, 0x53, 0x89, 0xc7, 0x8b, 0x5c, 0x24, 0x10, 0xcd, 0x80, 0x5b,
    0x5e, 0x5f, 0xc3, 0x90, 0x2e, 0x8d, 0xb4, 0x26, 0x00, 0x00, 0x00, 0x00,
    0x31, 0xc9, 0x57, 0xb8, 0x01, 0x00, 0x00, 0x00, 0x56, 0x89, 0xca, 0x89,
    0xce, 0x89, 0xcf, 0x53, 0x8b, 0x5c, 0x24, 0x10, 0xcd, 0x80, 0x5b, 0x5e,
    0x5f, 0xc3, 0x8d, 0xb6, 0x00, 0x00, 0x00, 0x00, 0x31, 0xc9, 0x57, 0xb8,
    0x02, 0x00, 0x00, 0x00, 0x56, 0x89, 0xca, 0x89, 0xce, 0x89, 0xcf, 0x53,
    0x8b, 0x5c, 0x24, 0x10, 0xcd, 0x80, 0x5b, 0x5e, 0x5f, 0xc3, 0x8d, 0xb6,
    0x00, 0x00, 0x00, 0x00, 0x31, 0xc9, 0x57, 0xb8, 0x03, 0x00, 0x00, 0x00,
    0x56, 0x89, 0xca, 0x89, 0xce, 0x89, 0xcf, 0x53, 0x0f, 0xbe, 0x5c, 0x24,
    0x10, 0xcd, 0x80, 0x5b, 0x5e, 0x5f, 0xc3, 0x2e, 0x8d, 0x74, 0x26, 0x00,
    0x57, 0xb8, 0x04, 0x00, 0x00, 0x00, 0x56, 0x31, 0xf6, 0x53, 0x89, 0xf7,
    0x8b, 0x4c, 0x24, 0x14, 0x8b, 0x54, 0x24, 0x18, 0x8b, 0x5c, 0x24, 0x10,
    0xcd, 0x80, 0x5b, 0x5e, 0x5f, 0xc3, 0x66, 0x90, 0x57, 0xb8, 0x05, 0x00,
    0x00, 0x00, 0x56, 0x31, 0xf6, 0x53, 0x89, 0xf7, 0x8b, 0x4c, 0x24, 0x14,
    0x8b, 0x54, 0x24, 0x18, 0x8b, 0x5c, 0x24, 0x10, 0xcd, 0x80, 0x5b, 0x5e,
    0x5f, 0xc3, 0x66, 0x90, 0x31, 0xc9, 0x57, 0xb8, 0x06, 0x00, 0x00, 0x00,
    0x56, 0x89, 0xca, 0x89, 0xce, 0x89, 0xcf, 0x53, 0x8b, 0x5c, 0x24, 0x10,
    0xcd, 0x80, 0x5b, 0x5e, 0x5f, 0xc3, 0x8d, 0xb6, 0x00, 0x00, 0x00, 0x00,
    0x31, 0xc9, 0x57, 0xb8, 0x07, 0x00, 0x00, 0x00, 0x56, 0x89, 0xca, 0x89,
    0xce, 0x89, 0xcf, 0x53, 0x8b, 0x5c, 0x24, 0x10, 0xcd, 0x80, 0x5b, 0x5e,
    0x5f, 0xc3, 0x8d, 0xb6, 0x00, 0x00, 0x00, 0x00, 0x31, 0xc9, 0x57, 0xb8,
    0x08, 0x00, 0x00, 0x00, 0x56, 0x89, 0xca, 0x89, 0xce, 0x89, 0xcf, 0x53,
    0x8b, 0x5c, 0x24, 0x10, 0xcd, 0x80, 0x5b, 0x5e, 0x5f, 0xc3, 0x8d, 0xb6,
    0x00, 0x00, 0x00, 0x00, 0x57, 0xb8, 0x09, 0x00, 0x00, 0x00, 0x56, 0x31,
    0xf6, 0x53, 0x89, 0xf7, 0x8b, 0x4c, 0x24, 0x14, 0x8b, 0x54, 0x24, 0x18,
    0x8b, 0x5c, 0x24, 0x10, 0xcd, 0x80, 0x5b, 0x5e, 0x5f, 0xc3, 0x66, 0x90,
    0x57, 0xb8, 0x0a, 0x00, 0x00, 0x00, 0x56, 0x53, 0x31, 0xdb, 0x89, 0xd9,
    0x89, 0xda, 0x89, 0xde, 0x89, 0xdf, 0xcd, 0x80, 0x5b, 0x5e, 0x5f, 0xc3,
    0x2e, 0x8d, 0xb4, 0x26, 0x00, 0x00, 0x00, 0x00, 0x57, 0xb8, 0x0b, 0x00,
    0x00, 0x00, 0x56, 0x53, 0x31, 0xdb, 0x89, 0xd9, 0x89, 0xda, 0x89, 0xde,
    0x89, 0xdf, 0xcd, 0x80, 0x5b, 0x5e, 0x5f, 0xc3, 0x2e, 0x8d, 0xb4, 0x26,
    0x00, 0x00, 0x00, 0x00, 0x57, 0xb8, 0x0c, 0x00, 0x00, 0x00, 0x56, 0x53,
    0x31, 0xdb, 0x89, 0xd9, 0x89, 0xda, 0x89, 0xde, 0x89, 0xdf, 0xcd, 0x80,
    0x5b, 0x5e, 0x5f, 0xc3, 0x2e, 0x8d, 0xb4, 0x26, 0x00, 0x00, 0x00, 0x00,
    0x57, 0xb8, 0x0d, 0x00, 0x00, 0x00, 0x56, 0x53, 0x31, 0xdb, 0x89, 0xd9,
    0x89, 0xda, 0x89, 0xde, 0x89, 0xdf, 0xcd, 0x80, 0x5b, 0x5e, 0x5f, 0xc3,
    0x2e, 0x8d, 0xb4, 0x26, 0x00, 0x00, 0x00, 0x00, 0x57, 0xb8, 0x0e, 0x00,
    0x00, 0x00, 0x56, 0x53, 0x31, 0xdb, 0x89, 0xd9, 0x89, 0xda, 0x89, 0xde,
    0x89, 0xdf, 0xcd, 0x80, 0x5b, 0x5e, 0x5f, 0xc3, 0x2e, 0x8d, 0xb4, 0x26,
    0x00, 0x00, 0x00, 0x00, 0x31, 0xd2, 0x57, 0xb8, 0x0f, 0x00, 0x00, 0x00,
    0x56, 0x89, 0xd7, 0x89, 0xd6, 0x53, 0x8b, 0x4c, 0x24, 0x14, 0x8b, 0x5c,
    0x24, 0x10, 0xcd, 0x80, 0x5b, 0x5e, 0x5f, 0xc3, 0x8d, 0x74, 0x26, 0x00,
    0x57, 0xb8, 0x10, 0x00, 0x00, 0x00, 0x56, 0x53, 0x31, 0xdb, 0x89, 0xd9,
    0x89, 0xda, 0x89, 0xde, 0x89, 0xdf, 0xcd, 0x80, 0xeb, 0xfe, 0x66, 0x90,
    0x2e, 0x8d, 0xb4, 0x26, 0x00, 0x00, 0x00, 0x00, 0x55, 0xb8, 0x11, 0x00,
    0x00, 0x00, 0x57, 0x56, 0x53, 0x31, 0xdb, 0x89, 0xd9, 0x89, 0xda, 0x89,
    0xde, 0x89, 0xdf, 0xcd, 0x80, 0x85, 0xc0, 0x79, 0x20, 0xbd, 0x12, 0x00,
    0x00, 0x00, 0x66, 0x90, 0x31, 0xdb, 0x89, 0xe8, 0x89, 0xd9, 0x89, 0xda,
    0x89, 0xde, 0x89, 0xdf, 0xcd, 0x80, 0xb8, 0x11, 0x00, 0x00, 0x00, 0xcd,
    0x80, 0x85, 0xc0, 0x78, 0xe7, 0x5b, 0x5e, 0x5f, 0x5d, 0xc3, 0x66, 0x90,
    0x57, 0xb8, 0x12, 0x00, 0x00, 0x00, 0x56, 0x53, 0x31, 0xdb, 0x89, 0xd9,
    0x89, 0xda, 0x89, 0xde, 0x89, 0xdf, 0xcd, 0x80, 0x5b, 0x5e, 0x5f, 0xc3,
    0x2e, 0x8d, 0xb4, 0x26, 0x00, 0x00, 0x00, 0x00, 0x57, 0xb8, 0x13, 0x00,
    0x00, 0x00, 0x56, 0x53, 0x31, 0xdb, 0x89, 0xd9, 0x89, 0xda, 0x89, 0xde,
    0x89, 0xdf, 0xcd, 0x80, 0x5b, 0x5e, 0x5f, 0xc3, 0x2e, 0x8d, 0xb4, 0x26,
    0x00, 0x00, 0x00, 0x00, 0x31, 0xd2, 0x57, 0xb8, 0x14, 0x00, 0x00, 0x00,
    0x56, 0x89, 0xd7, 0x89, 0xd6, 0x53, 0x8b, 0x4c, 0x24, 0x14, 0x8b, 0x5c,
    0x24, 0x10, 0xcd, 0x80, 0x5b, 0x5e, 0x5f, 0xc3, 0x8d, 0x74, 0x26, 0x00,
    0x31, 0xc9, 0x57, 0xb8, 0x15, 0x00, 0x00, 0x00, 0x56, 0x89, 0xca, 0x89,
    0xce, 0x89, 0xcf, 0x53, 0x8b, 0x5c, 0x24, 0x10, 0xcd, 0x80, 0x5b, 0x5e,
    0x5f, 0xc3, 0x8d, 0xb6, 0x00, 0x00, 0x00, 0x00, 0x57, 0xb8, 0x16, 0x00,
    0x00, 0x00, 0x56, 0x53, 0x31, 0xdb, 0x89, 0xd9, 0x89, 0xda, 0x89, 0xde,
    0x89, 0xdf, 0xcd, 0x80, 0x5b, 0x5e, 0x5f, 0xc3, 0x2e, 0x8d, 0xb4, 0x26,
    0x00, 0x00, 0x00, 0x00, 0x57, 0xb8, 0x1d, 0x00, 0x00, 0x00, 0x56, 0x53,
    0x31, 0xdb, 0x89, 0xd9, 0x89, 0xda, 0x89, 0xde, 0x89, 0xdf, 0xcd, 0x80,
    0x5b, 0x5e, 0x5f, 0xc3, 0x2e, 0x8d, 0xb4, 0x26, 0x00, 0x00, 0x00, 0x00,
    0x57, 0xb8, 0x17, 0x00, 0x00, 0x00, 0x31, 0xff, 0x56, 0x53, 0x8b, 0x4c,
    0x24, 0x14, 0x8b, 0x54, 0x24, 0x18, 0x8b, 0x5c, 0x24, 0x10, 0x8b, 0x74,
    0x24, 0x1c, 0xcd, 0x80, 0x5b, 0x5e, 0x5f, 0xc3, 0x57, 0xb8, 0x18, 0x00,
    0x00, 0x00, 0x56, 0x53, 0x8b, 0x4c, 0x24, 0x14, 0x8b, 0x54, 0x24, 0x18,
    0x8b, 0x5c, 0x24, 0x10, 0x8b, 0x74, 0x24, 0x1c, 0x8b, 0x7c, 0x24, 0x20,
    0xcd, 0x80, 0x5b, 0x5e, 0x5f, 0xc3, 0x8d, 0xb6, 0x00, 0x00, 0x00, 0x00,
    0x2e, 0x8d, 0xb4, 0x26, 0x00, 0x00, 0x00, 0x00, 0x57, 0x31, 0xc9, 0x56,
    0x89, 0xca, 0x89, 0xce, 0x89, 0xcf, 0x53, 0x83, 0xec, 0x20, 0x8b, 0x44,
    0x24, 0x30, 0x8d, 0x5c, 0x24, 0x04, 0x89, 0x44, 0x24, 0x04, 0x8b, 0x44,
    0x24, 0x34, 0x89, 0x44, 0x24, 0x08, 0x8b, 0x44, 0x24, 0x38, 0x89, 0x44,
    0x24, 0x0c, 0x8b, 0x44, 0x24, 0x3c, 0x89, 0x44, 0x24, 0x10, 0x8b, 0x44,
    0x24, 0x40, 0x89, 0x44, 0x24, 0x14, 0x8b, 0x44, 0x24, 0x44, 0x89, 0x44,
    0x24, 0x18, 0x8b, 0x44, 0x24, 0x48, 0x89, 0x44, 0x24, 0x1c, 0xb8, 0x19,
    0x00, 0x00, 0x00, 0xcd, 0x80, 0x83, 0xc4, 0x20, 0x5b, 0x5e, 0x5f, 0xc3,
    0x2e, 0x8d, 0xb4, 0x26, 0x00, 0x00, 0x00, 0x00, 0x57, 0x31, 0xc9, 0x56,
    0x89, 0xca, 0x89, 0xce, 0x89, 0xcf, 0x53, 0x83, 0xec, 0x20, 0x8b, 0x44,
    0x24, 0x30, 0x8d, 0x5c, 0x24, 0x04, 0x89, 0x44, 0x24, 0x04, 0x8b, 0x44,
    0x24, 0x34, 0x89, 0x44, 0x24, 0x08, 0x8b, 0x44, 0x24, 0x38, 0x89, 0x44,
    0x24, 0x0c, 0x8b, 0x44, 0x24, 0x3c, 0x89, 0x44, 0x24, 0x10, 0x8b, 0x44,
    0x24, 0x40, 0x89, 0x44, 0x24, 0x14, 0x8b, 0x44, 0x24, 0x44, 0x89, 0x44,
    0x24, 0x18, 0x8b, 0x44, 0x24, 0x48, 0x89, 0x44, 0x24, 0x1c, 0xb8, 0x1a,
    0x00, 0x00, 0x00, 0xcd, 0x80, 0x83, 0xc4, 0x20, 0x5b, 0x5e, 0x5f, 0xc3,
    0x2e, 0x8d, 0xb4, 0x26, 0x00, 0x00, 0x00, 0x00, 0x31, 0xc9, 0x57, 0xb8,
    0x1b, 0x00, 0x00, 0x00, 0x56, 0x89, 0xca, 0x89, 0xce, 0x89, 0xcf, 0x53,
    0x8b, 0x5c, 0x24, 0x10, 0xcd, 0x80, 0x5b, 0x5e, 0x5f, 0xc3, 0x8d, 0xb6,
    0x00, 0x00, 0x00, 0x00, 0x57, 0xb8, 0x1c, 0x00, 0x00, 0x00, 0x56, 0x31,
    0xf6, 0x53, 0x89, 0xf7, 0x8b, 0x4c, 0x24, 0x14, 0x8b, 0x54, 0x24, 0x18,
    0x8b, 0x5c, 0x24, 0x10, 0xcd, 0x80, 0x5b, 0x5e, 0x5f, 0xc3, 0x66, 0x90,
    0x8b, 0x44, 0x24, 0x04, 0x8b, 0x15, 0x5c, 0x14, 0x00, 0x01, 0x83, 0xc0,
    0x0f, 0x83, 0xe0, 0xf0, 0x01, 0xd0, 0x3d, 0x00, 0x00, 0x80, 0x01, 0x77,
    0x0f, 0xa3, 0x5c, 0x14, 0x00, 0x01, 0x89, 0xd0, 0xc3, 0x8d, 0xb4, 0x26,
    0x00, 0x00, 0x00, 0x00, 0x31, 0xd2, 0x89, 0xd0, 0xc3, 0x8d, 0x76, 0x00,
    0xc3, 0x66, 0x90, 0x66, 0x90, 0x66, 0x90, 0x66, 0x90, 0x66, 0x90, 0x66,
    0x90, 0x66, 0x90, 0x66, 0x90, 0x66, 0x90, 0x66, 0x90, 0x66, 0x90, 0x66,
    0x90, 0x66, 0x90, 0x66, 0x90, 0x66, 0x90, 0x90, 0xa1, 0xf8, 0x2c, 0x00,
    0x01, 0x83, 0xf8, 0x18, 0x0f, 0x8e, 0x7d, 0x00, 0x00, 0x00, 0x56, 0x31,
    0xc9, 0xbe, 0x40, 0x2e, 0x00, 0x01, 0x53, 0xbb, 0x40, 0x01, 0x00, 0x00,
    0x8d, 0x74, 0x26, 0x00, 0x8d, 0x86, 0xc0, 0xfe, 0xff, 0xff, 0x66, 0x90,
    0x2e, 0x8d, 0xb4, 0x26, 0x00, 0x00, 0x00, 0x00, 0x8d, 0x14, 0x08, 0x83,
    0xc0, 0x04, 0x8b, 0x14, 0x1a, 0x89, 0x50, 0xfc, 0x39, 0xf0, 0x75, 0xf0,
    0x81, 0xe9, 0x40, 0x01, 0x00, 0x00, 0x81, 0xc3, 0x40, 0x01, 0x00, 0x00,
    0x8d, 0xb0, 0x40, 0x01, 0x00, 0x00, 0x81, 0xf9, 0xc0, 0xe0, 0xff, 0xff,
    0x75, 0xc6, 0x31, 0xc0, 0x8d, 0x74, 0x26, 0x00, 0xc7, 0x04, 0x85, 0x40,
    0x4c, 0x00, 0x01, 0x00, 0x00, 0x00, 0x00, 0xc7, 0x04, 0x85, 0x44, 0x4c,
    0x00, 0x01, 0x00, 0x00, 0x00, 0x00, 0x83, 0xc0, 0x02, 0x83, 0xf8, 0x50,
    0x75, 0xe2, 0xc7, 0x05, 0xf4, 0x2c, 0x00, 0x01, 0x00, 0x00, 0x00, 0x00,
    0x5b, 0x5e, 0xc3, 0xc7, 0x05, 0xf4, 0x2c, 0x00, 0x01, 0x00, 0x00, 0x00,
    0x00, 0x83, 0xc0, 0x01, 0xa3, 0xf8, 0x2c, 0x00, 0x01, 0xc3, 0x66, 0x90,
    0x55, 0x57, 0x56, 0xbe, 0x40, 0x2e, 0x00, 0x01, 0x53, 0x83, 0xec, 0x30,
    0xa1, 0xe4, 0x2c, 0x00, 0x01, 0x68, 0x10, 0x10, 0x10, 0x00, 0xff, 0x35,
    0xe0, 0x2c, 0x00, 0x01, 0x50, 0xc1, 0xe0, 0x02, 0x6a, 0x00, 0x6a, 0x00,
    0x50, 0xff, 0x35, 0xec, 0x2c, 0x00, 0x01, 0xe8, 0x40, 0xfe, 0xff, 0xff,
    0x83, 0xc4, 0x20, 0x31, 0xd2, 0x8d, 0x76, 0x00, 0x2e, 0x8d, 0xb4, 0x26,
    0x00, 0x00, 0x00, 0x00, 0x8d, 0x86, 0xc0, 0xfe, 0xff, 0xff, 0x89, 0xd1,
    0xeb, 0x0d, 0x8d, 0xb6, 0x00, 0x00, 0x00, 0x00, 0x83, 0xc0, 0x04, 0x39,
    0xf0, 0x74, 0x56, 0x8b, 0x10, 0x85, 0xd2, 0x74, 0xf3, 0x8d, 0xa9, 0x60,
    0x14, 0x00, 0x01, 0x83, 0xfa, 0x7f, 0x0f, 0x86, 0x0c, 0x01, 0x00, 0x00,
    0x89, 0xd7, 0x89, 0xd3, 0x83, 0xe7, 0x3f, 0xc1, 0xeb, 0x06, 0x83, 0xcf,
    0x80, 0x81, 0xfa, 0xff, 0x07, 0x00, 0x00, 0x0f, 0x86, 0x0b, 0x01, 0x00,
    0x00, 0xc1, 0xea, 0x0c, 0x83, 0xe3, 0x3f, 0x83, 0xca, 0xe0, 0x83, 0xcb,
    0x80, 0x88, 0x91, 0x60, 0x14, 0x00, 0x01, 0xba, 0x03, 0x00, 0x00, 0x00,
    0x88, 0x5d, 0x01, 0x89, 0xfb, 0x01, 0xd1, 0x88, 0x5d, 0x02, 0x83, 0xc0,
    0x04, 0x39, 0xf0, 0x75, 0xaa, 0xc6, 0x81, 0x60, 0x14, 0x00, 0x01, 0x0a,
    0x8d, 0x51, 0x01, 0x8d, 0xb0, 0x40, 0x01, 0x00, 0x00, 0x3d, 0x80, 0x4d,
    0x00, 0x01, 0x0f, 0x85, 0x78, 0xff, 0xff, 0xff, 0xa1, 0xe4, 0x2c, 0x00,
    0x01, 0x83, 0xec, 0x04, 0xc6, 0x81, 0x61, 0x14, 0x00, 0x01, 0x00, 0x68,
    0x10, 0x10, 0x10, 0x00, 0xc1, 0xe0, 0x02, 0x68, 0xd8, 0xd8, 0xd8, 0x00,
    0x68, 0x60, 0x14, 0x00, 0x01, 0x6a, 0x00, 0x6a, 0x00, 0x50, 0xff, 0x35,
    0xec, 0x2c, 0x00, 0x01, 0xe8, 0x17, 0xfd, 0xff, 0xff, 0xa1, 0xf8, 0x2c,
    0x00, 0x01, 0x83, 0xc4, 0x1c, 0x68, 0xd8, 0xd8, 0xd8, 0x00, 0xc1, 0xe0,
    0x04, 0x6a, 0x02, 0x83, 0xc0, 0x0e, 0x6a, 0x08, 0x50, 0xa1, 0xf4, 0x2c,
    0x00, 0x01, 0xc1, 0xe0, 0x03, 0x50, 0xa1, 0xe4, 0x2c, 0x00, 0x01, 0xc1,
    0xe0, 0x02, 0x50, 0xff, 0x35, 0xec, 0x2c, 0x00, 0x01, 0xe8, 0x42, 0xfd,
    0xff, 0xff, 0xa1, 0xe8, 0x2c, 0x00, 0x01, 0xc7, 0x44, 0x24, 0x2c, 0x03,
    0x00, 0x00, 0x00, 0xc7, 0x44, 0x24, 0x34, 0x00, 0x00, 0x00, 0x00, 0x89,
    0x44, 0x24, 0x30, 0xc7, 0x44, 0x24, 0x38, 0x00, 0x00, 0x00, 0x00, 0xc7,
    0x44, 0x24, 0x3c, 0x00, 0x00, 0x00, 0x00, 0x83, 0xc4, 0x20, 0xe8, 0x41,
    0xfc, 0xff, 0xff, 0x83, 0xec, 0x08, 0x8d, 0x54, 0x24, 0x14, 0x52, 0x50,
    0xe8, 0xd3, 0xfb, 0xff, 0xff, 0x83, 0xc4, 0x3c, 0x5b, 0x5e, 0x5f, 0x5d,
    0xc3, 0x8d, 0x76, 0x00, 0x88, 0x91, 0x60, 0x14, 0x00, 0x01, 0xba, 0x01,
    0x00, 0x00, 0x00, 0x01, 0xd1, 0xe9, 0x1c, 0xff, 0xff, 0xff, 0x8d, 0xb6,
    0x00, 0x00, 0x00, 0x00, 0x83, 0xcb, 0xc0, 0xba, 0x02, 0x00, 0x00, 0x00,
    0x88, 0x5d, 0x00, 0x89, 0xfb, 0x01, 0xd1, 0x88, 0x5d, 0x01, 0xe9, 0xff,
    0xfe, 0xff, 0xff, 0x90, 0x2e, 0x8d, 0xb4, 0x26, 0x00, 0x00, 0x00, 0x00,
    0x83, 0xf8, 0x0d, 0x74, 0x4b, 0x83, 0xf8, 0x0a, 0x0f, 0x84, 0x9a, 0x00,
    0x00, 0x00, 0x83, 0xf8, 0x08, 0x74, 0x45, 0x83, 0xf8, 0x1f, 0x76, 0x38,
    0x83, 0xf8, 0x7f, 0x74, 0x33, 0x83, 0xec, 0x04, 0x8b, 0x15, 0xf4, 0x2c,
    0x00, 0x01, 0x83, 0xfa, 0x4f, 0x7f, 0x65, 0x8b, 0x0d, 0xf8, 0x2c, 0x00,
    0x01, 0x8d, 0x0c, 0x89, 0xc1, 0xe1, 0x04, 0x01, 0xd1, 0x83, 0xc2, 0x01,
    0x89, 0x04, 0x8d, 0x00, 0x2d, 0x00, 0x01, 0x89, 0x15, 0xf4, 0x2c, 0x00,
    0x01, 0x83, 0xc4, 0x04, 0xc3, 0x8d, 0x76, 0x00, 0xc3, 0x8d, 0xb4, 0x26,
    0x00, 0x00, 0x00, 0x00, 0xa1, 0xf4, 0x2c, 0x00, 0x01, 0x3b, 0x05, 0xf0,
    0x2c, 0x00, 0x01, 0x7e, 0xeb, 0x8b, 0x15, 0xf8, 0x2c, 0x00, 0x01, 0x83,
    0xe8, 0x01, 0xa3, 0xf4, 0x2c, 0x00, 0x01, 0x8d, 0x14, 0x92, 0xc1, 0xe2,
    0x04, 0x01, 0xd0, 0xc7, 0x04, 0x85, 0x00, 0x2d, 0x00, 0x01, 0x00, 0x00,
    0x00, 0x00, 0xc3, 0x90, 0x2e, 0x8d, 0xb4, 0x26, 0x00, 0x00, 0x00, 0x00,
    0x89, 0x04, 0x24, 0xe8, 0x18, 0xfd, 0xff, 0xff, 0x8b, 0x15, 0xf4, 0x2c,
    0x00, 0x01, 0x8b, 0x04, 0x24, 0xeb, 0x88, 0x2e, 0x8d, 0x74, 0x26, 0x00,
    0xe9, 0x03, 0xfd, 0xff, 0xff, 0x8d, 0x76, 0x00, 0x56, 0x53, 0x81, 0xec,
    0x54, 0x01, 0x00, 0x00, 0xa1, 0xf0, 0x2c, 0x00, 0x01, 0x83, 0xf8, 0x4f,
    0x0f, 0x8f, 0x07, 0x02, 0x00, 0x00, 0x8b, 0x15, 0xf8, 0x2c, 0x00, 0x01,
    0x31, 0xdb, 0x8d, 0x0c, 0x92, 0xc1, 0xe1, 0x06, 0xeb, 0x2d, 0x66, 0x90,
    0x2e, 0x8d, 0xb4, 0x26, 0x00, 0x00, 0x00, 0x00, 0x81, 0xfa, 0xff, 0x00,
    0x00, 0x00, 0x0f, 0x87, 0x64, 0x01, 0x00, 0x00, 0x81, 0xfb, 0xfe, 0x00,
    0x00, 0x00, 0x7f, 0x07, 0x88, 0x54, 0x1c, 0x50, 0x83, 0xc3, 0x01, 0x83,
    0xc0, 0x01, 0x83, 0xf8, 0x50, 0x74, 0x0b, 0x8b, 0x94, 0x81, 0x00, 0x2d,
    0x00, 0x01, 0x85, 0xd2, 0x75, 0xd2, 0xc6, 0x44, 0x1c, 0x50, 0x00, 0xe8,
    0x98, 0xfc, 0xff, 0xff, 0x85, 0xdb, 0x0f, 0x84, 0x35, 0x01, 0x00, 0x00,
    0x0f, 0xb6, 0x44, 0x24, 0x50, 0x8d, 0x54, 0x24, 0x50, 0x3c, 0x20, 0x75,
    0x0e, 0x8d, 0x76, 0x00, 0x0f, 0xb6, 0x42, 0x01, 0x83, 0xc2, 0x01, 0x3c,
    0x20, 0x74, 0xf5, 0xa8, 0xdf, 0x0f, 0x84, 0x4d, 0x01, 0x00, 0x00, 0x89,
    0xd3, 0x8d, 0x76, 0x00, 0x2e, 0x8d, 0xb4, 0x26, 0x00, 0x00, 0x00, 0x00,
    0x83, 0xc3, 0x01, 0xf6, 0x03, 0xdf, 0x75, 0xf8, 0x89, 0xde, 0x29, 0xd6,
    0x85, 0xf6, 0x0f, 0x8e, 0x2c, 0x01, 0x00, 0x00, 0xb8, 0x3c, 0x00, 0x00,
    0x00, 0xc7, 0x44, 0x24, 0x08, 0x62, 0x69, 0x6e, 0x2f, 0x39, 0xc6, 0x0f,
    0x4f, 0xf0, 0x31, 0xc0, 0x2e, 0x8d, 0xb4, 0x26, 0x00, 0x00, 0x00, 0x00,
    0x0f, 0xb6, 0x0c, 0x02, 0x88, 0x4c, 0x04, 0x0c, 0x83, 0xc0, 0x01, 0x39,
    0xc6, 0x75, 0xf1, 0xc6, 0x44, 0x34, 0x0c, 0x00, 0xc7, 0x05, 0xdc, 0x2c,
    0x00, 0x01, 0x01, 0x00, 0x00, 0x00, 0xe8, 0xad, 0xfc, 0xff, 0xff, 0xe8,
    0xc8, 0xf9, 0xff, 0xff, 0x83, 0xec, 0x04, 0x50, 0x53, 0x8d, 0x44, 0x24,
    0x14, 0x50, 0xe8, 0x89, 0xfb, 0xff, 0xff, 0x83, 0xc4, 0x10, 0x85, 0xc0,
    0x78, 0x12, 0x81, 0xc4, 0x54, 0x01, 0x00, 0x00, 0x5b, 0x5e, 0xc3, 0x90,
    0x2e, 0x8d, 0xb4, 0x26, 0x00, 0x00, 0x00, 0x00, 0x31, 0xdb, 0xb8, 0x63,
    0x00, 0x00, 0x00, 0x90, 0x2e, 0x8d, 0xb4, 0x26, 0x00, 0x00, 0x00, 0x00,
    0xe8, 0x1b, 0xfe, 0xff, 0xff, 0x0f, 0xbe, 0x83, 0x41, 0x0d, 0x00, 0x01,
    0x83, 0xc3, 0x01, 0x84, 0xc0, 0x75, 0xed, 0xbb, 0x54, 0x14, 0x00, 0x01,
    0xb8, 0x61, 0x00, 0x00, 0x00, 0xbe, 0x59, 0x14, 0x00, 0x01, 0xc7, 0x05,
    0xdc, 0x2c, 0x00, 0x01, 0x00, 0x00, 0x00, 0x00, 0xc7, 0x05, 0xf0, 0x2c,
    0x00, 0x01, 0x00, 0x00, 0x00, 0x00, 0x83, 0xc3, 0x01, 0xe8, 0xe2, 0xfd,
    0xff, 0xff, 0x39, 0xde, 0x74, 0x0f, 0x0f, 0xbe, 0x03, 0x83, 0xc3, 0x01,
    0xe8, 0xd3, 0xfd, 0xff, 0xff, 0x39, 0xde, 0x75, 0xf1, 0xa1, 0xf4, 0x2c,
    0x00, 0x01, 0xa3, 0xf0, 0x2c, 0x00, 0x01, 0xe8, 0x10, 0xfc, 0xff, 0xff,
    0x81, 0xc4, 0x54, 0x01, 0x00, 0x00, 0x5b, 0x5e, 0xc3, 0x8d, 0xb4, 0x26,
    0x00, 0x00, 0x00, 0x00, 0xe8, 0x5b, 0xfb, 0xff, 0xff, 0xbb, 0x54, 0x14,
    0x00, 0x01, 0xb8, 0x61, 0x00, 0x00, 0x00, 0xbe, 0x59, 0x14, 0x00, 0x01,
    0xc7, 0x05, 0xf0, 0x2c, 0x00, 0x01, 0x00, 0x00, 0x00, 0x00, 0xe8, 0x8d,
    0xfd, 0xff, 0xff, 0x83, 0xc3, 0x01, 0x39, 0xde, 0x74, 0xb7, 0x0f, 0xbe,
    0x03, 0x83, 0xc3, 0x01, 0xe8, 0x7b, 0xfd, 0xff, 0xff, 0x39, 0xde, 0x75,
    0xf1, 0xeb, 0xa6, 0x2e, 0x8d, 0x74, 0x26, 0x00, 0xbb, 0x54, 0x14, 0x00,
    0x01, 0xb8, 0x61, 0x00, 0x00, 0x00, 0xbe, 0x59, 0x14, 0x00, 0x01, 0xc7,
    0x05, 0xf0, 0x2c, 0x00, 0x01, 0x00, 0x00, 0x00, 0x00, 0xe8, 0x52, 0xfd,
    0xff, 0xff, 0x83, 0xc3, 0x01, 0x39, 0xde, 0x0f, 0x84, 0x78, 0xff, 0xff,
    0xff, 0x0f, 0xbe, 0x03, 0x83, 0xc3, 0x01, 0xe8, 0x3c, 0xfd, 0xff, 0xff,
    0x39, 0xde, 0x75, 0xf1, 0xe9, 0x64, 0xff, 0xff, 0xff, 0xc6, 0x44, 0x24,
    0x50, 0x00, 0xe8, 0xd9, 0xfa, 0xff, 0xff, 0xe9, 0x79, 0xff, 0xff, 0xff,
    0x00, 0x00, 0x00, 0x00, 0x00, 0x00, 0x00, 0x00, 0x00, 0x00, 0x00, 0x00,
    0x00, 0x00, 0x00, 0x00, 0x00, 0x00, 0x00, 0x00, 0x8d, 0x4c, 0x24, 0x04,
    0x83, 0xe4, 0xf0, 0xff, 0x71, 0xfc, 0x55, 0x89, 0xe5, 0x57, 0x56, 0x8d,
    0x75, 0xd4, 0x53, 0x51, 0x83, 0xec, 0x38, 0xe8, 0x64, 0xf8, 0xff, 0xff,
    0xc7, 0x45, 0xd4, 0x04, 0x00, 0x00, 0x00, 0xc7, 0x45, 0xd8, 0x80, 0x02,
    0x00, 0x00, 0xc7, 0x45, 0xdc, 0xa0, 0x01, 0x00, 0x00, 0x89, 0x45, 0xe0,
    0xc7, 0x45, 0xe4, 0x00, 0x00, 0x00, 0x00, 0xe8, 0xc0, 0xf8, 0xff, 0xff,
    0x83, 0xec, 0x08, 0x56, 0x50, 0xe8, 0x56, 0xf8, 0xff, 0xff, 0x83, 0xc4,
    0x10, 0xeb, 0x06, 0x90, 0xe8, 0x0b, 0xf8, 0xff, 0xff, 0x83, 0xec, 0x0c,
    0x56, 0xe8, 0x62, 0xf8, 0xff, 0xff, 0x83, 0xc4, 0x10, 0x85, 0xc0, 0x75,
    0xeb, 0x83, 0x7d, 0xd4, 0x05, 0x75, 0xe5, 0x8b, 0x45, 0xd8, 0xbb, 0x54,
    0x14, 0x00, 0x01, 0xc7, 0x05, 0xe4, 0x2c, 0x00, 0x01, 0x80, 0x02, 0x00,
    0x00, 0xc7, 0x05, 0xe0, 0x2c, 0x00, 0x01, 0xa0, 0x01, 0x00, 0x00, 0xa3,
    0xe8, 0x2c, 0x00, 0x01, 0x8b, 0x45, 0xdc, 0xc7, 0x05, 0xf0, 0x2c, 0x00,
    0x01, 0x00, 0x00, 0x00, 0x00, 0x83, 0xc0, 0x30, 0xc1, 0xe0, 0x14, 0xa3,
    0xec, 0x2c, 0x00, 0x01, 0xb8, 0x61, 0x00, 0x00, 0x00, 0xe8, 0x62, 0xfc,
    0xff, 0xff, 0x83, 0xc3, 0x01, 0xb8, 0x59, 0x14, 0x00, 0x01, 0x39, 0xd8,
    0x74, 0x05, 0x0f, 0xbe, 0x03, 0xeb, 0xea, 0xa1, 0xf4, 0x2c, 0x00, 0x01,
    0xa3, 0xf0, 0x2c, 0x00, 0x01, 0xe8, 0x92, 0xfa, 0xff, 0xff, 0x66, 0x90,
    0x83, 0xec, 0x0c, 0x56, 0xe8, 0xe7, 0xf7, 0xff, 0xff, 0x83, 0xc4, 0x10,
    0x85, 0xc0, 0x75, 0x67, 0x8b, 0x55, 0xd4, 0x83, 0xfa, 0x06, 0x74, 0x78,
    0x77, 0x66, 0x83, 0xfa, 0x01, 0x0f, 0x84, 0xad, 0x00, 0x00, 0x00, 0x83,
    0xfa, 0x02, 0x75, 0x4f, 0x8b, 0x55, 0xe0, 0x8b, 0x45, 0xdc, 0x8b, 0x5d,
    0xd8, 0x89, 0x55, 0xcc, 0x8b, 0x55, 0xe4, 0x89, 0x45, 0xc8, 0x89, 0x55,
    0xd0, 0x85, 0xdb, 0x74, 0x31, 0xba, 0x0c, 0x00, 0x00, 0x00, 0x39, 0xd3,
    0x0f, 0x47, 0xda, 0x31, 0xff, 0xeb, 0x0a, 0x90, 0x89, 0xf8, 0xc1, 0xe8,
    0x02, 0x8b, 0x44, 0x85, 0xc8, 0x89, 0xf9, 0x83, 0xc7, 0x01, 0x83, 0xe1,
    0x03, 0xc1, 0xe1, 0x03, 0xd3, 0xe8, 0x0f, 0xb6, 0xc0, 0xe8, 0xd2, 0xfb,
    0xff, 0xff, 0x39, 0xdf, 0x72, 0xde, 0xe8, 0x19, 0xfa, 0xff, 0xff, 0xe8,
    0x14, 0xf7, 0xff, 0xff, 0xeb, 0x82, 0x66, 0x90, 0x83, 0xfa, 0x07, 0x75,
    0xf2, 0xe8, 0xa6, 0xf6, 0xff, 0xff, 0xeb, 0xeb, 0x8d, 0x74, 0x26, 0x00,
    0xc7, 0x05, 0xdc, 0x2c, 0x00, 0x01, 0x00, 0x00, 0x00, 0x00, 0xbb, 0x54,
    0x14, 0x00, 0x01, 0xe8, 0x4c, 0xf9, 0xff, 0xff, 0xb8, 0x61, 0x00, 0x00,
    0x00, 0xc7, 0x05, 0xf0, 0x2c, 0x00, 0x01, 0x00, 0x00, 0x00, 0x00, 0xe8,
    0x88, 0xfb, 0xff, 0xff, 0x83, 0xc3, 0x01, 0xb8, 0x59, 0x14, 0x00, 0x01,
    0x39, 0xd8, 0x74, 0x5c, 0x0f, 0xbe, 0x03, 0xeb, 0xea, 0x8d, 0xb4, 0x26,
    0x00, 0x00, 0x00, 0x00, 0x8b, 0x55, 0xd8, 0x81, 0xfa, 0x04, 0x01, 0x00,
    0x00, 0x0f, 0x84, 0xe1, 0x00, 0x00, 0x00, 0x77, 0x4f, 0x83, 0xfa, 0x0d,
    0x0f, 0x84, 0x16, 0x01, 0x00, 0x00, 0x81, 0xfa, 0x03, 0x01, 0x00, 0x00,
    0x0f, 0x85, 0x21, 0x01, 0x00, 0x00, 0xa1, 0xf4, 0x2c, 0x00, 0x01, 0x3b,
    0x05, 0xf0, 0x2c, 0x00, 0x01, 0x0f, 0x8e, 0x70, 0xff, 0xff, 0xff, 0x83,
    0xe8, 0x01, 0xa3, 0xf4, 0x2c, 0x00, 0x01, 0xe8, 0x7c, 0xf9, 0xff, 0xff,
    0xe9, 0x5e, 0xff, 0xff, 0xff, 0x8d, 0xb4, 0x26, 0x00, 0x00, 0x00, 0x00,
    0xa1, 0xf4, 0x2c, 0x00, 0x01, 0xa3, 0xf0, 0x2c, 0x00, 0x01, 0xe9, 0x43,
    0xff, 0xff, 0xff, 0x90, 0x81, 0xfa, 0x05, 0x01, 0x00, 0x00, 0x74, 0x70,
    0x81, 0xfa, 0x06, 0x01, 0x00, 0x00, 0x0f, 0x85, 0x33, 0xff, 0xff, 0xff,
    0x8b, 0x15, 0xf8, 0x2c, 0x00, 0x01, 0x31, 0xc9, 0xc7, 0x05, 0xf4, 0x2c,
    0x00, 0x01, 0x00, 0x00, 0x00, 0x00, 0x8d, 0x14, 0x92, 0xc1, 0xe2, 0x06,
    0xeb, 0x26, 0x66, 0x90, 0x2e, 0x8d, 0xb4, 0x26, 0x00, 0x00, 0x00, 0x00,
    0x2e, 0x8d, 0xb4, 0x26, 0x00, 0x00, 0x00, 0x00, 0x83, 0xc0, 0x01, 0xb9,
    0x01, 0x00, 0x00, 0x00, 0x83, 0xf8, 0x4f, 0x0f, 0x84, 0xc0, 0x00, 0x00,
    0x00, 0x89, 0x45, 0xc4, 0x8b, 0x9c, 0x82, 0x00, 0x2d, 0x00, 0x01, 0x85,
    0xdb, 0x75, 0xe1, 0x84, 0xc9, 0x0f, 0x84, 0xdb, 0xfe, 0xff, 0xff, 0x8b,
    0x45, 0xc4, 0xa3, 0xf4, 0x2c, 0x00, 0x01, 0xe9, 0xce, 0xfe, 0xff, 0xff,
    0x8d, 0x74, 0x26, 0x00, 0xa1, 0xf0, 0x2c, 0x00, 0x01, 0xa3, 0xf4, 0x2c,
    0x00, 0x01, 0xe8, 0xd9, 0xf8, 0xff, 0xff, 0xe9, 0xbb, 0xfe, 0xff, 0xff,
    0x8d, 0x74, 0x26, 0x00, 0xa1, 0xf4, 0x2c, 0x00, 0x01, 0x83, 0xf8, 0x4e,
    0x0f, 0x8f, 0xa9, 0xfe, 0xff, 0xff, 0x8b, 0x15, 0xf8, 0x2c, 0x00, 0x01,
    0x8d, 0x14, 0x92, 0xc1, 0xe2, 0x04, 0x01, 0xc2, 0x8b, 0x3c, 0x95, 0x00,
    0x2d, 0x00, 0x01, 0x85, 0xff, 0x0f, 0x84, 0x8c, 0xfe, 0xff, 0xff, 0x83,
    0xc0, 0x01, 0xa3, 0xf4, 0x2c, 0x00, 0x01, 0xe9, 0x7a, 0xfe, 0xff, 0xff,
    0x2e, 0x8d, 0xb4, 0x26, 0x00, 0x00, 0x00, 0x00, 0xa1, 0xdc, 0x2c, 0x00,
    0x01, 0x85, 0xc0, 0x0f, 0x85, 0x65, 0xfe, 0xff, 0xff, 0xe8, 0xde, 0xfa,
    0xff, 0xff, 0xe9, 0x5b, 0xfe, 0xff, 0xff, 0xa1, 0xdc, 0x2c, 0x00, 0x01,
    0x85, 0xc0, 0x0f, 0x85, 0x53, 0xfe, 0xff, 0xff, 0x81, 0xfa, 0xff, 0x00,
    0x00, 0x00, 0x0f, 0x87, 0x47, 0xfe, 0xff, 0xff, 0x89, 0xd0, 0xe8, 0x09,
    0xfa, 0xff, 0xff, 0xe8, 0x54, 0xf8, 0xff, 0xff, 0xe9, 0x36, 0xfe, 0xff,
    0xff, 0xc7, 0x05, 0xf4, 0x2c, 0x00, 0x01, 0x4f, 0x00, 0x00, 0x00, 0xe9,
    0x22, 0xfe, 0xff, 0xff, 0x63, 0x61, 0x6e, 0x6e, 0x6f, 0x74, 0x20, 0x72,
    0x75, 0x6e, 0x20, 0x63, 0x6f, 0x6d, 0x6d, 0x61, 0x6e, 0x64, 0x0a, 0x00,
    0x14, 0x00, 0x00, 0x00, 0x00, 0x00, 0x00, 0x00, 0x01, 0x7a, 0x52, 0x00,
    0x01, 0x7c, 0x08, 0x01, 0x1b, 0x0c, 0x04, 0x04, 0x88, 0x01, 0x00, 0x00,
    0x1c, 0x00, 0x00, 0x00, 0x1c, 0x00, 0x00, 0x00, 0x8c, 0xf2, 0xff, 0xff,
    0x1b, 0x00, 0x00, 0x00, 0x00, 0x41, 0x0e, 0x08, 0x87, 0x02, 0x41, 0x0e,
    0x0c, 0x86, 0x03, 0x41, 0x0e, 0x10, 0x83, 0x04, 0x28, 0x00, 0x00, 0x00,
    0x3c, 0x00, 0x00, 0x00, 0x8c, 0xf2, 0xff, 0xff, 0x17, 0x00, 0x00, 0x00,
    0x00, 0x43, 0x0e, 0x08, 0x87, 0x02, 0x43, 0x0e, 0x0c, 0x86, 0x03, 0x45,
    0x0e, 0x10, 0x83, 0x04, 0x49, 0xc3, 0x0e, 0x0c, 0x41, 0xc6, 0x0e, 0x08,
    0x41, 0xc7, 0x0e, 0x04, 0x28, 0x00, 0x00, 0x00, 0x68, 0x00, 0x00, 0x00,
    0x80, 0xf2, 0xff, 0xff, 0x1a, 0x00, 0x00, 0x00, 0x00, 0x43, 0x0e, 0x08,
    0x87, 0x02, 0x46, 0x0e, 0x0c, 0x86, 0x03, 0x47, 0x0e, 0x10, 0x83, 0x04,
    0x47, 0xc3, 0x0e, 0x0c, 0x41, 0xc6, 0x0e, 0x08, 0x41, 0xc7, 0x0e, 0x04,
    0x28, 0x00, 0x00, 0x00, 0x94, 0x00, 0x00, 0x00, 0x74, 0xf2, 0xff, 0xff,
    0x1a, 0x00, 0x00, 0x00, 0x00, 0x43, 0x0e, 0x08, 0x87, 0x02, 0x46, 0x0e,
    0x0c, 0x86, 0x03, 0x47, 0x0e, 0x10, 0x83, 0x04, 0x47, 0xc3, 0x0e, 0x0c,
    0x41, 0xc6, 0x0e, 0x08, 0x41, 0xc7, 0x0e, 0x04, 0x28, 0x00, 0x00, 0x00,
    0xc0, 0x00, 0x00, 0x00, 0x68, 0xf2, 0xff, 0xff, 0x1b, 0x00, 0x00, 0x00,
    0x00, 0x43, 0x0e, 0x08, 0x87, 0x02, 0x46, 0x0e, 0x0c, 0x86, 0x03, 0x47,
    0x0e, 0x10, 0x83, 0x04, 0x48, 0xc3, 0x0e, 0x0c, 0x41, 0xc6, 0x0e, 0x08,
    0x41, 0xc7, 0x0e, 0x04, 0x28, 0x00, 0x00, 0x00, 0xec, 0x00, 0x00, 0x00,
    0x5c, 0xf2, 0xff, 0xff, 0x1e, 0x00, 0x00, 0x00, 0x00, 0x41, 0x0e, 0x08,
    0x87, 0x02, 0x46, 0x0e, 0x0c, 0x86, 0x03, 0x43, 0x0e, 0x10, 0x83, 0x04,
    0x51, 0xc3, 0x0e, 0x0c, 0x41, 0xc6, 0x0e, 0x08, 0x41, 0xc7, 0x0e, 0x04,
    0x28, 0x00, 0x00, 0x00, 0x18, 0x01, 0x00, 0x00, 0x50, 0xf2, 0xff, 0xff,
    0x1e, 0x00, 0x00, 0x00, 0x00, 0x41, 0x0e, 0x08, 0x87, 0x02, 0x46, 0x0e,
    0x0c, 0x86, 0x03, 0x43, 0x0e, 0x10, 0x83, 0x04, 0x51, 0xc3, 0x0e, 0x0c,
    0x41, 0xc6, 0x0e, 0x08, 0x41, 0xc7, 0x0e, 0x04, 0x28, 0x00, 0x00, 0x00,
    0x44, 0x01, 0x00, 0x00, 0x44, 0xf2, 0xff, 0xff, 0x1a, 0x00, 0x00, 0x00,
    0x00, 0x43, 0x0e, 0x08, 0x87, 0x02, 0x46, 0x0e, 0x0c, 0x86, 0x03, 0x47,
    0x0e, 0x10, 0x83, 0x04, 0x47, 0xc3, 0x0e, 0x0c, 0x41, 0xc6, 0x0e, 0x08,
    0x41, 0xc7, 0x0e, 0x04, 0x28, 0x00, 0x00, 0x00, 0x70, 0x01, 0x00, 0x00,
    0x38, 0xf2, 0xff, 0xff, 0x1a, 0x00, 0x00, 0x00, 0x00, 0x43, 0x0e, 0x08,
    0x87, 0x02, 0x46, 0x0e, 0x0c, 0x86, 0x03, 0x47, 0x0e, 0x10, 0x83, 0x04,
    0x47, 0xc3, 0x0e, 0x0c, 0x41, 0xc6, 0x0e, 0x08, 0x41, 0xc7, 0x0e, 0x04,
    0x28, 0x00, 0x00, 0x00, 0x9c, 0x01, 0x00, 0x00, 0x2c, 0xf2, 0xff, 0xff,
    0x1a, 0x00, 0x00, 0x00, 0x00, 0x43, 0x0e, 0x08, 0x87, 0x02, 0x46, 0x0e,
    0x0c, 0x86, 0x03, 0x47, 0x0e, 0x10, 0x83, 0x04, 0x47, 0xc3, 0x0e, 0x0c,
    0x41, 0xc6, 0x0e, 0x08, 0x41, 0xc7, 0x0e, 0x04, 0x28, 0x00, 0x00, 0x00,
    0xc8, 0x01, 0x00, 0x00, 0x20, 0xf2, 0xff, 0xff, 0x1e, 0x00, 0x00, 0x00,
    0x00, 0x41, 0x0e, 0x08, 0x87, 0x02, 0x46, 0x0e, 0x0c, 0x86, 0x03, 0x43,
    0x0e, 0x10, 0x83, 0x04, 0x51, 0xc3, 0x0e, 0x0c, 0x41, 0xc6, 0x0e, 0x08,
    0x41, 0xc7, 0x0e, 0x04, 0x28, 0x00, 0x00, 0x00, 0xf4, 0x01, 0x00, 0x00,
    0x14, 0xf2, 0xff, 0xff, 0x18, 0x00, 0x00, 0x00, 0x00, 0x41, 0x0e, 0x08,
    0x87, 0x02, 0x46, 0x0e, 0x0c, 0x86, 0x03, 0x41, 0x0e, 0x10, 0x83, 0x04,
    0x4d, 0xc3, 0x0e, 0x0c, 0x41, 0xc6, 0x0e, 0x08, 0x41, 0xc7, 0x0e, 0x04,
    0x28, 0x00, 0x00, 0x00, 0x20, 0x02, 0x00, 0x00, 0x08, 0xf2, 0xff, 0xff,
    0x18, 0x00, 0x00, 0x00, 0x00, 0x41, 0x0e, 0x08, 0x87, 0x02, 0x46, 0x0e,
    0x0c, 0x86, 0x03, 0x41, 0x0e, 0x10, 0x83, 0x04, 0x4d, 0xc3, 0x0e, 0x0c,
    0x41, 0xc6, 0x0e, 0x08, 0x41, 0xc7, 0x0e, 0x04, 0x28, 0x00, 0x00, 0x00,
    0x4c, 0x02, 0x00, 0x00, 0xfc, 0xf1, 0xff, 0xff, 0x18, 0x00, 0x00, 0x00,
    0x00, 0x41, 0x0e, 0x08, 0x87, 0x02, 0x46, 0x0e, 0x0c, 0x86, 0x03, 0x41,
    0x0e, 0x10, 0x83, 0x04, 0x4d, 0xc3, 0x0e, 0x0c, 0x41, 0xc6, 0x0e, 0x08,
    0x41, 0xc7, 0x0e, 0x04, 0x28, 0x00, 0x00, 0x00, 0x78, 0x02, 0x00, 0x00,
    0xf0, 0xf1, 0xff, 0xff, 0x18, 0x00, 0x00, 0x00, 0x00, 0x41, 0x0e, 0x08,
    0x87, 0x02, 0x46, 0x0e, 0x0c, 0x86, 0x03, 0x41, 0x0e, 0x10, 0x83, 0x04,
    0x4d, 0xc3, 0x0e, 0x0c, 0x41, 0xc6, 0x0e, 0x08, 0x41, 0xc7, 0x0e, 0x04,
    0x28, 0x00, 0x00, 0x00, 0xa4, 0x02, 0x00, 0x00, 0xe4, 0xf1, 0xff, 0xff,
    0x18, 0x00, 0x00, 0x00, 0x00, 0x41, 0x0e, 0x08, 0x87, 0x02, 0x46, 0x0e,
    0x0c, 0x86, 0x03, 0x41, 0x0e, 0x10, 0x83, 0x04, 0x4d, 0xc3, 0x0e, 0x0c,
    0x41, 0xc6, 0x0e, 0x08, 0x41, 0xc7, 0x0e, 0x04, 0x28, 0x00, 0x00, 0x00,
    0xd0, 0x02, 0x00, 0x00, 0xd8, 0xf1, 0xff, 0xff, 0x1c, 0x00, 0x00, 0x00,
    0x00, 0x43, 0x0e, 0x08, 0x87, 0x02, 0x46, 0x0e, 0x0c, 0x86, 0x03, 0x45,
    0x0e, 0x10, 0x83, 0x04, 0x4b, 0xc3, 0x0e, 0x0c, 0x41, 0xc6, 0x0e, 0x08,
    0x41, 0xc7, 0x0e, 0x04, 0x1c, 0x00, 0x00, 0x00, 0xfc, 0x02, 0x00, 0x00,
    0xcc, 0xf1, 0xff, 0xff, 0x16, 0x00, 0x00, 0x00, 0x00, 0x41, 0x0e, 0x08,
    0x87, 0x02, 0x46, 0x0e, 0x0c, 0x86, 0x03, 0x41, 0x0e, 0x10, 0x83, 0x04,
    0x34, 0x00, 0x00, 0x00, 0x1c, 0x03, 0x00, 0x00, 0xcc, 0xf1, 0xff, 0xff,
    0x3e, 0x00, 0x00, 0x00, 0x00, 0x41, 0x0e, 0x08, 0x85, 0x02, 0x46, 0x0e,
    0x0c, 0x87, 0x03, 0x41, 0x0e, 0x10, 0x86, 0x04, 0x41, 0x0e, 0x14, 0x83,
    0x05, 0x71, 0xc3, 0x0e, 0x10, 0x41, 0xc6, 0x0e, 0x0c, 0x41, 0xc7, 0x0e,
    0x08, 0x41, 0xc5, 0x0e, 0x04, 0x00, 0x00, 0x00, 0x28, 0x00, 0x00, 0x00,
    0x54, 0x03, 0x00, 0x00, 0xd4, 0xf1, 0xff, 0xff, 0x18, 0x00, 0x00, 0x00,
    0x00, 0x41, 0x0e, 0x08, 0x87, 0x02, 0x46, 0x0e, 0x0c, 0x86, 0x03, 0x41,
    0x0e, 0x10, 0x83, 0x04, 0x4d, 0xc3, 0x0e, 0x0c, 0x41, 0xc6, 0x0e, 0x08,
    0x41, 0xc7, 0x0e, 0x04, 0x28, 0x00, 0x00, 0x00, 0x80, 0x03, 0x00, 0x00,
    0xc8, 0xf1, 0xff, 0xff, 0x18, 0x00, 0x00, 0x00, 0x00, 0x41, 0x0e, 0x08,
    0x87, 0x02, 0x46, 0x0e, 0x0c, 0x86, 0x03, 0x41, 0x0e, 0x10, 0x83, 0x04,
    0x4d, 0xc3, 0x0e, 0x0c, 0x41, 0xc6, 0x0e, 0x08, 0x41, 0xc7, 0x0e, 0x04,
    0x28, 0x00, 0x00, 0x00, 0xac, 0x03, 0x00, 0x00, 0xbc, 0xf1, 0xff, 0xff,
    0x1c, 0x00, 0x00, 0x00, 0x00, 0x43, 0x0e, 0x08, 0x87, 0x02, 0x46, 0x0e,
    0x0c, 0x86, 0x03, 0x45, 0x0e, 0x10, 0x83, 0x04, 0x4b, 0xc3, 0x0e, 0x0c,
    0x41, 0xc6, 0x0e, 0x08, 0x41, 0xc7, 0x0e, 0x04, 0x28, 0x00, 0x00, 0x00,
    0xd8, 0x03, 0x00, 0x00, 0xb0, 0xf1, 0xff, 0xff, 0x1a, 0x00, 0x00, 0x00,
    0x00, 0x43, 0x0e, 0x08, 0x87, 0x02, 0x46, 0x0e, 0x0c, 0x86, 0x03, 0x47,
    0x0e, 0x10, 0x83, 0x04, 0x47, 0xc3, 0x0e, 0x0c, 0x41, 0xc6, 0x0e, 0x08,
    0x41, 0xc7, 0x0e, 0x04, 0x28, 0x00, 0x00, 0x00, 0x04, 0x04, 0x00, 0x00,
    0xa4, 0xf1, 0xff, 0xff, 0x18, 0x00, 0x00, 0x00, 0x00, 0x41, 0x0e, 0x08,
    0x87, 0x02, 0x46, 0x0e, 0x0c, 0x86, 0x03, 0x41, 0x0e, 0x10, 0x83, 0x04,
    0x4d, 0xc3, 0x0e, 0x0c, 0x41, 0xc6, 0x0e, 0x08, 0x41, 0xc7, 0x0e, 0x04,
    0x28, 0x00, 0x00, 0x00, 0x30, 0x04, 0x00, 0x00, 0x98, 0xf1, 0xff, 0xff,
    0x18, 0x00, 0x00, 0x00, 0x00, 0x41, 0x0e, 0x08, 0x87, 0x02, 0x46, 0x0e,
    0x0c, 0x86, 0x03, 0x41, 0x0e, 0x10, 0x83, 0x04, 0x4d, 0xc3, 0x0e, 0x0c,
    0x41, 0xc6, 0x0e, 0x08, 0x41, 0xc7, 0x0e, 0x04, 0x28, 0x00, 0x00, 0x00,
    0x5c, 0x04, 0x00, 0x00, 0x8c, 0xf1, 0xff, 0xff, 0x20, 0x00, 0x00, 0x00,
    0x00, 0x41, 0x0e, 0x08, 0x87, 0x02, 0x48, 0x0e, 0x0c, 0x86, 0x03, 0x41,
    0x0e, 0x10, 0x83, 0x04, 0x53, 0xc3, 0x0e, 0x0c, 0x41, 0xc6, 0x0e, 0x08,
    0x41, 0xc7, 0x0e, 0x04, 0x28, 0x00, 0x00, 0x00, 0x88, 0x04, 0x00, 0x00,
    0x80, 0xf1, 0xff, 0xff, 0x22, 0x00, 0x00, 0x00, 0x00, 0x41, 0x0e, 0x08,
    0x87, 0x02, 0x46, 0x0e, 0x0c, 0x86, 0x03, 0x41, 0x0e, 0x10, 0x83, 0x04,
    0x57, 0xc3, 0x0e, 0x0c, 0x41, 0xc6, 0x0e, 0x08, 0x41, 0xc7, 0x0e, 0x04,
    0x30, 0x00, 0x00, 0x00, 0xb4, 0x04, 0x00, 0x00, 0x84, 0xf1, 0xff, 0xff,
    0x58, 0x00, 0x00, 0x00, 0x00, 0x41, 0x0e, 0x08, 0x87, 0x02, 0x43, 0x0e,
    0x0c, 0x86, 0x03, 0x47, 0x0e, 0x10, 0x83, 0x04, 0x43, 0x0e, 0x30, 0x02,
    0x46, 0x0e, 0x10, 0x41, 0xc3, 0x0e, 0x0c, 0x41, 0xc6, 0x0e, 0x08, 0x41,
    0xc7, 0x0e, 0x04, 0x00, 0x30, 0x00, 0x00, 0x00, 0xe8, 0x04, 0x00, 0x00,
    0xb0, 0xf1, 0xff, 0xff, 0x58, 0x00, 0x00, 0x00, 0x00, 0x41, 0x0e, 0x08,
    0x87, 0x02, 0x43, 0x0e, 0x0c, 0x86, 0x03, 0x47, 0x0e, 0x10, 0x83, 0x04,
    0x43, 0x0e, 0x30, 0x02, 0x46, 0x0e, 0x10, 0x41, 0xc3, 0x0e, 0x0c, 0x41,
    0xc6, 0x0e, 0x08, 0x41, 0xc7, 0x0e, 0x04, 0x00, 0x28, 0x00, 0x00, 0x00,
    0x1c, 0x05, 0x00, 0x00, 0xdc, 0xf1, 0xff, 0xff, 0x1a, 0x00, 0x00, 0x00,
    0x00, 0x43, 0x0e, 0x08, 0x87, 0x02, 0x46, 0x0e, 0x0c, 0x86, 0x03, 0x47,
    0x0e, 0x10, 0x83, 0x04, 0x47, 0xc3, 0x0e, 0x0c, 0x41, 0xc6, 0x0e, 0x08,
    0x41, 0xc7, 0x0e, 0x04, 0x28, 0x00, 0x00, 0x00, 0x48, 0x05, 0x00, 0x00,
    0xd0, 0xf1, 0xff, 0xff, 0x1e, 0x00, 0x00, 0x00, 0x00, 0x41, 0x0e, 0x08,
    0x87, 0x02, 0x46, 0x0e, 0x0c, 0x86, 0x03, 0x43, 0x0e, 0x10, 0x83, 0x04,
    0x51, 0xc3, 0x0e, 0x0c, 0x41, 0xc6, 0x0e, 0x08, 0x41, 0xc7, 0x0e, 0x04,
    0x10, 0x00, 0x00, 0x00, 0x74, 0x05, 0x00, 0x00, 0xc4, 0xf1, 0xff, 0xff,
    0x2d, 0x00, 0x00, 0x00, 0x00, 0x00, 0x00, 0x00, 0x10, 0x00, 0x00, 0x00,
    0x88, 0x05, 0x00, 0x00, 0xe0, 0xf1, 0xff, 0xff, 0x01, 0x00, 0x00, 0x00,
    0x00, 0x00, 0x00, 0x00, 0x20, 0x00, 0x00, 0x00, 0x9c, 0x05, 0x00, 0x00,
    0xec, 0xf1, 0xff, 0xff, 0x9e, 0x00, 0x00, 0x00, 0x00, 0x4f, 0x0e, 0x08,
    0x86, 0x02, 0x48, 0x0e, 0x0c, 0x83, 0x03, 0x02, 0x72, 0xc3, 0x0e, 0x08,
    0x41, 0xc6, 0x0e, 0x04, 0x98, 0x00, 0x00, 0x00, 0xc0, 0x05, 0x00, 0x00,
    0x68, 0xf2, 0xff, 0xff, 0xa7, 0x01, 0x00, 0x00, 0x00, 0x41, 0x0e, 0x08,
    0x85, 0x02, 0x41, 0x0e, 0x0c, 0x87, 0x03, 0x41, 0x0e, 0x10, 0x86, 0x04,
    0x46, 0x0e, 0x14, 0x83, 0x05, 0x43, 0x0e, 0x44, 0x4a, 0x0e, 0x48, 0x46,
    0x0e, 0x4c, 0x41, 0x0e, 0x50, 0x45, 0x0e, 0x54, 0x42, 0x0e, 0x58, 0x41,
    0x0e, 0x5c, 0x46, 0x0e, 0x60, 0x48, 0x0e, 0x40, 0x02, 0x9d, 0x0e, 0x44,
    0x4c, 0x0e, 0x48, 0x48, 0x0e, 0x4c, 0x45, 0x0e, 0x50, 0x42, 0x0e, 0x54,
    0x42, 0x0e, 0x58, 0x41, 0x0e, 0x5c, 0x46, 0x0e, 0x60, 0x4d, 0x0e, 0x44,
    0x45, 0x0e, 0x48, 0x45, 0x0e, 0x4c, 0x45, 0x0e, 0x50, 0x41, 0x0e, 0x54,
    0x49, 0x0e, 0x58, 0x49, 0x0e, 0x5c, 0x46, 0x0e, 0x60, 0x71, 0x0e, 0x40,
    0x48, 0x0e, 0x48, 0x45, 0x0e, 0x4c, 0x41, 0x0e, 0x50, 0x48, 0x0e, 0x14,
    0x41, 0xc3, 0x0e, 0x10, 0x41, 0xc6, 0x0e, 0x0c, 0x41, 0xc7, 0x0e, 0x08,
    0x41, 0xc5, 0x0e, 0x04, 0x44, 0x0e, 0x40, 0x83, 0x05, 0x85, 0x02, 0x86,
    0x04, 0x87, 0x03, 0x00, 0x1c, 0x00, 0x00, 0x00, 0x5c, 0x06, 0x00, 0x00,
    0x7c, 0xf3, 0xff, 0xff, 0xad, 0x00, 0x00, 0x00, 0x00, 0x60, 0x0e, 0x08,
    0x6c, 0x0e, 0x04, 0x02, 0x44, 0x0e, 0x08, 0x58, 0x0e, 0x04, 0x00, 0x00,
    0x50, 0x00, 0x00, 0x00, 0x7c, 0x06, 0x00, 0x00, 0x0c, 0xf4, 0xff, 0xff,
    0x2c, 0x02, 0x00, 0x00, 0x00, 0x41, 0x0e, 0x08, 0x86, 0x02, 0x41, 0x0e,
    0x0c, 0x83, 0x03, 0x46, 0x0e, 0xe0, 0x02, 0x02, 0xf3, 0x0e, 0xe4, 0x02,
    0x41, 0x0e, 0xe8, 0x02, 0x41, 0x0e, 0xec, 0x02, 0x45, 0x0e, 0xf0, 0x02,
    0x48, 0x0e, 0xe0, 0x02, 0x4a, 0x0a, 0x0e, 0x0c, 0x41, 0xc3, 0x0e, 0x08,
    0x41, 0xc6, 0x0e, 0x04, 0x4a, 0x0b, 0x02, 0x76, 0x0a, 0x0e, 0x0c, 0x41,
    0xc3, 0x0e, 0x08, 0x41, 0xc6, 0x0e, 0x04, 0x48, 0x0b, 0x00, 0x00, 0x00,
    0x30, 0x00, 0x00, 0x00, 0xd0, 0x06, 0x00, 0x00, 0xf8, 0xf5, 0xff, 0xff,
    0x20, 0x03, 0x00, 0x00, 0x00, 0x44, 0x0c, 0x01, 0x00, 0x49, 0x10, 0x05,
    0x02, 0x75, 0x00, 0x42, 0x10, 0x07, 0x02, 0x75, 0x7c, 0x10, 0x06, 0x02,
    0x75, 0x78, 0x45, 0x0f, 0x03, 0x75, 0x70, 0x06, 0x10, 0x03, 0x02, 0x75,
    0x74, 0x00, 0x00, 0x00, 0x61, 0x6f, 0x73, 0x3e, 0x20, 0x00, 0x00, 0x00,
    0x00, 0x00, 0x10, 0x01, 0x47, 0x43, 0x43, 0x3a, 0x20, 0x28, 0x55, 0x62,
    0x75, 0x6e, 0x74, 0x75, 0x20, 0x31, 0x35, 0x2e, 0x32, 0x2e, 0x30, 0x2d,
    0x31, 0x36, 0x75, 0x62, 0x75, 0x6e, 0x74, 0x75, 0x31, 0x29, 0x20, 0x31,
    0x35, 0x2e, 0x32, 0x2e, 0x30, 0x00, 0x00, 0x00, 0x00, 0x00, 0x00, 0x00,
    0x00, 0x00, 0x00, 0x00, 0x00, 0x00, 0x00, 0x00, 0x00, 0x00, 0x00, 0x00,
    0x01, 0x00, 0x00, 0x00, 0x00, 0x00, 0x00, 0x00, 0x00, 0x00, 0x00, 0x00,
    0x04, 0x00, 0xf1, 0xff, 0x0a, 0x00, 0x00, 0x00, 0x5c, 0x14, 0x00, 0x01,
    0x04, 0x00, 0x00, 0x00, 0x01, 0x00, 0x06, 0x00, 0x14, 0x00, 0x00, 0x00,
    0x00, 0x00, 0x00, 0x00, 0x00, 0x00, 0x00, 0x00, 0x04, 0x00, 0xf1, 0xff,
    0x1b, 0x00, 0x00, 0x00, 0xe0, 0x04, 0x00, 0x01, 0x9e, 0x00, 0x00, 0x00,
    0x02, 0x00, 0x01, 0x00, 0x23, 0x00, 0x00, 0x00, 0xf8, 0x2c, 0x00, 0x01,
    0x04, 0x00, 0x00, 0x00, 0x01, 0x00, 0x07, 0x00, 0x9c, 0x01, 0x00, 0x00,
    0x00, 0x2d, 0x00, 0x01, 0x80, 0x20, 0x00, 0x00, 0x01, 0x00, 0x07, 0x00,
    0x28, 0x00, 0x00, 0x00, 0xf4, 0x2c, 0x00, 0x01, 0x04, 0x00, 0x00, 0x00,
    0x01, 0x00, 0x07, 0x00, 0x2d, 0x00, 0x00, 0x00, 0x80, 0x05, 0x00, 0x01,
    0xa7, 0x01, 0x00, 0x00, 0x02, 0x00, 0x01, 0x00, 0x26, 0x00, 0x00, 0x00,
    0xe4, 0x2c, 0x00, 0x01, 0x04, 0x00, 0x00, 0x00, 0x01, 0x00, 0x07, 0x00,
    0x34, 0x00, 0x00, 0x00, 0xe0, 0x2c, 0x00, 0x01, 0x04, 0x00, 0x00, 0x00,
    0x01, 0x00, 0x07, 0x00, 0x36, 0x00, 0x00, 0x00, 0xec, 0x2c, 0x00, 0x01,
    0x04, 0x00, 0x00, 0x00, 0x01, 0x00, 0x07, 0x00, 0x3a, 0x00, 0x00, 0x00,
    0x60, 0x14, 0x00, 0x01, 0x7b, 0x18, 0x00, 0x00, 0x01, 0x00, 0x07, 0x00,
    0x41, 0x00, 0x00, 0x00, 0xe8, 0x2c, 0x00, 0x01, 0x04, 0x00, 0x00, 0x00,
    0x01, 0x00, 0x07, 0x00, 0x47, 0x00, 0x00, 0x00, 0x30, 0x07, 0x00, 0x01,
    0xad, 0x00, 0x00, 0x00, 0x02, 0x00, 0x01, 0x00, 0x50, 0x00, 0x00, 0x00,
    0xf0, 0x2c, 0x00, 0x01, 0x04, 0x00, 0x00, 0x00, 0x01, 0x00, 0x07, 0x00,
    0x58, 0x00, 0x00, 0x00, 0xe0, 0x07, 0x00, 0x01, 0x2c, 0x02, 0x00, 0x00,
    0x02, 0x00, 0x01, 0x00, 0x61, 0x00, 0x00, 0x00, 0xdc, 0x2c, 0x00, 0x01,
    0x04, 0x00, 0x00, 0x00, 0x01, 0x00, 0x07, 0x00, 0x6e, 0x00, 0x00, 0x00,
    0x40, 0x0d, 0x00, 0x01, 0x14, 0x00, 0x00, 0x00, 0x01, 0x00, 0x03, 0x00,
    0x74, 0x00, 0x00, 0x00, 0x80, 0x00, 0x00, 0x01, 0x1b, 0x00, 0x00, 0x00,
    0x12, 0x00, 0x01, 0x00, 0x7c, 0x00, 0x00, 0x00, 0x50, 0x04, 0x00, 0x01,
    0x1a, 0x00, 0x00, 0x00, 0x12, 0x00, 0x01, 0x00, 0x87, 0x00, 0x00, 0x00,
    0x80, 0x02, 0x00, 0x01, 0x18, 0x00, 0x00, 0x00, 0x12, 0x00, 0x01, 0x00,
    0x8d, 0x00, 0x00, 0x00, 0x20, 0x00, 0x00, 0x01, 0x17, 0x00, 0x00, 0x00,
    0x12, 0x00, 0x01, 0x00, 0x93, 0x00, 0x00, 0x00, 0x00, 0x01, 0x00, 0x01,
    0x1a, 0x00, 0x00, 0x00, 0x12, 0x00, 0x01, 0x00, 0x9f, 0x00, 0x00, 0x00,
    0xa0, 0x02, 0x00, 0x01, 0x18, 0x00, 0x00, 0x00, 0x12, 0x00, 0x01, 0x00,
    0xa6, 0x00, 0x00, 0x00, 0x00, 0x02, 0x00, 0x01, 0x1c, 0x00, 0x00, 0x00,
    0x12, 0x00, 0x01, 0x00, 0xaf, 0x00, 0x00, 0x00, 0x90, 0x04, 0x00, 0x01,
    0x2d, 0x00, 0x00, 0x00, 0x12, 0x00, 0x01, 0x00, 0xb6, 0x00, 0x00, 0x00,
    0xc0, 0x02, 0x00, 0x01, 0x1c, 0x00, 0x00, 0x00, 0x12, 0x00, 0x01, 0x00,
    0xbf, 0x00, 0x00, 0x00, 0x60, 0x00, 0x00, 0x01, 0x1a, 0x00, 0x00, 0x00,
    0x12, 0x00, 0x01, 0x00, 0xc9, 0x00, 0x00, 0x00, 0x00, 0x03, 0x00, 0x01,
    0x18, 0x00, 0x00, 0x00, 0x12, 0x00, 0x01, 0x00, 0xd9, 0x00, 0x00, 0x00,
    0x70, 0x04, 0x00, 0x01, 0x1e, 0x00, 0x00, 0x00, 0x12, 0x00, 0x01, 0x00,
    0xdf, 0x00, 0x00, 0x00, 0x40, 0x01, 0x00, 0x01, 0x1e, 0x00, 0x00, 0x00,
    0x12, 0x00, 0x01, 0x00, 0xeb, 0x00, 0x00, 0x00, 0xf0, 0x03, 0x00, 0x01,
    0x58, 0x00, 0x00, 0x00, 0x12, 0x00, 0x01, 0x00, 0xf5, 0x00, 0x00, 0x00,
    0x60, 0x01, 0x00, 0x01, 0x18, 0x00, 0x00, 0x00, 0x12, 0x00, 0x01, 0x00,
    0xfe, 0x00, 0x00, 0x00, 0xa0, 0x01, 0x00, 0x01, 0x18, 0x00, 0x00, 0x00,
    0x12, 0x00, 0x01, 0x00, 0x05, 0x01, 0x00, 0x00, 0x00, 0x00, 0x00, 0x01,
    0x1b, 0x00, 0x00, 0x00, 0x12, 0x00, 0x01, 0x00, 0x0c, 0x01, 0x00, 0x00,
    0xc0, 0x00, 0x00, 0x01, 0x1e, 0x00, 0x00, 0x00, 0x12, 0x00, 0x01, 0x00,
    0x14, 0x01, 0x00, 0x00, 0xe0, 0x02, 0x00, 0x01, 0x1a, 0x00, 0x00, 0x00,
    0x12, 0x00, 0x01, 0x00, 0x1d, 0x01, 0x00, 0x00, 0xc0, 0x01, 0x00, 0x01,
    0x18, 0x00, 0x00, 0x00, 0x12, 0x00, 0x01, 0x00, 0x23, 0x01, 0x00, 0x00,
    0x90, 0x03, 0x00, 0x01, 0x58, 0x00, 0x00, 0x00, 0x12, 0x00, 0x01, 0x00,
    0x2f, 0x01, 0x00, 0x00, 0x40, 0x02, 0x00, 0x01, 0x3e, 0x00, 0x00, 0x00,
    0x12, 0x00, 0x01, 0x00, 0x38, 0x01, 0x00, 0x00, 0x40, 0x03, 0x00, 0x01,
    0x20, 0x00, 0x00, 0x00, 0x12, 0x00, 0x01, 0x00, 0x42, 0x01, 0x00, 0x00,
    0x20, 0x0a, 0x00, 0x01, 0x20, 0x03, 0x00, 0x00, 0x12, 0x00, 0x02, 0x00,
    0x47, 0x01, 0x00, 0x00, 0x40, 0x00, 0x00, 0x01, 0x1a, 0x00, 0x00, 0x00,
    0x12, 0x00, 0x01, 0x00, 0x51, 0x01, 0x00, 0x00, 0xe0, 0x01, 0x00, 0x01,
    0x18, 0x00, 0x00, 0x00, 0x12, 0x00, 0x01, 0x00, 0x5a, 0x01, 0x00, 0x00,
    0xa0, 0x00, 0x00, 0x01, 0x1e, 0x00, 0x00, 0x00, 0x12, 0x00, 0x01, 0x00,
    0x63, 0x01, 0x00, 0x00, 0x20, 0x03, 0x00, 0x01, 0x18, 0x00, 0x00, 0x00,
    0x12, 0x00, 0x01, 0x00, 0x71, 0x01, 0x00, 0x00, 0x20, 0x01, 0x00, 0x01,
    0x1a, 0x00, 0x00, 0x00, 0x12, 0x00, 0x01, 0x00, 0x7b, 0x01, 0x00, 0x00,
    0xe0, 0x00, 0x00, 0x01, 0x1a, 0x00, 0x00, 0x00, 0x12, 0x00, 0x01, 0x00,
    0x85, 0x01, 0x00, 0x00, 0x60, 0x03, 0x00, 0x01, 0x22, 0x00, 0x00, 0x00,
    0x12, 0x00, 0x01, 0x00, 0x91, 0x01, 0x00, 0x00, 0x20, 0x02, 0x00, 0x01,
    0x16, 0x00, 0x00, 0x00, 0x12, 0x00, 0x01, 0x00, 0x96, 0x01, 0x00, 0x00,
    0x80, 0x01, 0x00, 0x01, 0x18, 0x00, 0x00, 0x00, 0x12, 0x00, 0x01, 0x00,
    0xa3, 0x01, 0x00, 0x00, 0xc0, 0x04, 0x00, 0x01, 0x01, 0x00, 0x00, 0x00,
    0x12, 0x00, 0x01, 0x00, 0x00, 0x6c, 0x69, 0x62, 0x61, 0x6f, 0x73, 0x2e,
    0x63, 0x00, 0x68, 0x65, 0x61, 0x70, 0x5f, 0x6e, 0x65, 0x78, 0x74, 0x00,
    0x74, 0x65, 0x72, 0x6d, 0x2e, 0x63, 0x00, 0x6e, 0x65, 0x77, 0x6c, 0x69,
    0x6e, 0x65, 0x00, 0x63, 0x72, 0x6f, 0x77, 0x00, 0x63, 0x63, 0x6f, 0x6c,
    0x00, 0x72, 0x65, 0x6e, 0x64, 0x65, 0x72, 0x00, 0x68, 0x00, 0x77, 0x69,
    0x6e, 0x00, 0x75, 0x74, 0x66, 0x62, 0x75, 0x66, 0x00, 0x77, 0x69, 0x6e,
    0x69, 0x64, 0x00, 0x70, 0x75, 0x74, 0x5f, 0x63, 0x68, 0x61, 0x72, 0x00,
    0x63, 0x6d, 0x64, 0x5f, 0x63, 0x6f, 0x6c, 0x00, 0x64, 0x6f, 0x5f, 0x65,
    0x6e, 0x74, 0x65, 0x72, 0x00, 0x63, 0x68, 0x69, 0x6c, 0x64, 0x5f, 0x61,
    0x63, 0x74, 0x69, 0x76, 0x65, 0x00, 0x65, 0x72, 0x72, 0x2e, 0x30, 0x00,
    0x70, 0x75, 0x74, 0x63, 0x68, 0x61, 0x72, 0x00, 0x73, 0x65, 0x74, 0x5f,
    0x73, 0x74, 0x64, 0x6f, 0x75, 0x74, 0x00, 0x79, 0x69, 0x65, 0x6c, 0x64,
    0x00, 0x70, 0x72, 0x69, 0x6e, 0x74, 0x00, 0x66, 0x73, 0x5f, 0x67, 0x65,
    0x74, 0x5f, 0x73, 0x69, 0x7a, 0x65, 0x00, 0x67, 0x65, 0x74, 0x70, 0x69,
    0x64, 0x00, 0x67, 0x65, 0x74, 0x5f, 0x61, 0x72, 0x67, 0x73, 0x00, 0x6d,
    0x61, 0x6c, 0x6c, 0x6f, 0x63, 0x00, 0x73, 0x65, 0x6e, 0x64, 0x5f, 0x6d,
    0x73, 0x67, 0x00, 0x70, 0x72, 0x69, 0x6e, 0x74, 0x5f, 0x64, 0x65, 0x63,
    0x00, 0x72, 0x65, 0x67, 0x69, 0x73, 0x74, 0x65, 0x72, 0x5f, 0x65, 0x76,
    0x65, 0x6e, 0x74, 0x73, 0x00, 0x73, 0x70, 0x61, 0x77, 0x6e, 0x00, 0x66,
    0x73, 0x5f, 0x6c, 0x69, 0x73, 0x74, 0x5f, 0x67, 0x65, 0x74, 0x00, 0x66,
    0x69, 0x6c, 0x6c, 0x5f, 0x72, 0x65, 0x63, 0x74, 0x00, 0x67, 0x65, 0x74,
    0x5f, 0x74, 0x69, 0x63, 0x6b, 0x00, 0x72, 0x65, 0x62, 0x6f, 0x6f, 0x74,
    0x00, 0x5f, 0x73, 0x74, 0x61, 0x72, 0x74, 0x00, 0x66, 0x73, 0x5f, 0x72,
    0x65, 0x61, 0x64, 0x00, 0x72, 0x65, 0x63, 0x76, 0x5f, 0x6d, 0x73, 0x67,
    0x00, 0x70, 0x61, 0x6e, 0x69, 0x63, 0x00, 0x72, 0x65, 0x6e, 0x64, 0x65,
    0x72, 0x5f, 0x74, 0x65, 0x78, 0x74, 0x00, 0x72, 0x65, 0x61, 0x64, 0x5f,
    0x6b, 0x65, 0x79, 0x00, 0x67, 0x65, 0x74, 0x5f, 0x6d, 0x6f, 0x75, 0x73,
    0x65, 0x00, 0x6d, 0x61, 0x69, 0x6e, 0x00, 0x70, 0x72, 0x69, 0x6e, 0x74,
    0x5f, 0x68, 0x65, 0x78, 0x00, 0x73, 0x68, 0x75, 0x74, 0x64, 0x6f, 0x77,
    0x6e, 0x00, 0x66, 0x73, 0x5f, 0x77, 0x72, 0x69, 0x74, 0x65, 0x00, 0x67,
    0x65, 0x74, 0x5f, 0x65, 0x76, 0x65, 0x6e, 0x74, 0x5f, 0x70, 0x69, 0x64,
    0x00, 0x66, 0x73, 0x5f, 0x65, 0x78, 0x69, 0x73, 0x74, 0x73, 0x00, 0x66,
    0x73, 0x5f, 0x64, 0x65, 0x6c, 0x65, 0x74, 0x65, 0x00, 0x67, 0x65, 0x74,
    0x5f, 0x66, 0x62, 0x5f, 0x69, 0x6e, 0x66, 0x6f, 0x00, 0x65, 0x78, 0x69,
    0x74, 0x00, 0x63, 0x6c, 0x65, 0x61, 0x72, 0x5f, 0x73, 0x63, 0x72, 0x65,
    0x65, 0x6e, 0x00, 0x66, 0x72, 0x65, 0x65, 0x00, 0x00, 0x2e, 0x73, 0x79,
    0x6d, 0x74, 0x61, 0x62, 0x00, 0x2e, 0x73, 0x74, 0x72, 0x74, 0x61, 0x62,
    0x00, 0x2e, 0x73, 0x68, 0x73, 0x74, 0x72, 0x74, 0x61, 0x62, 0x00, 0x2e,
    0x74, 0x65, 0x78, 0x74, 0x00, 0x2e, 0x74, 0x65, 0x78, 0x74, 0x2e, 0x73,
    0x74, 0x61, 0x72, 0x74, 0x75, 0x70, 0x00, 0x2e, 0x72, 0x6f, 0x64, 0x61,
    0x74, 0x61, 0x00, 0x2e, 0x65, 0x68, 0x5f, 0x66, 0x72, 0x61, 0x6d, 0x65,
    0x00, 0x2e, 0x72, 0x6f, 0x64, 0x61, 0x74, 0x61, 0x2e, 0x73, 0x74, 0x72,
    0x31, 0x2e, 0x31, 0x00, 0x2e, 0x64, 0x61, 0x74, 0x61, 0x00, 0x2e, 0x62,
    0x73, 0x73, 0x00, 0x2e, 0x63, 0x6f, 0x6d, 0x6d, 0x65, 0x6e, 0x74, 0x00,
    0x00, 0x00, 0x00, 0x00, 0x00, 0x00, 0x00, 0x00, 0x00, 0x00, 0x00, 0x00,
    0x00, 0x00, 0x00, 0x00, 0x00, 0x00, 0x00, 0x00, 0x00, 0x00, 0x00, 0x00,
    0x00, 0x00, 0x00, 0x00, 0x00, 0x00, 0x00, 0x00, 0x00, 0x00, 0x00, 0x00,
    0x00, 0x00, 0x00, 0x00, 0x1b, 0x00, 0x00, 0x00, 0x01, 0x00, 0x00, 0x00,
    0x06, 0x00, 0x00, 0x00, 0x00, 0x00, 0x00, 0x01, 0x80, 0x00, 0x00, 0x00,
    0x0c, 0x0a, 0x00, 0x00, 0x00, 0x00, 0x00, 0x00, 0x00, 0x00, 0x00, 0x00,
    0x20, 0x00, 0x00, 0x00, 0x00, 0x00, 0x00, 0x00, 0x21, 0x00, 0x00, 0x00,
    0x01, 0x00, 0x00, 0x00, 0x06, 0x00, 0x00, 0x00, 0x20, 0x0a, 0x00, 0x01,
    0xa0, 0x0a, 0x00, 0x00, 0x20, 0x03, 0x00, 0x00, 0x00, 0x00, 0x00, 0x00,
    0x00, 0x00, 0x00, 0x00, 0x20, 0x00, 0x00, 0x00, 0x00, 0x00, 0x00, 0x00,
    0x2f, 0x00, 0x00, 0x00, 0x01, 0x00, 0x00, 0x00, 0x02, 0x00, 0x00, 0x00,
    0x40, 0x0d, 0x00, 0x01, 0xc0, 0x0d, 0x00, 0x00, 0x14, 0x00, 0x00, 0x00,
    0x00, 0x00, 0x00, 0x00, 0x00, 0x00, 0x00, 0x00, 0x04, 0x00, 0x00, 0x00,
    0x00, 0x00, 0x00, 0x00, 0x37, 0x00, 0x00, 0x00, 0x01, 0x00, 0x00, 0x00,
    0x02, 0x00, 0x00, 0x00, 0x54, 0x0d, 0x00, 0x01, 0xd4, 0x0d, 0x00, 0x00,
    0x00, 0x07, 0x00, 0x00, 0x00, 0x00, 0x00, 0x00, 0x00, 0x00, 0x00, 0x00,
    0x04, 0x00, 0x00, 0x00, 0x00, 0x00, 0x00, 0x00, 0x41, 0x00, 0x00, 0x00,
    0x01, 0x00, 0x00, 0x00, 0x32, 0x00, 0x00, 0x00, 0x54, 0x14, 0x00, 0x01,
    0xd4, 0x14, 0x00, 0x00, 0x06, 0x00, 0x00, 0x00, 0x00, 0x00, 0x00, 0x00,
    0x00, 0x00, 0x00, 0x00, 0x01, 0x00, 0x00, 0x00, 0x01, 0x00, 0x00, 0x00,
    0x50, 0x00, 0x00, 0x00, 0x01, 0x00, 0x00, 0x00, 0x03, 0x00, 0x00, 0x00,
    0x5c, 0x14, 0x00, 0x01, 0xdc, 0x14, 0x00, 0x00, 0x04, 0x00, 0x00, 0x00,
    0x00, 0x00, 0x00, 0x00, 0x00, 0x00, 0x00, 0x00, 0x04, 0x00, 0x00, 0x00,
    0x00, 0x00, 0x00, 0x00, 0x56, 0x00, 0x00, 0x00, 0x08, 0x00, 0x00, 0x00,
    0x03, 0x00, 0x00, 0x00, 0x60, 0x14, 0x00, 0x01, 0xe0, 0x14, 0x00, 0x00,
    0x20, 0x39, 0x00, 0x00, 0x00, 0x00, 0x00, 0x00, 0x00, 0x00, 0x00, 0x00,
    0x20, 0x00, 0x00, 0x00, 0x00, 0x00, 0x00, 0x00, 0x5b, 0x00, 0x00, 0x00,
    0x01, 0x00, 0x00, 0x00, 0x30, 0x00, 0x00, 0x00, 0x00, 0x00, 0x00, 0x00,
    0xe0, 0x14, 0x00, 0x00, 0x26, 0x00, 0x00, 0x00, 0x00, 0x00, 0x00, 0x00,
    0x00, 0x00, 0x00, 0x00, 0x01, 0x00, 0x00, 0x00, 0x01, 0x00, 0x00, 0x00,
    0x01, 0x00, 0x00, 0x00, 0x02, 0x00, 0x00, 0x00, 0x00, 0x00, 0x00, 0x00,
    0x00, 0x00, 0x00, 0x00, 0x08, 0x15, 0x00, 0x00, 0x50, 0x03, 0x00, 0x00,
    0x0a, 0x00, 0x00, 0x00, 0x13, 0x00, 0x00, 0x00, 0x04, 0x00, 0x00, 0x00,
    0x10, 0x00, 0x00, 0x00, 0x09, 0x00, 0x00, 0x00, 0x03, 0x00, 0x00, 0x00,
    0x00, 0x00, 0x00, 0x00, 0x00, 0x00, 0x00, 0x00, 0x58, 0x18, 0x00, 0x00,
    0xa8, 0x01, 0x00, 0x00, 0x00, 0x00, 0x00, 0x00, 0x00, 0x00, 0x00, 0x00,
    0x01, 0x00, 0x00, 0x00, 0x00, 0x00, 0x00, 0x00, 0x11, 0x00, 0x00, 0x00,
    0x03, 0x00, 0x00, 0x00, 0x00, 0x00, 0x00, 0x00, 0x00, 0x00, 0x00, 0x00,
    0x00, 0x1a, 0x00, 0x00, 0x64, 0x00, 0x00, 0x00, 0x00, 0x00, 0x00, 0x00,
    0x00, 0x00, 0x00, 0x00, 0x01, 0x00, 0x00, 0x00, 0x00, 0x00, 0x00, 0x00,
};

static const unsigned char prog_clock_elf[] = {
    0x7f, 0x45, 0x4c, 0x46, 0x01, 0x01, 0x01, 0x00, 0x00, 0x00, 0x00, 0x00,
    0x00, 0x00, 0x00, 0x00, 0x02, 0x00, 0x03, 0x00, 0x01, 0x00, 0x00, 0x00,
    0x00, 0x00, 0x00, 0x01, 0x34, 0x00, 0x00, 0x00, 0xc0, 0x11, 0x00, 0x00,
    0x00, 0x00, 0x00, 0x00, 0x34, 0x00, 0x20, 0x00, 0x02, 0x00, 0x28, 0x00,
    0x09, 0x00, 0x08, 0x00, 0x01, 0x00, 0x00, 0x00, 0x80, 0x00, 0x00, 0x00,
    0x00, 0x00, 0x00, 0x01, 0x00, 0x00, 0x00, 0x01, 0x20, 0x0d, 0x00, 0x00,
    0x20, 0x0d, 0x00, 0x00, 0x07, 0x00, 0x00, 0x00, 0x10, 0x00, 0x00, 0x00,
    0x51, 0xe5, 0x74, 0x64, 0x00, 0x00, 0x00, 0x00, 0x00, 0x00, 0x00, 0x00,
    0x00, 0x00, 0x00, 0x00, 0x00, 0x00, 0x00, 0x00, 0x00, 0x00, 0x00, 0x00,
    0x06, 0x00, 0x00, 0x00, 0x10, 0x00, 0x00, 0x00, 0x00, 0x00, 0x00, 0x00,
    0x00, 0x00, 0x00, 0x00, 0x00, 0x00, 0x00, 0x00, 0x57, 0x56, 0x53, 0x31,
    0xdb, 0x89, 0xde, 0x89, 0xdf, 0xe8, 0xc2, 0x04, 0x00, 0x00, 0xb8, 0x10,
    0x00, 0x00, 0x00, 0x89, 0xd9, 0x89, 0xda, 0xcd, 0x80, 0xeb, 0xfe, 0x2e,
    0x8d, 0x74, 0x26, 0x00, 0x31, 0xc0, 0x57, 0x89, 0xc1, 0x56, 0x89, 0xc2,
    0x89, 0xc6, 0x53, 0x89, 0xc7, 0x8b, 0x5c, 0x24, 0x10, 0xcd, 0x80, 0x5b,
    0x5e, 0x5f, 0xc3, 0x90, 0x2e, 0x8d, 0xb4, 0x26, 0x00, 0x00, 0x00, 0x00,
    0x31, 0xc9, 0x57, 0xb8, 0x01, 0x00, 0x00, 0x00, 0x56, 0x89, 0xca, 0x89,
    0xce, 0x89, 0xcf, 0x53, 0x8b, 0x5c, 0x24, 0x10, 0xcd, 0x80, 0x5b, 0x5e,
    0x5f, 0xc3, 0x8d, 0xb6, 0x00, 0x00, 0x00, 0x00, 0x31, 0xc9, 0x57, 0xb8,
    0x02, 0x00, 0x00, 0x00, 0x56, 0x89, 0xca, 0x89, 0xce, 0x89, 0xcf, 0x53,
    0x8b, 0x5c, 0x24, 0x10, 0xcd, 0x80, 0x5b, 0x5e, 0x5f, 0xc3, 0x8d, 0xb6,
    0x00, 0x00, 0x00, 0x00, 0x31, 0xc9, 0x57, 0xb8, 0x03, 0x00, 0x00, 0x00,
    0x56, 0x89, 0xca, 0x89, 0xce, 0x89, 0xcf, 0x53, 0x0f, 0xbe, 0x5c, 0x24,
    0x10, 0xcd, 0x80, 0x5b, 0x5e, 0x5f, 0xc3, 0x2e, 0x8d, 0x74, 0x26, 0x00,
    0x57, 0xb8, 0x04, 0x00, 0x00, 0x00, 0x56, 0x31, 0xf6, 0x53, 0x89, 0xf7,
    0x8b, 0x4c, 0x24, 0x14, 0x8b, 0x54, 0x24, 0x18, 0x8b, 0x5c, 0x24, 0x10,
    0xcd, 0x80, 0x5b, 0x5e, 0x5f, 0xc3, 0x66, 0x90, 0x57, 0xb8, 0x05, 0x00,
    0x00, 0x00, 0x56, 0x31, 0xf6, 0x53, 0x89, 0xf7, 0x8b, 0x4c, 0x24, 0x14,
    0x8b, 0x54, 0x24, 0x18, 0x8b, 0x5c, 0x24, 0x10, 0xcd, 0x80, 0x5b, 0x5e,
    0x5f, 0xc3, 0x66, 0x90, 0x31, 0xc9, 0x57, 0xb8, 0x06, 0x00, 0x00, 0x00,
    0x56, 0x89, 0xca, 0x89, 0xce, 0x89, 0xcf, 0x53, 0x8b, 0x5c, 0x24, 0x10,
    0xcd, 0x80, 0x5b, 0x5e, 0x5f, 0xc3, 0x8d, 0xb6, 0x00, 0x00, 0x00, 0x00,
    0x31, 0xc9, 0x57, 0xb8, 0x07, 0x00, 0x00, 0x00, 0x56, 0x89, 0xca, 0x89,
    0xce, 0x89, 0xcf, 0x53, 0x8b, 0x5c, 0x24, 0x10, 0xcd, 0x80, 0x5b, 0x5e,
    0x5f, 0xc3, 0x8d, 0xb6, 0x00, 0x00, 0x00, 0x00, 0x31, 0xc9, 0x57, 0xb8,
    0x08, 0x00, 0x00, 0x00, 0x56, 0x89, 0xca, 0x89, 0xce, 0x89, 0xcf, 0x53,
    0x8b, 0x5c, 0x24, 0x10, 0xcd, 0x80, 0x5b, 0x5e, 0x5f, 0xc3, 0x8d, 0xb6,
    0x00, 0x00, 0x00, 0x00, 0x57, 0xb8, 0x09, 0x00, 0x00, 0x00, 0x56, 0x31,
    0xf6, 0x53, 0x89, 0xf7, 0x8b, 0x4c, 0x24, 0x14, 0x8b, 0x54, 0x24, 0x18,
    0x8b, 0x5c, 0x24, 0x10, 0xcd, 0x80, 0x5b, 0x5e, 0x5f, 0xc3, 0x66, 0x90,
    0x57, 0xb8, 0x0a, 0x00, 0x00, 0x00, 0x56, 0x53, 0x31, 0xdb, 0x89, 0xd9,
    0x89, 0xda, 0x89, 0xde, 0x89, 0xdf, 0xcd, 0x80, 0x5b, 0x5e, 0x5f, 0xc3,
    0x2e, 0x8d, 0xb4, 0x26, 0x00, 0x00, 0x00, 0x00, 0x57, 0xb8, 0x0b, 0x00,
    0x00, 0x00, 0x56, 0x53, 0x31, 0xdb, 0x89, 0xd9, 0x89, 0xda, 0x89, 0xde,
    0x89, 0xdf, 0xcd, 0x80, 0x5b, 0x5e, 0x5f, 0xc3, 0x2e, 0x8d, 0xb4, 0x26,
    0x00, 0x00, 0x00, 0x00, 0x57, 0xb8, 0x0c, 0x00, 0x00, 0x00, 0x56, 0x53,
    0x31, 0xdb, 0x89, 0xd9, 0x89, 0xda, 0x89, 0xde, 0x89, 0xdf, 0xcd, 0x80,
    0x5b, 0x5e, 0x5f, 0xc3, 0x2e, 0x8d, 0xb4, 0x26, 0x00, 0x00, 0x00, 0x00,
    0x57, 0xb8, 0x0d, 0x00, 0x00, 0x00, 0x56, 0x53, 0x31, 0xdb, 0x89, 0xd9,
    0x89, 0xda, 0x89, 0xde, 0x89, 0xdf, 0xcd, 0x80, 0x5b, 0x5e, 0x5f, 0xc3,
    0x2e, 0x8d, 0xb4, 0x26, 0x00, 0x00, 0x00, 0x00, 0x57, 0xb8, 0x0e, 0x00,
    0x00, 0x00, 0x56, 0x53, 0x31, 0xdb, 0x89, 0xd9, 0x89, 0xda, 0x89, 0xde,
    0x89, 0xdf, 0xcd, 0x80, 0x5b, 0x5e, 0x5f, 0xc3, 0x2e, 0x8d, 0xb4, 0x26,
    0x00, 0x00, 0x00, 0x00, 0x31, 0xd2, 0x57, 0xb8, 0x0f, 0x00, 0x00, 0x00,
    0x56, 0x89, 0xd7, 0x89, 0xd6, 0x53, 0x8b, 0x4c, 0x24, 0x14, 0x8b, 0x5c,
    0x24, 0x10, 0xcd, 0x80, 0x5b, 0x5e, 0x5f, 0xc3, 0x8d, 0x74, 0x26, 0x00,
    0x57, 0xb8, 0x10, 0x00, 0x00, 0x00, 0x56, 0x53, 0x31, 0xdb, 0x89, 0xd9,
    0x89, 0xda, 0x89, 0xde, 0x89, 0xdf, 0xcd, 0x80, 0xeb, 0xfe, 0x66, 0x90,
    0x2e, 0x8d, 0xb4, 0x26, 0x00, 0x00, 0x00, 0x00, 0x55, 0xb8, 0x11, 0x00,
    0x00, 0x00, 0x57, 0x56, 0x53, 0x31, 0xdb, 0x89, 0xd9, 0x89, 0xda, 0x89,
    0xde, 0x89, 0xdf, 0xcd, 0x80, 0x85, 0xc0, 0x79, 0x20, 0xbd, 0x12, 0x00,
    0x00, 0x00, 0x66, 0x90, 0x31, 0xdb, 0x89, 0xe8, 0x89, 0xd9, 0x89, 0xda,
    0x89, 0xde, 0x89, 0xdf, 0xcd, 0x80, 0xb8, 0x11, 0x00, 0x00, 0x00, 0xcd,
    0x80, 0x85, 0xc0, 0x78, 0xe7, 0x5b, 0x5e, 0x5f, 0x5d, 0xc3, 0x66, 0x90,
    0x57, 0xb8, 0x12, 0x00, 0x00, 0x00, 0x56, 0x53, 0x31, 0xdb, 0x89, 0xd9,
    0x89, 0xda, 0x89, 0xde, 0x89, 0xdf, 0xcd, 0x80, 0x5b, 0x5e, 0x5f, 0xc3,
    0x2e, 0x8d, 0xb4, 0x26, 0x00, 0x00, 0x00, 0x00, 0x57, 0xb8, 0x13, 0x00,
    0x00, 0x00, 0x56, 0x53, 0x31, 0xdb, 0x89, 0xd9, 0x89, 0xda, 0x89, 0xde,
    0x89, 0xdf, 0xcd, 0x80, 0x5b, 0x5e, 0x5f, 0xc3, 0x2e, 0x8d, 0xb4, 0x26,
    0x00, 0x00, 0x00, 0x00, 0x31, 0xd2, 0x57, 0xb8, 0x14, 0x00, 0x00, 0x00,
    0x56, 0x89, 0xd7, 0x89, 0xd6, 0x53, 0x8b, 0x4c, 0x24, 0x14, 0x8b, 0x5c,
    0x24, 0x10, 0xcd, 0x80, 0x5b, 0x5e, 0x5f, 0xc3, 0x8d, 0x74, 0x26, 0x00,
    0x31, 0xc9, 0x57, 0xb8, 0x15, 0x00, 0x00, 0x00, 0x56, 0x89, 0xca, 0x89,
    0xce, 0x89, 0xcf, 0x53, 0x8b, 0x5c, 0x24, 0x10, 0xcd, 0x80, 0x5b, 0x5e,
    0x5f, 0xc3, 0x8d, 0xb6, 0x00, 0x00, 0x00, 0x00, 0x57, 0xb8, 0x16, 0x00,
    0x00, 0x00, 0x56, 0x53, 0x31, 0xdb, 0x89, 0xd9, 0x89, 0xda, 0x89, 0xde,
    0x89, 0xdf, 0xcd, 0x80, 0x5b, 0x5e, 0x5f, 0xc3, 0x2e, 0x8d, 0xb4, 0x26,
    0x00, 0x00, 0x00, 0x00, 0x57, 0xb8, 0x1d, 0x00, 0x00, 0x00, 0x56, 0x53,
    0x31, 0xdb, 0x89, 0xd9, 0x89, 0xda, 0x89, 0xde, 0x89, 0xdf, 0xcd, 0x80,
    0x5b, 0x5e, 0x5f, 0xc3, 0x2e, 0x8d, 0xb4, 0x26, 0x00, 0x00, 0x00, 0x00,
    0x57, 0xb8, 0x17, 0x00, 0x00, 0x00, 0x31, 0xff, 0x56, 0x53, 0x8b, 0x4c,
    0x24, 0x14, 0x8b, 0x54, 0x24, 0x18, 0x8b, 0x5c, 0x24, 0x10, 0x8b, 0x74,
    0x24, 0x1c, 0xcd, 0x80, 0x5b, 0x5e, 0x5f, 0xc3, 0x57, 0xb8, 0x18, 0x00,
    0x00, 0x00, 0x56, 0x53, 0x8b, 0x4c, 0x24, 0x14, 0x8b, 0x54, 0x24, 0x18,
    0x8b, 0x5c, 0x24, 0x10, 0x8b, 0x74, 0x24, 0x1c, 0x8b, 0x7c, 0x24, 0x20,
    0xcd, 0x80, 0x5b, 0x5e, 0x5f, 0xc3, 0x8d, 0xb6, 0x00, 0x00, 0x00, 0x00,
    0x2e, 0x8d, 0xb4, 0x26, 0x00, 0x00, 0x00, 0x00, 0x57, 0x31, 0xc9, 0x56,
    0x89, 0xca, 0x89, 0xce, 0x89, 0xcf, 0x53, 0x83, 0xec, 0x20, 0x8b, 0x44,
    0x24, 0x30, 0x8d, 0x5c, 0x24, 0x04, 0x89, 0x44, 0x24, 0x04, 0x8b, 0x44,
    0x24, 0x34, 0x89, 0x44, 0x24, 0x08, 0x8b, 0x44, 0x24, 0x38, 0x89, 0x44,
    0x24, 0x0c, 0x8b, 0x44, 0x24, 0x3c, 0x89, 0x44, 0x24, 0x10, 0x8b, 0x44,
    0x24, 0x40, 0x89, 0x44, 0x24, 0x14, 0x8b, 0x44, 0x24, 0x44, 0x89, 0x44,
    0x24, 0x18, 0x8b, 0x44, 0x24, 0x48, 0x89, 0x44, 0x24, 0x1c, 0xb8, 0x19,
    0x00, 0x00, 0x00, 0xcd, 0x80, 0x83, 0xc4, 0x20, 0x5b, 0x5e, 0x5f, 0xc3,
    0x2e, 0x8d, 0xb4, 0x26, 0x00, 0x00, 0x00, 0x00, 0x57, 0x31, 0xc9, 0x56,
    0x89, 0xca, 0x89, 0xce, 0x89, 0xcf, 0x53, 0x83, 0xec, 0x20, 0x8b, 0x44,
    0x24, 0x30, 0x8d, 0x5c, 0x24, 0x04, 0x89, 0x44, 0x24, 0x04, 0x8b, 0x44,
    0x24, 0x34, 0x89, 0x44, 0x24, 0x08, 0x8b, 0x44, 0x24, 0x38, 0x89, 0x44,
    0x24, 0x0c, 0x8b, 0x44, 0x24, 0x3c, 0x89, 0x44, 0x24, 0x10, 0x8b, 0x44,
    0x24, 0x40, 0x89, 0x44, 0x24, 0x14, 0x8b, 0x44, 0x24, 0x44, 0x89, 0x44,
    0x24, 0x18, 0x8b, 0x44, 0x24, 0x48, 0x89, 0x44, 0x24, 0x1c, 0xb8, 0x1a,
    0x00, 0x00, 0x00, 0xcd, 0x80, 0x83, 0xc4, 0x20, 0x5b, 0x5e, 0x5f, 0xc3,
    0x2e, 0x8d, 0xb4, 0x26, 0x00, 0x00, 0x00, 0x00, 0x31, 0xc9, 0x57, 0xb8,
    0x1b, 0x00, 0x00, 0x00, 0x56, 0x89, 0xca, 0x89, 0xce, 0x89, 0xcf, 0x53,
    0x8b, 0x5c, 0x24, 0x10, 0xcd, 0x80, 0x5b, 0x5e, 0x5f, 0xc3, 0x8d, 0xb6,
    0x00, 0x00, 0x00, 0x00, 0x57, 0xb8, 0x1c, 0x00, 0x00, 0x00, 0x56, 0x31,
    0xf6, 0x53, 0x89, 0xf7, 0x8b, 0x4c, 0x24, 0x14, 0x8b, 0x54, 0x24, 0x18,
    0x8b, 0x5c, 0x24, 0x10, 0xcd, 0x80, 0x5b, 0x5e, 0x5f, 0xc3, 0x66, 0x90,
    0x8b, 0x44, 0x24, 0x04, 0x8b, 0x15, 0x1c, 0x0d, 0x00, 0x01, 0x83, 0xc0,
    0x0f, 0x83, 0xe0, 0xf0, 0x01, 0xd0, 0x3d, 0x00, 0x00, 0x80, 0x01, 0x77,
    0x0f, 0xa3, 0x1c, 0x0d, 0x00, 0x01, 0x89, 0xd0, 0xc3, 0x8d, 0xb4, 0x26,
    0x00, 0x00, 0x00, 0x00, 0x31, 0xd2, 0x89, 0xd0, 0xc3, 0x8d, 0x76, 0x00,
    0xc3, 0x00, 0x00, 0x00, 0x00, 0x00, 0x00, 0x00, 0x00, 0x00, 0x00, 0x00,
    0x00, 0x00, 0x00, 0x00, 0x8d, 0x4c, 0x24, 0x04, 0x83, 0xe4, 0xf0, 0xff,
    0x71, 0xfc, 0x55, 0x89, 0xe5, 0x57, 0x56, 0x8d, 0x75, 0xc0, 0x53, 0x51,
    0x83, 0xec, 0x58, 0xe8, 0xb4, 0xfd, 0xff, 0xff, 0xc7, 0x45, 0xc0, 0x04,
    0x00, 0x00, 0x00, 0xc7, 0x45, 0xc4, 0x04, 0x01, 0x00, 0x00, 0xc7, 0x45,
    0xc8, 0x64, 0x00, 0x00, 0x00, 0x89, 0x45, 0xcc, 0xc7, 0x45, 0xd0, 0x00,
    0x00, 0x00, 0x00, 0xe8, 0x10, 0xfe, 0xff, 0xff, 0x83, 0xec, 0x08, 0x56,
    0x50, 0xe8, 0xa6, 0xfd, 0xff, 0xff, 0x83, 0xc4, 0x10, 0xeb, 0x06, 0x90,
    0xe8, 0x5b, 0xfd, 0xff, 0xff, 0x83, 0xec, 0x0c, 0x8d, 0x45, 0xc0, 0x50,
    0xe8, 0xaf, 0xfd, 0xff, 0xff, 0x83, 0xc4, 0x10, 0x85, 0xc0, 0x75, 0xe8,
    0x83, 0x7d, 0xc0, 0x05, 0x75, 0xe2, 0x8b, 0x45, 0xc4, 0xbf, 0xff, 0xff,
    0xff, 0xff, 0x89, 0x45, 0x98, 0x8b, 0x45, 0xc8, 0x83, 0xc0, 0x30, 0xc1,
    0xe0, 0x14, 0x89, 0x45, 0x9c, 0xe9, 0xca, 0x01, 0x00, 0x00, 0x8d, 0xb6,
    0x00, 0x00, 0x00, 0x00, 0xe8, 0xfb, 0xfb, 0xff, 0xff, 0x89, 0xc3, 0xb8,
    0xd3, 0x4d, 0x62, 0x10, 0xf7, 0xe3, 0x89, 0xd6, 0xc1, 0xee, 0x06, 0x39,
    0xf7, 0x0f, 0x84, 0xa2, 0x01, 0x00, 0x00, 0x83, 0xec, 0x04, 0x6a, 0x00,
    0x6a, 0x64, 0x68, 0x04, 0x01, 0x00, 0x00, 0x6a, 0x00, 0x6a, 0x00, 0x68,
    0x10, 0x04, 0x00, 0x00, 0xff, 0x75, 0x9c, 0xe8, 0x58, 0xfe, 0xff, 0xff,
    0x69, 0xc6, 0xe8, 0x03, 0x00, 0x00, 0x89, 0xd9, 0x83, 0xc4, 0x1c, 0x6a,
    0x00, 0xc6, 0x45, 0xb2, 0x3a, 0x29, 0xc1, 0xb8, 0x89, 0x88, 0x88, 0x88,
    0x68, 0x80, 0xff, 0x00, 0x00, 0xf7, 0xe6, 0x89, 0x4d, 0xa4, 0xc6, 0x45,
    0xb5, 0x3a, 0xc6, 0x45, 0xb8, 0x2e, 0x89, 0xd7, 0xc1, 0xea, 0x05, 0xc6,
    0x45, 0xbc, 0x00, 0xc1, 0xef, 0x05, 0x89, 0xd1, 0x6b, 0xc7, 0x3c, 0x89,
    0xf7, 0x29, 0xc7, 0xb8, 0x89, 0x88, 0x88, 0x88, 0xf7, 0xe2, 0x89, 0x7d,
    0xa0, 0xc1, 0xea, 0x05, 0x6b, 0xc2, 0x3c, 0x29, 0xc1, 0xb8, 0xb1, 0x7c,
    0x21, 0x95, 0xf7, 0xe3, 0xb8, 0xab, 0xaa, 0xaa, 0xaa, 0x89, 0xcf, 0x89,
    0xd3, 0xc1, 0xeb, 0x15, 0xf7, 0xe3, 0x89, 0xd1, 0xc1, 0xe9, 0x04, 0x8d,
    0x04, 0x49, 0xc1, 0xe0, 0x03, 0x29, 0xc3, 0x89, 0xd9, 0xbb, 0xcd, 0xcc,
    0xcc, 0xcc, 0x89, 0xc8, 0xf7, 0xe3, 0xc1, 0xea, 0x03, 0x8d, 0x42, 0x30,
    0x88, 0x45, 0xb0, 0x8d, 0x04, 0x92, 0x01, 0xc0, 0x29, 0xc1, 0x89, 0xf8,
    0xf7, 0xe3, 0x83, 0xc1, 0x30, 0x88, 0x4d, 0xb1, 0xc1, 0xea, 0x03, 0x8d,
    0x42, 0x30, 0x88, 0x45, 0xb3, 0x8d, 0x04, 0x92, 0x01, 0xc0, 0x29, 0xc7,
    0x8d, 0x47, 0x30, 0x88, 0x45, 0xb4, 0x8b, 0x45, 0xa0, 0xf7, 0xe3, 0xc1,
    0xea, 0x03, 0x8d, 0x42, 0x30, 0x8d, 0x14, 0x92, 0x88, 0x45, 0xb6, 0x8b,
    0x45, 0xa0, 0x01, 0xd2, 0x29, 0xd0, 0xba, 0x1f, 0x85, 0xeb, 0x51, 0x83,
    0xc0, 0x30, 0x88, 0x45, 0xb7, 0x8b, 0x45, 0xa4, 0xf7, 0xe2, 0x8b, 0x45,
    0xa4, 0xc1, 0xea, 0x05, 0x83, 0xc2, 0x30, 0x88, 0x55, 0xb9, 0xf7, 0xe3,
    0xc1, 0xea, 0x03, 0x89, 0xd0, 0x89, 0xd1, 0xf7, 0xe3, 0x89, 0xd3, 0xc1,
    0xeb, 0x03, 0x8d, 0x14, 0x9b, 0x89, 0xcb, 0x01, 0xd2, 0x29, 0xd3, 0x8d,
    0x14, 0x89, 0x8d, 0x43, 0x30, 0x01, 0xd2, 0x88, 0x45, 0xba, 0x8b, 0x45,
    0xa4, 0x29, 0xd0, 0x83, 0xc0, 0x30, 0x88, 0x45, 0xbb, 0x8d, 0x45, 0xb0,
    0x50, 0x6a, 0x10, 0x6a, 0x10, 0x68, 0x10, 0x04, 0x00, 0x00, 0x8b, 0x7d,
    0x9c, 0x57, 0xe8, 0xd1, 0xfc, 0xff, 0xff, 0x83, 0xc4, 0x1c, 0x8d, 0x45,
    0xa8, 0xc7, 0x45, 0xa8, 0x41, 0x4f, 0x53, 0x00, 0x6a, 0x00, 0x68, 0xa0,
    0x50, 0x40, 0x00, 0x50, 0x6a, 0x3c, 0x6a, 0x10, 0x68, 0x10, 0x04, 0x00,
    0x00, 0x57, 0x8d, 0x7d, 0xd4, 0xe8, 0xaa, 0xfc, 0xff, 0xff, 0x8b, 0x45,
    0x98, 0x83, 0xc4, 0x20, 0xc7, 0x45, 0xd4, 0x03, 0x00, 0x00, 0x00, 0xc7,
    0x45, 0xdc, 0x00, 0x00, 0x00, 0x00, 0x89, 0x45, 0xd8, 0xc7, 0x45, 0xe0,
    0x00, 0x00, 0x00, 0x00, 0xc7, 0x45, 0xe4, 0x00, 0x00, 0x00, 0x00, 0xe8,
    0x10, 0xfc, 0xff, 0xff, 0x83, 0xec, 0x08, 0x57, 0x50, 0xe8, 0xa6, 0xfb,
    0xff, 0xff, 0x83, 0xc4, 0x10, 0xe8, 0x5e, 0xfb, 0xff, 0xff, 0x89, 0xf7,
    0x83, 0xec, 0x0c, 0x8d, 0x45, 0xc0, 0x50, 0xe8, 0xb0, 0xfb, 0xff, 0xff,
    0x83, 0xc4, 0x10, 0x85, 0xc0, 0x0f, 0x85, 0x25, 0xfe, 0xff, 0xff, 0x83,
    0x7d, 0xc0, 0x07, 0x0f, 0x85, 0x1b, 0xfe, 0xff, 0xff, 0xe8, 0xd6, 0xfa,
    0xff, 0xff, 0xe9, 0x11, 0xfe, 0xff, 0xff, 0x00, 0x14, 0x00, 0x00, 0x00,
    0x00, 0x00, 0x00, 0x00, 0x01, 0x7a, 0x52, 0x00, 0x01, 0x7c, 0x08, 0x01,
    0x1b, 0x0c, 0x04, 0x04, 0x88, 0x01, 0x00, 0x00, 0x1c, 0x00, 0x00, 0x00,
    0x1c, 0x00, 0x00, 0x00, 0x90, 0xf8, 0xff, 0xff, 0x1b, 0x00, 0x00, 0x00,
    0x00, 0x41, 0x0e, 0x08, 0x87, 0x02, 0x41, 0x0e, 0x0c, 0x86, 0x03, 0x41,
    0x0e, 0x10, 0x83, 0x04, 0x28, 0x00, 0x00, 0x00, 0x3c, 0x00, 0x00, 0x00,
    0x90, 0xf8, 0xff, 0xff, 0x17, 0x00, 0x00, 0x00, 0x00, 0x43, 0x0e, 0x08,
    0x87, 0x02, 0x43, 0x0e, 0x0c, 0x86, 0x03, 0x45, 0x0e, 0x10, 0x83, 0x04,
    0x49, 0xc3, 0x0e, 0x0c, 0x41, 0xc6, 0x0e, 0x08, 0x41, 0xc7, 0x0e, 0x04,
    0x28, 0x00, 0x00, 0x00, 0x68, 0x00, 0x00, 0x00, 0x84, 0xf8, 0xff, 0xff,
    0x1a, 0x00, 0x00, 0x00, 0x00, 0x43, 0x0e, 0x08, 0x87, 0x02, 0x46, 0x0e,
    0x0c, 0x86, 0x03, 0x47, 0x0e, 0x10, 0x83, 0x04, 0x47, 0xc3, 0x0e, 0x0c,
    0x41, 0xc6, 0x0e, 0x08, 0x41, 0xc7, 0x0e, 0x04, 0x28, 0x00, 0x00, 0x00,
    0x94, 0x00, 0x00, 0x00, 0x78, 0xf8, 0xff, 0xff, 0x1a, 0x00, 0x00, 0x00,
    0x00, 0x43, 0x0e, 0x08, 0x87, 0x02, 0x46, 0x0e, 0x0c, 0x86, 0x03, 0x47,
    0x0e, 0x10, 0x83, 0x04, 0x47, 0xc3, 0x0e, 0x0c, 0x41, 0xc6, 0x0e, 0x08,
    0x41, 0xc7, 0x0e, 0x04, 0x28, 0x00, 0x00, 0x00, 0xc0, 0x00, 0x00, 0x00,
    0x6c, 0xf8, 0xff, 0xff, 0x1b, 0x00, 0x00, 0x00, 0x00, 0x43, 0x0e, 0x08,
    0x87, 0x02, 0x46, 0x0e, 0x0c, 0x86, 0x03, 0x47, 0x0e, 0x10, 0x83, 0x04,
    0x48, 0xc3, 0x0e, 0x0c, 0x41, 0xc6, 0x0e, 0x08, 0x41, 0xc7, 0x0e, 0x04,
    0x28, 0x00, 0x00, 0x00, 0xec, 0x00, 0x00, 0x00, 0x60, 0xf8, 0xff, 0xff,
    0x1e, 0x00, 0x00, 0x00, 0x00, 0x41, 0x0e, 0x08, 0x87, 0x02, 0x46, 0x0e,
    0x0c, 0x86, 0x03, 0x43, 0x0e, 0x10, 0x83, 0x04, 0x51, 0xc3, 0x0e, 0x0c,
    0x41, 0xc6, 0x0e, 0x08, 0x41, 0xc7, 0x0e, 0x04, 0x28, 0x00, 0x00, 0x00,
    0x18, 0x01, 0x00, 0x00, 0x54, 0xf8, 0xff, 0xff, 0x1e, 0x00, 0x00, 0x00,
    0x00, 0x41, 0x0e, 0x08, 0x87, 0x02, 0x46, 0x0e, 0x0c, 0x86, 0x03, 0x43,
    0x0e, 0x10, 0x83, 0x04, 0x51, 0xc3, 0x0e, 0x0c, 0x41, 0xc6, 0x0e, 0x08,
    0x41, 0xc7, 0x0e, 0x04, 0x28, 0x00, 0x00, 0x00, 0x44, 0x01, 0x00, 0x00,
    0x48, 0xf8, 0xff, 0xff, 0x1a, 0x00, 0x00, 0x00, 0x00, 0x43, 0x0e, 0x08,
    0x87, 0x02, 0x46, 0x0e, 0x0c, 0x86, 0x03, 0x47, 0x0e, 0x10, 0x83, 0x04,
    0x47, 0xc3, 0x0e, 0x0c, 0x41, 0xc6, 0x0e, 0x08, 0x41, 0xc7, 0x0e, 0x04,
    0x28, 0x00, 0x00, 0x00, 0x70, 0x01, 0x00, 0x00, 0x3c, 0xf8, 0xff, 0xff,
    0x1a, 0x00, 0x00, 0x00, 0x00, 0x43, 0x0e, 0x08, 0x87, 0x02, 0x46, 0x0e,
    0x0c, 0x86, 0x03, 0x47, 0x0e, 0x10, 0x83, 0x04, 0x47, 0xc3, 0x0e, 0x0c,
    0x41, 0xc6, 0x0e, 0x08, 0x41, 0xc7, 0x0e, 0x04, 0x28, 0x00, 0x00, 0x00,
    0x9c, 0x01, 0x00, 0x00, 0x30, 0xf8, 0xff, 0xff, 0x1a, 0x00, 0x00, 0x00,
    0x00, 0x43, 0x0e, 0x08, 0x87, 0x02, 0x46, 0x0e, 0x0c, 0x86, 0x03, 0x47,
    0x0e, 0x10, 0x83, 0x04, 0x47, 0xc3, 0x0e, 0x0c, 0x41, 0xc6, 0x0e, 0x08,
    0x41, 0xc7, 0x0e, 0x04, 0x28, 0x00, 0x00, 0x00, 0xc8, 0x01, 0x00, 0x00,
    0x24, 0xf8, 0xff, 0xff, 0x1e, 0x00, 0x00, 0x00, 0x00, 0x41, 0x0e, 0x08,
    0x87, 0x02, 0x46, 0x0e, 0x0c, 0x86, 0x03, 0x43, 0x0e, 0x10, 0x83, 0x04,
    0x51, 0xc3, 0x0e, 0x0c, 0x41, 0xc6, 0x0e, 0x08, 0x41, 0xc7, 0x0e, 0x04,
    0x28, 0x00, 0x00, 0x00, 0xf4, 0x01, 0x00, 0x00, 0x18, 0xf8, 0xff, 0xff,
    0x18, 0x00, 0x00, 0x00, 0x00, 0x41, 0x0e, 0x08, 0x87, 0x02, 0x46, 0x0e,
    0x0c, 0x86, 0x03, 0x41, 0x0e, 0x10, 0x83, 0x04, 0x4d, 0xc3, 0x0e, 0x0c,
    0x41, 0xc6, 0x0e, 0x08, 0x41, 0xc7, 0x0e, 0x04, 0x28, 0x00, 0x00, 0x00,
    0x20, 0x02, 0x00, 0x00, 0x0c, 0xf8, 0xff, 0xff, 0x18, 0x00, 0x00, 0x00,
    0x00, 0x41, 0x0e, 0x08, 0x87, 0x02, 0x46, 0x0e, 0x0c, 0x86, 0x03, 0x41,
    0x0e, 0x10, 0x83, 0x04, 0x4d, 0xc3, 0x0e, 0x0c, 0x41, 0xc6, 0x0e, 0x08,
    0x41, 0xc7, 0x0e, 0x04, 0x28, 0x00, 0x00, 0x00, 0x4c, 0x02, 0x00, 0x00,
    0x00, 0xf8, 0xff, 0xff, 0x18, 0x00, 0x00, 0x00, 0x00, 0x41, 0x0e, 0x08,
    0x87, 0x02, 0x46, 0x0e, 0x0c, 0x86, 0x03, 0x41, 0x0e, 0x10, 0x83, 0x04,
    0x4d, 0xc3, 0x0e, 0x0c, 0x41, 0xc6, 0x0e, 0x08, 0x41, 0xc7, 0x0e, 0x04,
    0x28, 0x00, 0x00, 0x00, 0x78, 0x02, 0x00, 0x00, 0xf4, 0xf7, 0xff, 0xff,
    0x18, 0x00, 0x00, 0x00, 0x00, 0x41, 0x0e, 0x08, 0x87, 0x02, 0x46, 0x0e,
    0x0c, 0x86, 0x03, 0x41, 0x0e, 0x10, 0x83, 0x04, 0x4d, 0xc3, 0x0e, 0x0c,
    0x41, 0xc6, 0x0e, 0x08, 0x41, 0xc7, 0x0e, 0x04, 0x28, 0x00, 0x00, 0x00,
    0xa4, 0x02, 0x00, 0x00, 0xe8, 0xf7, 0xff, 0xff, 0x18, 0x00, 0x00, 0x00,
    0x00, 0x41, 0x0e, 0x08, 0x87, 0x02, 0x46, 0x0e, 0x0c, 0x86, 0x03, 0x41,
    0x0e, 0x10, 0x83, 0x04, 0x4d, 0xc3, 0x0e, 0x0c, 0x41, 0xc6, 0x0e, 0x08,
    0x41, 0xc7, 0x0e, 0x04, 0x28, 0x00, 0x00, 0x00, 0xd0, 0x02, 0x00, 0x00,
    0xdc, 0xf7, 0xff, 0xff, 0x1c, 0x00, 0x00, 0x00, 0x00, 0x43, 0x0e, 0x08,
    0x87, 0x02, 0x46, 0x0e, 0x0c, 0x86, 0x03, 0x45, 0x0e, 0x10, 0x83, 0x04,
    0x4b, 0xc3, 0x0e, 0x0c, 0x41, 0xc6, 0x0e, 0x08, 0x41, 0xc7, 0x0e, 0x04,
    0x1c, 0x00, 0x00, 0x00, 0xfc, 0x02, 0x00, 0x00, 0xd0, 0xf7, 0xff, 0xff,
    0x16, 0x00, 0x00, 0x00, 0x00, 0x41, 0x0e, 0x08, 0x87, 0x02, 0x46, 0x0e,
    0x0c, 0x86, 0x03, 0x41, 0x0e, 0x10, 0x83, 0x04, 0x34, 0x00, 0x00, 0x00,
    0x1c, 0x03, 0x00, 0x00, 0xd0, 0xf7, 0xff, 0xff, 0x3e, 0x00, 0x00, 0x00,
    0x00, 0x41, 0x0e, 0x08, 0x85, 0x02, 0x46, 0x0e, 0x0c, 0x87, 0x03, 0x41,
    0x0e, 0x10, 0x86, 0x04, 0x41, 0x0e, 0x14, 0x83, 0x05, 0x71, 0xc3, 0x0e,
    0x10, 0x41, 0xc6, 0x0e, 0x0c, 0x41, 0xc7, 0x0e, 0x08, 0x41, 0xc5, 0x0e,
    0x04, 0x00, 0x00, 0x00, 0x28, 0x00, 0x00, 0x00, 0x54, 0x03, 0x00, 0x00,
    0xd8, 0xf7, 0xff, 0xff, 0x18, 0x00, 0x00, 0x00, 0x00, 0x41, 0x0e, 0x08,
    0x87, 0x02, 0x46, 0x0e, 0x0c, 0x86, 0x03, 0x41, 0x0e, 0x10, 0x83, 0x04,
    0x4d, 0xc3, 0x0e, 0x0c, 0x41, 0xc6, 0x0e, 0x08, 0x41, 0xc7, 0x0e, 0x04,
    0x28, 0x00, 0x00, 0x00, 0x80, 0x03, 0x00, 0x00, 0xcc, 0xf7, 0xff, 0xff,
    0x18, 0x00, 0x00, 0x00, 0x00, 0x41, 0x0e, 0x08, 0x87, 0x02, 0x46, 0x0e,
    0x0c, 0x86, 0x03, 0x41, 0x0e, 0x10, 0x83, 0x04, 0x4d, 0xc3, 0x0e, 0x0c,
    0x41, 0xc6, 0x0e, 0x08, 0x41, 0xc7, 0x0e, 0x04, 0x28, 0x00, 0x00, 0x00,
    0xac, 0x03, 0x00, 0x00, 0xc0, 0xf7, 0xff, 0xff, 0x1c, 0x00, 0x00, 0x00,
    0x00, 0x43, 0x0e, 0x08, 0x87, 0x02, 0x46, 0x0e, 0x0c, 0x86, 0x03, 0x45,
    0x0e, 0x10, 0x83, 0x04, 0x4b, 0xc3, 0x0e, 0x0c, 0x41, 0xc6, 0x0e, 0x08,
    0x41, 0xc7, 0x0e, 0x04, 0x28, 0x00, 0x00, 0x00, 0xd8, 0x03, 0x00, 0x00,
    0xb4, 0xf7, 0xff, 0xff, 0x1a, 0x00, 0x00, 0x00, 0x00, 0x43, 0x0e, 0x08,
    0x87, 0x02, 0x46, 0x0e, 0x0c, 0x86, 0x03, 0x47, 0x0e, 0x10, 0x83, 0x04,
    0x47, 0xc3, 0x0e, 0x0c, 0x41, 0xc6, 0x0e, 0x08, 0x41, 0xc7, 0x0e, 0x04,
    0x28, 0x00, 0x00, 0x00, 0x04, 0x04, 0x00, 0x00, 0xa8, 0xf7, 0xff, 0xff,
    0x18, 0x00, 0x00, 0x00, 0x00, 0x41, 0x0e, 0x08, 0x87, 0x02, 0x46, 0x0e,
    0x0c, 0x86, 0x03, 0x41, 0x0e, 0x10, 0x83, 0x04, 0x4d, 0xc3, 0x0e, 0x0c,
    0x41, 0xc6, 0x0e, 0x08, 0x41, 0xc7, 0x0e, 0x04, 0x28, 0x00, 0x00, 0x00,
    0x30, 0x04, 0x00, 0x00, 0x9c, 0xf7, 0xff, 0xff, 0x18, 0x00, 0x00, 0x00,
    0x00, 0x41, 0x0e, 0x08, 0x87, 0x02, 0x46, 0x0e, 0x0c, 0x86, 0x03, 0x41,
    0x0e, 0x10, 0x83, 0x04, 0x4d, 0xc3, 0x0e, 0x0c, 0x41, 0xc6, 0x0e, 0x08,
    0x41, 0xc7, 0x0e, 0x04, 0x28, 0x00, 0x00, 0x00, 0x5c, 0x04, 0x00, 0x00,
    0x90, 0xf7, 0xff, 0xff, 0x20, 0x00, 0x00, 0x00, 0x00, 0x41, 0x0e, 0x08,
    0x87, 0x02, 0x48, 0x0e, 0x0c, 0x86, 0x03, 0x41, 0x0e, 0x10, 0x83, 0x04,
    0x53, 0xc3, 0x0e, 0x0c, 0x41, 0xc6, 0x0e, 0x08, 0x41, 0xc7, 0x0e, 0x04,
    0x28, 0x00, 0x00, 0x00, 0x88, 0x04, 0x00, 0x00, 0x84, 0xf7, 0xff, 0xff,
    0x22, 0x00, 0x00, 0x00, 0x00, 0x41, 0x0e, 0x08, 0x87, 0x02, 0x46, 0x0e,
    0x0c, 0x86, 0x03, 0x41, 0x0e, 0x10, 0x83, 0x04, 0x57, 0xc3, 0x0e, 0x0c,
    0x41, 0xc6, 0x0e, 0x08, 0x41, 0xc7, 0x0e, 0x04, 0x30, 0x00, 0x00, 0x00,
    0xb4, 0x04, 0x00, 0x00, 0x88, 0xf7, 0xff, 0xff, 0x58, 0x00, 0x00, 0x00,
    0x00, 0x41, 0x0e, 0x08, 0x87, 0x02, 0x43, 0x0e, 0x0c, 0x86, 0x03, 0x47,
    0x0e, 0x10, 0x83, 0x04, 0x43, 0x0e, 0x30, 0x02, 0x46, 0x0e, 0x10, 0x41,
    0xc3, 0x0e, 0x0c, 0x41, 0xc6, 0x0e, 0x08, 0x41, 0xc7, 0x0e, 0x04, 0x00,
    0x30, 0x00, 0x00, 0x00, 0xe8, 0x04, 0x00, 0x00, 0xb4, 0xf7, 0xff, 0xff,
    0x58, 0x00, 0x00, 0x00, 0x00, 0x41, 0x0e, 0x08, 0x87, 0x02, 0x43, 0x0e,
    0x0c, 0x86, 0x03, 0x47, 0x0e, 0x10, 0x83, 0x04, 0x43, 0x0e, 0x30, 0x02,
    0x46, 0x0e, 0x10, 0x41, 0xc3, 0x0e, 0x0c, 0x41, 0xc6, 0x0e, 0x08, 0x41,
    0xc7, 0x0e, 0x04, 0x00, 0x28, 0x00, 0x00, 0x00, 0x1c, 0x05, 0x00, 0x00,
    0xe0, 0xf7, 0xff, 0xff, 0x1a, 0x00, 0x00, 0x00, 0x00, 0x43, 0x0e, 0x08,
    0x87, 0x02, 0x46, 0x0e, 0x0c, 0x86, 0x03, 0x47, 0x0e, 0x10, 0x83, 0x04,
    0x47, 0xc3, 0x0e, 0x0c, 0x41, 0xc6, 0x0e, 0x08, 0x41, 0xc7, 0x0e, 0x04,
    0x28, 0x00, 0x00, 0x00, 0x48, 0x05, 0x00, 0x00, 0xd4, 0xf7, 0xff, 0xff,
    0x1e, 0x00, 0x00, 0x00, 0x00, 0x41, 0x0e, 0x08, 0x87, 0x02, 0x46, 0x0e,
    0x0c, 0x86, 0x03, 0x43, 0x0e, 0x10, 0x83, 0x04, 0x51, 0xc3, 0x0e, 0x0c,
    0x41, 0xc6, 0x0e, 0x08, 0x41, 0xc7, 0x0e, 0x04, 0x10, 0x00, 0x00, 0x00,
    0x74, 0x05, 0x00, 0x00, 0xc8, 0xf7, 0xff, 0xff, 0x2d, 0x00, 0x00, 0x00,
    0x00, 0x00, 0x00, 0x00, 0x10, 0x00, 0x00, 0x00, 0x88, 0x05, 0x00, 0x00,
    0xe4, 0xf7, 0xff, 0xff, 0x01, 0x00, 0x00, 0x00, 0x00, 0x00, 0x00, 0x00,
    0x30, 0x00, 0x00, 0x00, 0x9c, 0x05, 0x00, 0x00, 0xe0, 0xf7, 0xff, 0xff,
    0x7f, 0x02, 0x00, 0x00, 0x00, 0x44, 0x0c, 0x01, 0x00, 0x49, 0x10, 0x05,
    0x02, 0x75, 0x00, 0x42, 0x10, 0x07, 0x02, 0x75, 0x7c, 0x10, 0x06, 0x02,
    0x75, 0x78, 0x45, 0x0f, 0x03, 0x75, 0x70, 0x06, 0x10, 0x03, 0x02, 0x75,
    0x74, 0x00, 0x00, 0x00, 0x00, 0x00, 0x10, 0x01, 0x47, 0x43, 0x43, 0x3a,
    0x20, 0x28, 0x55, 0x62, 0x75, 0x6e, 0x74, 0x75, 0x20, 0x31, 0x35, 0x2e,
    0x32, 0x2e, 0x30, 0x2d, 0x31, 0x36, 0x75, 0x62, 0x75, 0x6e, 0x74, 0x75,
    0x31, 0x29, 0x20, 0x31, 0x35, 0x2e, 0x32, 0x2e, 0x30, 0x00, 0x00, 0x00,
    0x00, 0x00, 0x00, 0x00, 0x00, 0x00, 0x00, 0x00, 0x00, 0x00, 0x00, 0x00,
    0x00, 0x00, 0x00, 0x00, 0x01, 0x00, 0x00, 0x00, 0x00, 0x00, 0x00, 0x00,
    0x00, 0x00, 0x00, 0x00, 0x04, 0x00, 0xf1, 0xff, 0x0a, 0x00, 0x00, 0x00,
    0x1c, 0x0d, 0x00, 0x01, 0x04, 0x00, 0x00, 0x00, 0x01, 0x00, 0x04, 0x00,
    0x14, 0x00, 0x00, 0x00, 0x00, 0x00, 0x00, 0x00, 0x00, 0x00, 0x00, 0x00,
    0x04, 0x00, 0xf1, 0xff, 0x1c, 0x00, 0x00, 0x00, 0x80, 0x00, 0x00, 0x01,
    0x1b, 0x00, 0x00, 0x00, 0x12, 0x00, 0x01, 0x00, 0x24, 0x00, 0x00, 0x00,
    0x50, 0x04, 0x00, 0x01, 0x1a, 0x00, 0x00, 0x00, 0x12, 0x00, 0x01, 0x00,
    0x2f, 0x00, 0x00, 0x00, 0x80, 0x02, 0x00, 0x01, 0x18, 0x00, 0x00, 0x00,
    0x12, 0x00, 0x01, 0x00, 0x35, 0x00, 0x00, 0x00, 0x20, 0x00, 0x00, 0x01,
    0x17, 0x00, 0x00, 0x00, 0x12, 0x00, 0x01, 0x00, 0x3b, 0x00, 0x00, 0x00,
    0x00, 0x01, 0x00, 0x01, 0x1a, 0x00, 0x00, 0x00, 0x12, 0x00, 0x01, 0x00,
    0x47, 0x00, 0x00, 0x00, 0xa0, 0x02, 0x00, 0x01, 0x18, 0x00, 0x00, 0x00,
    0x12, 0x00, 0x01, 0x00, 0x4e, 0x00, 0x00, 0x00, 0x00, 0x02, 0x00, 0x01,
    0x1c, 0x00, 0x00, 0x00, 0x12, 0x00, 0x01, 0x00, 0x57, 0x00, 0x00, 0x00,
    0x90, 0x04, 0x00, 0x01, 0x2d, 0x00, 0x00, 0x00, 0x12, 0x00, 0x01, 0x00,
    0x5e, 0x00, 0x00, 0x00, 0xc0, 0x02, 0x00, 0x01, 0x1c, 0x00, 0x00, 0x00,
    0x12, 0x00, 0x01, 0x00, 0x67, 0x00, 0x00, 0x00, 0x60, 0x00, 0x00, 0x01,
    0x1a, 0x00, 0x00, 0x00, 0x12, 0x00, 0x01, 0x00, 0x71, 0x00, 0x00, 0x00,
    0x00, 0x03, 0x00, 0x01, 0x18, 0x00, 0x00, 0x00, 0x12, 0x00, 0x01, 0x00,
    0x81, 0x00, 0x00, 0x00, 0x70, 0x04, 0x00, 0x01, 0x1e, 0x00, 0x00, 0x00,
    0x12, 0x00, 0x01, 0x00, 0x87, 0x00, 0x00, 0x00, 0x40, 0x01, 0x00, 0x01,
    0x1e, 0x00, 0x00, 0x00, 0x12, 0x00, 0x01, 0x00, 0x93, 0x00, 0x00, 0x00,
    0xf0, 0x03, 0x00, 0x01, 0x58, 0x00, 0x00, 0x00, 0x12, 0x00, 0x01, 0x00,
    0x9d, 0x00, 0x00, 0x00, 0x60, 0x01, 0x00, 0x01, 0x18, 0x00, 0x00, 0x00,
    0x12, 0x00, 0x01, 0x00, 0xa6, 0x00, 0x00, 0x00, 0xa0, 0x01, 0x00, 0x01,
    0x18, 0x00, 0x00, 0x00, 0x12, 0x00, 0x01, 0x00, 0xad, 0x00, 0x00, 0x00,
    0x00, 0x00, 0x00, 0x01, 0x1b, 0x00, 0x00, 0x00, 0x12, 0x00, 0x01, 0x00,
    0xb4, 0x00, 0x00, 0x00, 0xc0, 0x00, 0x00, 0x01, 0x1e, 0x00, 0x00, 0x00,
    0x12, 0x00, 0x01, 0x00, 0xbc, 0x00, 0x00, 0x00, 0xe0, 0x02, 0x00, 0x01,
    0x1a, 0x00, 0x00, 0x00, 0x12, 0x00, 0x01, 0x00, 0xc5, 0x00, 0x00, 0x00,
    0xc0, 0x01, 0x00, 0x01, 0x18, 0x00, 0x00, 0x00, 0x12, 0x00, 0x01, 0x00,
    0xcb, 0x00, 0x00, 0x00, 0x90, 0x03, 0x00, 0x01, 0x58, 0x00, 0x00, 0x00,
    0x12, 0x00, 0x01, 0x00, 0xd7, 0x00, 0x00, 0x00, 0x40, 0x02, 0x00, 0x01,
    0x3e, 0x00, 0x00, 0x00, 0x12, 0x00, 0x01, 0x00, 0xe0, 0x00, 0x00, 0x00,
    0x40, 0x03, 0x00, 0x01, 0x20, 0x00, 0x00, 0x00, 0x12, 0x00, 0x01, 0x00,
    0xea, 0x00, 0x00, 0x00, 0xd0, 0x04, 0x00, 0x01, 0x7f, 0x02, 0x00, 0x00,
    0x12, 0x00, 0x02, 0x00, 0xef, 0x00, 0x00, 0x00, 0x40, 0x00, 0x00, 0x01,
    0x1a, 0x00, 0x00, 0x00, 0x12, 0x00, 0x01, 0x00, 0xf9, 0x00, 0x00, 0x00,
    0xe0, 0x01, 0x00, 0x01, 0x18, 0x00, 0x00, 0x00, 0x12, 0x00, 0x01, 0x00,
    0x02, 0x01, 0x00, 0x00, 0xa0, 0x00, 0x00, 0x01, 0x1e, 0x00, 0x00, 0x00,
    0x12, 0x00, 0x01, 0x00, 0x0b, 0x01, 0x00, 0x00, 0x20, 0x03, 0x00, 0x01,
    0x18, 0x00, 0x00, 0x00, 0x12, 0x00, 0x01, 0x00, 0x19, 0x01, 0x00, 0x00,
    0x20, 0x01, 0x00, 0x01, 0x1a, 0x00, 0x00, 0x00, 0x12, 0x00, 0x01, 0x00,
    0x23, 0x01, 0x00, 0x00, 0xe0, 0x00, 0x00, 0x01, 0x1a, 0x00, 0x00, 0x00,
    0x12, 0x00, 0x01, 0x00, 0x2d, 0x01, 0x00, 0x00, 0x60, 0x03, 0x00, 0x01,
    0x22, 0x00, 0x00, 0x00, 0x12, 0x00, 0x01, 0x00, 0x39, 0x01, 0x00, 0x00,
    0x20, 0x02, 0x00, 0x01, 0x16, 0x00, 0x00, 0x00, 0x12, 0x00, 0x01, 0x00,
    0x3e, 0x01, 0x00, 0x00, 0x80, 0x01, 0x00, 0x01, 0x18, 0x00, 0x00, 0x00,
    0x12, 0x00, 0x01, 0x00, 0x4b, 0x01, 0x00, 0x00, 0xc0, 0x04, 0x00, 0x01,
    0x01, 0x00, 0x00, 0x00, 0x12, 0x00, 0x01, 0x00, 0x00, 0x6c, 0x69, 0x62,
    0x61, 0x6f, 0x73, 0x2e, 0x63, 0x00, 0x68, 0x65, 0x61, 0x70, 0x5f, 0x6e,
    0x65, 0x78, 0x74, 0x00, 0x63, 0x6c, 0x6f, 0x63, 0x6b, 0x2e, 0x63, 0x00,
    0x70, 0x75, 0x74, 0x63, 0x68, 0x61, 0x72, 0x00, 0x73, 0x65, 0x74, 0x5f,
    0x73, 0x74, 0x64, 0x6f, 0x75, 0x74, 0x00, 0x79, 0x69, 0x65, 0x6c, 0x64,
    0x00, 0x70, 0x72, 0x69, 0x6e, 0x74, 0x00, 0x66, 0x73, 0x5f, 0x67, 0x65,
    0x74, 0x5f, 0x73, 0x69, 0x7a, 0x65, 0x00, 0x67, 0x65, 0x74, 0x70, 0x69,
    0x64, 0x00, 0x67, 0x65, 0x74, 0x5f, 0x61, 0x72, 0x67, 0x73, 0x00, 0x6d,
    0x61, 0x6c, 0x6c, 0x6f, 0x63, 0x00, 0x73, 0x65, 0x6e, 0x64, 0x5f, 0x6d,
    0x73, 0x67, 0x00, 0x70, 0x72, 0x69, 0x6e, 0x74, 0x5f, 0x64, 0x65, 0x63,
    0x00, 0x72, 0x65, 0x67, 0x69, 0x73, 0x74, 0x65, 0x72, 0x5f, 0x65, 0x76,
    0x65, 0x6e, 0x74, 0x73, 0x00, 0x73, 0x70, 0x61, 0x77, 0x6e, 0x00, 0x66,
    0x73, 0x5f, 0x6c, 0x69, 0x73, 0x74, 0x5f, 0x67, 0x65, 0x74, 0x00, 0x66,
    0x69, 0x6c, 0x6c, 0x5f, 0x72, 0x65, 0x63, 0x74, 0x00, 0x67, 0x65, 0x74,
    0x5f, 0x74, 0x69, 0x63, 0x6b, 0x00, 0x72, 0x65, 0x62, 0x6f, 0x6f, 0x74,
    0x00, 0x5f, 0x73, 0x74, 0x61, 0x72, 0x74, 0x00, 0x66, 0x73, 0x5f, 0x72,
    0x65, 0x61, 0x64, 0x00, 0x72, 0x65, 0x63, 0x76, 0x5f, 0x6d, 0x73, 0x67,
    0x00, 0x70, 0x61, 0x6e, 0x69, 0x63, 0x00, 0x72, 0x65, 0x6e, 0x64, 0x65,
    0x72, 0x5f, 0x74, 0x65, 0x78, 0x74, 0x00, 0x72, 0x65, 0x61, 0x64, 0x5f,
    0x6b, 0x65, 0x79, 0x00, 0x67, 0x65, 0x74, 0x5f, 0x6d, 0x6f, 0x75, 0x73,
    0x65, 0x00, 0x6d, 0x61, 0x69, 0x6e, 0x00, 0x70, 0x72, 0x69, 0x6e, 0x74,
    0x5f, 0x68, 0x65, 0x78, 0x00, 0x73, 0x68, 0x75, 0x74, 0x64, 0x6f, 0x77,
    0x6e, 0x00, 0x66, 0x73, 0x5f, 0x77, 0x72, 0x69, 0x74, 0x65, 0x00, 0x67,
    0x65, 0x74, 0x5f, 0x65, 0x76, 0x65, 0x6e, 0x74, 0x5f, 0x70, 0x69, 0x64,
    0x00, 0x66, 0x73, 0x5f, 0x65, 0x78, 0x69, 0x73, 0x74, 0x73, 0x00, 0x66,
    0x73, 0x5f, 0x64, 0x65, 0x6c, 0x65, 0x74, 0x65, 0x00, 0x67, 0x65, 0x74,
    0x5f, 0x66, 0x62, 0x5f, 0x69, 0x6e, 0x66, 0x6f, 0x00, 0x65, 0x78, 0x69,
    0x74, 0x00, 0x63, 0x6c, 0x65, 0x61, 0x72, 0x5f, 0x73, 0x63, 0x72, 0x65,
    0x65, 0x6e, 0x00, 0x66, 0x72, 0x65, 0x65, 0x00, 0x00, 0x2e, 0x73, 0x79,
    0x6d, 0x74, 0x61, 0x62, 0x00, 0x2e, 0x73, 0x74, 0x72, 0x74, 0x61, 0x62,
    0x00, 0x2e, 0x73, 0x68, 0x73, 0x74, 0x72, 0x74, 0x61, 0x62, 0x00, 0x2e,
    0x74, 0x65, 0x78, 0x74, 0x00, 0x2e, 0x74, 0x65, 0x78, 0x74, 0x2e, 0x73,
    0x74, 0x61, 0x72, 0x74, 0x75, 0x70, 0x00, 0x2e, 0x65, 0x68, 0x5f, 0x66,
    0x72, 0x61, 0x6d, 0x65, 0x00, 0x2e, 0x64, 0x61, 0x74, 0x61, 0x00, 0x2e,
    0x63, 0x6f, 0x6d, 0x6d, 0x65, 0x6e, 0x74, 0x00, 0x00, 0x00, 0x00, 0x00,
    0x00, 0x00, 0x00, 0x00, 0x00, 0x00, 0x00, 0x00, 0x00, 0x00, 0x00, 0x00,
    0x00, 0x00, 0x00, 0x00, 0x00, 0x00, 0x00, 0x00, 0x00, 0x00, 0x00, 0x00,
    0x00, 0x00, 0x00, 0x00, 0x00, 0x00, 0x00, 0x00, 0x00, 0x00, 0x00, 0x00,
    0x1b, 0x00, 0x00, 0x00, 0x01, 0x00, 0x00, 0x00, 0x06, 0x00, 0x00, 0x00,
    0x00, 0x00, 0x00, 0x01, 0x80, 0x00, 0x00, 0x00, 0xc1, 0x04, 0x00, 0x00,
    0x00, 0x00, 0x00, 0x00, 0x00, 0x00, 0x00, 0x00, 0x10, 0x00, 0x00, 0x00,
    0x00, 0x00, 0x00, 0x00, 0x21, 0x00, 0x00, 0x00, 0x01, 0x00, 0x00, 0x00,
    0x06, 0x00, 0x00, 0x00, 0xd0, 0x04, 0x00, 0x01, 0x50, 0x05, 0x00, 0x00,
    0x7f, 0x02, 0x00, 0x00, 0x00, 0x00, 0x00, 0x00, 0x00, 0x00, 0x00, 0x00,
    0x10, 0x00, 0x00, 0x00, 0x00, 0x00, 0x00, 0x00, 0x2f, 0x00, 0x00, 0x00,
    0x01, 0x00, 0x00, 0x00, 0x02, 0x00, 0x00, 0x00, 0x50, 0x07, 0x00, 0x01,
    0xd0, 0x07, 0x00, 0x00, 0xcc, 0x05, 0x00, 0x00, 0x00, 0x00, 0x00, 0x00,
    0x00, 0x00, 0x00, 0x00, 0x04, 0x00, 0x00, 0x00, 0x00, 0x00, 0x00, 0x00,
    0x39, 0x00, 0x00, 0x00, 0x01, 0x00, 0x00, 0x00, 0x03, 0x00, 0x00, 0x00,
    0x1c, 0x0d, 0x00, 0x01, 0x9c, 0x0d, 0x00, 0x00, 0x04, 0x00, 0x00, 0x00,
    0x00, 0x00, 0x00, 0x00, 0x00, 0x00, 0x00, 0x00, 0x04, 0x00, 0x00, 0x00,
    0x00, 0x00, 0x00, 0x00, 0x3f, 0x00, 0x00, 0x00, 0x01, 0x00, 0x00, 0x00,
    0x30, 0x00, 0x00, 0x00, 0x00, 0x00, 0x00, 0x00, 0xa0, 0x0d, 0x00, 0x00,
    0x26, 0x00, 0x00, 0x00, 0x00, 0x00, 0x00, 0x00, 0x00, 0x00, 0x00, 0x00,
    0x01, 0x00, 0x00, 0x00, 0x01, 0x00, 0x00, 0x00, 0x01, 0x00, 0x00, 0x00,
    0x02, 0x00, 0x00, 0x00, 0x00, 0x00, 0x00, 0x00, 0x00, 0x00, 0x00, 0x00,
    0xc8, 0x0d, 0x00, 0x00, 0x60, 0x02, 0x00, 0x00, 0x07, 0x00, 0x00, 0x00,
    0x04, 0x00, 0x00, 0x00, 0x04, 0x00, 0x00, 0x00, 0x10, 0x00, 0x00, 0x00,
    0x09, 0x00, 0x00, 0x00, 0x03, 0x00, 0x00, 0x00, 0x00, 0x00, 0x00, 0x00,
    0x00, 0x00, 0x00, 0x00, 0x28, 0x10, 0x00, 0x00, 0x50, 0x01, 0x00, 0x00,
    0x00, 0x00, 0x00, 0x00, 0x00, 0x00, 0x00, 0x00, 0x01, 0x00, 0x00, 0x00,
    0x00, 0x00, 0x00, 0x00, 0x11, 0x00, 0x00, 0x00, 0x03, 0x00, 0x00, 0x00,
    0x00, 0x00, 0x00, 0x00, 0x00, 0x00, 0x00, 0x00, 0x78, 0x11, 0x00, 0x00,
    0x48, 0x00, 0x00, 0x00, 0x00, 0x00, 0x00, 0x00, 0x00, 0x00, 0x00, 0x00,
    0x01, 0x00, 0x00, 0x00, 0x00, 0x00, 0x00, 0x00,
};

static const unsigned char prog_ipctest_elf[] = {
    0x7f, 0x45, 0x4c, 0x46, 0x01, 0x01, 0x01, 0x00, 0x00, 0x00, 0x00, 0x00,
    0x00, 0x00, 0x00, 0x00, 0x02, 0x00, 0x03, 0x00, 0x01, 0x00, 0x00, 0x00,
    0x00, 0x00, 0x00, 0x01, 0x34, 0x00, 0x00, 0x00, 0xbc, 0x10, 0x00, 0x00,
    0x00, 0x00, 0x00, 0x00, 0x34, 0x00, 0x20, 0x00, 0x02, 0x00, 0x28, 0x00,
    0x0a, 0x00, 0x09, 0x00, 0x01, 0x00, 0x00, 0x00, 0x80, 0x00, 0x00, 0x00,
    0x00, 0x00, 0x00, 0x01, 0x00, 0x00, 0x00, 0x01, 0x08, 0x0c, 0x00, 0x00,
    0x08, 0x0c, 0x00, 0x00, 0x07, 0x00, 0x00, 0x00, 0x10, 0x00, 0x00, 0x00,
    0x51, 0xe5, 0x74, 0x64, 0x00, 0x00, 0x00, 0x00, 0x00, 0x00, 0x00, 0x00,
    0x00, 0x00, 0x00, 0x00, 0x00, 0x00, 0x00, 0x00, 0x00, 0x00, 0x00, 0x00,
    0x06, 0x00, 0x00, 0x00, 0x10, 0x00, 0x00, 0x00, 0x00, 0x00, 0x00, 0x00,
    0x00, 0x00, 0x00, 0x00, 0x00, 0x00, 0x00, 0x00, 0x57, 0x56, 0x53, 0x31,
    0xdb, 0x89, 0xde, 0x89, 0xdf, 0xe8, 0xc2, 0x04, 0x00, 0x00, 0xb8, 0x10,
    0x00, 0x00, 0x00, 0x89, 0xd9, 0x89, 0xda, 0xcd, 0x80, 0xeb, 0xfe, 0x2e,
    0x8d, 0x74, 0x26, 0x00, 0x31, 0xc0, 0x57, 0x89, 0xc1, 0x56, 0x89, 0xc2,
    0x89, 0xc6, 0x53, 0x89, 0xc7, 0x8b, 0x5c, 0x24, 0x10, 0xcd, 0x80, 0x5b,
    0x5e, 0x5f, 0xc3, 0x90, 0x2e, 0x8d, 0xb4, 0x26, 0x00, 0x00, 0x00, 0x00,
    0x31, 0xc9, 0x57, 0xb8, 0x01, 0x00, 0x00, 0x00, 0x56, 0x89, 0xca, 0x89,
    0xce, 0x89, 0xcf, 0x53, 0x8b, 0x5c, 0x24, 0x10, 0xcd, 0x80, 0x5b, 0x5e,
    0x5f, 0xc3, 0x8d, 0xb6, 0x00, 0x00, 0x00, 0x00, 0x31, 0xc9, 0x57, 0xb8,
    0x02, 0x00, 0x00, 0x00, 0x56, 0x89, 0xca, 0x89, 0xce, 0x89, 0xcf, 0x53,
    0x8b, 0x5c, 0x24, 0x10, 0xcd, 0x80, 0x5b, 0x5e, 0x5f, 0xc3, 0x8d, 0xb6,
    0x00, 0x00, 0x00, 0x00, 0x31, 0xc9, 0x57, 0xb8, 0x03, 0x00, 0x00, 0x00,
    0x56, 0x89, 0xca, 0x89, 0xce, 0x89, 0xcf, 0x53, 0x0f, 0xbe, 0x5c, 0x24,
    0x10, 0xcd, 0x80, 0x5b, 0x5e, 0x5f, 0xc3, 0x2e, 0x8d, 0x74, 0x26, 0x00,
    0x57, 0xb8, 0x04, 0x00, 0x00, 0x00, 0x56, 0x31, 0xf6, 0x53, 0x89, 0xf7,
    0x8b, 0x4c, 0x24, 0x14, 0x8b, 0x54, 0x24, 0x18, 0x8b, 0x5c, 0x24, 0x10,
    0xcd, 0x80, 0x5b, 0x5e, 0x5f, 0xc3, 0x66, 0x90, 0x57, 0xb8, 0x05, 0x00,
    0x00, 0x00, 0x56, 0x31, 0xf6, 0x53, 0x89, 0xf7, 0x8b, 0x4c, 0x24, 0x14,
    0x8b, 0x54, 0x24, 0x18, 0x8b, 0x5c, 0x24, 0x10, 0xcd, 0x80, 0x5b, 0x5e,
    0x5f, 0xc3, 0x66, 0x90, 0x31, 0xc9, 0x57, 0xb8, 0x06, 0x00, 0x00, 0x00,
    0x56, 0x89, 0xca, 0x89, 0xce, 0x89, 0xcf, 0x53, 0x8b, 0x5c, 0x24, 0x10,
    0xcd, 0x80, 0x5b, 0x5e, 0x5f, 0xc3, 0x8d, 0xb6, 0x00, 0x00, 0x00, 0x00,
    0x31, 0xc9, 0x57, 0xb8, 0x07, 0x00, 0x00, 0x00, 0x56, 0x89, 0xca, 0x89,
    0xce, 0x89, 0xcf, 0x53, 0x8b, 0x5c, 0x24, 0x10, 0xcd, 0x80, 0x5b, 0x5e,
    0x5f, 0xc3, 0x8d, 0xb6, 0x00, 0x00, 0x00, 0x00, 0x31, 0xc9, 0x57, 0xb8,
    0x08, 0x00, 0x00, 0x00, 0x56, 0x89, 0xca, 0x89, 0xce, 0x89, 0xcf, 0x53,
    0x8b, 0x5c, 0x24, 0x10, 0xcd, 0x80, 0x5b, 0x5e, 0x5f, 0xc3, 0x8d, 0xb6,
    0x00, 0x00, 0x00, 0x00, 0x57, 0xb8, 0x09, 0x00, 0x00, 0x00, 0x56, 0x31,
    0xf6, 0x53, 0x89, 0xf7, 0x8b, 0x4c, 0x24, 0x14, 0x8b, 0x54, 0x24, 0x18,
    0x8b, 0x5c, 0x24, 0x10, 0xcd, 0x80, 0x5b, 0x5e, 0x5f, 0xc3, 0x66, 0x90,
    0x57, 0xb8, 0x0a, 0x00, 0x00, 0x00, 0x56, 0x53, 0x31, 0xdb, 0x89, 0xd9,
    0x89, 0xda, 0x89, 0xde, 0x89, 0xdf, 0xcd, 0x80, 0x5b, 0x5e, 0x5f, 0xc3,
    0x2e, 0x8d, 0xb4, 0x26, 0x00, 0x00, 0x00, 0x00, 0x57, 0xb8, 0x0b, 0x00,
    0x00, 0x00, 0x56, 0x53, 0x31, 0xdb, 0x89, 0xd9, 0x89, 0xda, 0x89, 0xde,
    0x89, 0xdf, 0xcd, 0x80, 0x5b, 0x5e, 0x5f, 0xc3, 0x2e, 0x8d, 0xb4, 0x26,
    0x00, 0x00, 0x00, 0x00, 0x57, 0xb8, 0x0c, 0x00, 0x00, 0x00, 0x56, 0x53,
    0x31, 0xdb, 0x89, 0xd9, 0x89, 0xda, 0x89, 0xde, 0x89, 0xdf, 0xcd, 0x80,
    0x5b, 0x5e, 0x5f, 0xc3, 0x2e, 0x8d, 0xb4, 0x26, 0x00, 0x00, 0x00, 0x00,
    0x57, 0xb8, 0x0d, 0x00, 0x00, 0x00, 0x56, 0x53, 0x31, 0xdb, 0x89, 0xd9,
    0x89, 0xda, 0x89, 0xde, 0x89, 0xdf, 0xcd, 0x80, 0x5b, 0x5e, 0x5f, 0xc3,
    0x2e, 0x8d, 0xb4, 0x26, 0x00, 0x00, 0x00, 0x00, 0x57, 0xb8, 0x0e, 0x00,
    0x00, 0x00, 0x56, 0x53, 0x31, 0xdb, 0x89, 0xd9, 0x89, 0xda, 0x89, 0xde,
    0x89, 0xdf, 0xcd, 0x80, 0x5b, 0x5e, 0x5f, 0xc3, 0x2e, 0x8d, 0xb4, 0x26,
    0x00, 0x00, 0x00, 0x00, 0x31, 0xd2, 0x57, 0xb8, 0x0f, 0x00, 0x00, 0x00,
    0x56, 0x89, 0xd7, 0x89, 0xd6, 0x53, 0x8b, 0x4c, 0x24, 0x14, 0x8b, 0x5c,
    0x24, 0x10, 0xcd, 0x80, 0x5b, 0x5e, 0x5f, 0xc3, 0x8d, 0x74, 0x26, 0x00,
    0x57, 0xb8, 0x10, 0x00, 0x00, 0x00, 0x56, 0x53, 0x31, 0xdb, 0x89, 0xd9,
    0x89, 0xda, 0x89, 0xde, 0x89, 0xdf, 0xcd, 0x80, 0xeb, 0xfe, 0x66, 0x90,
    0x2e, 0x8d, 0xb4, 0x26, 0x00, 0x00, 0x00, 0x00, 0x55, 0xb8, 0x11, 0x00,
    0x00, 0x00, 0x57, 0x56, 0x53, 0x31, 0xdb, 0x89, 0xd9, 0x89, 0xda, 0x89,
    0xde, 0x89, 0xdf, 0xcd, 0x80, 0x85, 0xc0, 0x79, 0x20, 0xbd, 0x12, 0x00,
    0x00, 0x00, 0x66, 0x90, 0x31, 0xdb, 0x89, 0xe8, 0x89, 0xd9, 0x89, 0xda,
    0x89, 0xde, 0x89, 0xdf, 0xcd, 0x80, 0xb8, 0x11, 0x00, 0x00, 0x00, 0xcd,
    0x80, 0x85, 0xc0, 0x78, 0xe7, 0x5b, 0x5e, 0x5f, 0x5d, 0xc3, 0x66, 0x90,
    0x57, 0xb8, 0x12, 0x00, 0x00, 0x00, 0x56, 0x53, 0x31, 0xdb, 0x89, 0xd9,
    0x89, 0xda, 0x89, 0xde, 0x89, 0xdf, 0xcd, 0x80, 0x5b, 0x5e, 0x5f, 0xc3,
    0x2e, 0x8d, 0xb4, 0x26, 0x00, 0x00, 0x00, 0x00, 0x57, 0xb8, 0x13, 0x00,
    0x00, 0x00, 0x56, 0x53, 0x31, 0xdb, 0x89, 0xd9, 0x89, 0xda, 0x89, 0xde,
    0x89, 0xdf, 0xcd, 0x80, 0x5b, 0x5e, 0x5f, 0xc3, 0x2e, 0x8d, 0xb4, 0x26,
    0x00, 0x00, 0x00, 0x00, 0x31, 0xd2, 0x57, 0xb8, 0x14, 0x00, 0x00, 0x00,
    0x56, 0x89, 0xd7, 0x89, 0xd6, 0x53, 0x8b, 0x4c, 0x24, 0x14, 0x8b, 0x5c,
    0x24, 0x10, 0xcd, 0x80, 0x5b, 0x5e, 0x5f, 0xc3, 0x8d, 0x74, 0x26, 0x00,
    0x31, 0xc9, 0x57, 0xb8, 0x15, 0x00, 0x00, 0x00, 0x56, 0x89, 0xca, 0x89,
    0xce, 0x89, 0xcf, 0x53, 0x8b, 0x5c, 0x24, 0x10, 0xcd, 0x80, 0x5b, 0x5e,
    0x5f, 0xc3, 0x8d, 0xb6, 0x00, 0x00, 0x00, 0x00, 0x57, 0xb8, 0x16, 0x00,
    0x00, 0x00, 0x56, 0x53, 0x31, 0xdb, 0x89, 0xd9, 0x89, 0xda, 0x89, 0xde,
    0x89, 0xdf, 0xcd, 0x80, 0x5b, 0x5e, 0x5f, 0xc3, 0x2e, 0x8d, 0xb4, 0x26,
    0x00, 0x00, 0x00, 0x00, 0x57, 0xb8, 0x1d, 0x00, 0x00, 0x00, 0x56, 0x53,
    0x31, 0xdb, 0x89, 0xd9, 0x89, 0xda, 0x89, 0xde, 0x89, 0xdf, 0xcd, 0x80,
    0x5b, 0x5e, 0x5f, 0xc3, 0x2e, 0x8d, 0xb4, 0x26, 0x00, 0x00, 0x00, 0x00,
    0x57, 0xb8, 0x17, 0x00, 0x00, 0x00, 0x31, 0xff, 0x56, 0x53, 0x8b, 0x4c,
    0x24, 0x14, 0x8b, 0x54, 0x24, 0x18, 0x8b, 0x5c, 0x24, 0x10, 0x8b, 0x74,
    0x24, 0x1c, 0xcd, 0x80, 0x5b, 0x5e, 0x5f, 0xc3, 0x57, 0xb8, 0x18, 0x00,
    0x00, 0x00, 0x56, 0x53, 0x8b, 0x4c, 0x24, 0x14, 0x8b, 0x54, 0x24, 0x18,
    0x8b, 0x5c, 0x24, 0x10, 0x8b, 0x74, 0x24, 0x1c, 0x8b, 0x7c, 0x24, 0x20,
    0xcd, 0x80, 0x5b, 0x5e, 0x5f, 0xc3, 0x8d, 0xb6, 0x00, 0x00, 0x00, 0x00,
    0x2e, 0x8d, 0xb4, 0x26, 0x00, 0x00, 0x00, 0x00, 0x57, 0x31, 0xc9, 0x56,
    0x89, 0xca, 0x89, 0xce, 0x89, 0xcf, 0x53, 0x83, 0xec, 0x20, 0x8b, 0x44,
    0x24, 0x30, 0x8d, 0x5c, 0x24, 0x04, 0x89, 0x44, 0x24, 0x04, 0x8b, 0x44,
    0x24, 0x34, 0x89, 0x44, 0x24, 0x08, 0x8b, 0x44, 0x24, 0x38, 0x89, 0x44,
    0x24, 0x0c, 0x8b, 0x44, 0x24, 0x3c, 0x89, 0x44, 0x24, 0x10, 0x8b, 0x44,
    0x24, 0x40, 0x89, 0x44, 0x24, 0x14, 0x8b, 0x44, 0x24, 0x44, 0x89, 0x44,
    0x24, 0x18, 0x8b, 0x44, 0x24, 0x48, 0x89, 0x44, 0x24, 0x1c, 0xb8, 0x19,
    0x00, 0x00, 0x00, 0xcd, 0x80, 0x83, 0xc4, 0x20, 0x5b, 0x5e, 0x5f, 0xc3,
    0x2e, 0x8d, 0xb4, 0x26, 0x00, 0x00, 0x00, 0x00, 0x57, 0x31, 0xc9, 0x56,
    0x89, 0xca, 0x89, 0xce, 0x89, 0xcf, 0x53, 0x83, 0xec, 0x20, 0x8b, 0x44,
    0x24, 0x30, 0x8d, 0x5c, 0x24, 0x04, 0x89, 0x44, 0x24, 0x04, 0x8b, 0x44,
    0x24, 0x34, 0x89, 0x44, 0x24, 0x08, 0x8b, 0x44, 0x24, 0x38, 0x89, 0x44,
    0x24, 0x0c, 0x8b, 0x44, 0x24, 0x3c, 0x89, 0x44, 0x24, 0x10, 0x8b, 0x44,
    0x24, 0x40, 0x89, 0x44, 0x24, 0x14, 0x8b, 0x44, 0x24, 0x44, 0x89, 0x44,
    0x24, 0x18, 0x8b, 0x44, 0x24, 0x48, 0x89, 0x44, 0x24, 0x1c, 0xb8, 0x1a,
    0x00, 0x00, 0x00, 0xcd, 0x80, 0x83, 0xc4, 0x20, 0x5b, 0x5e, 0x5f, 0xc3,
    0x2e, 0x8d, 0xb4, 0x26, 0x00, 0x00, 0x00, 0x00, 0x31, 0xc9, 0x57, 0xb8,
    0x1b, 0x00, 0x00, 0x00, 0x56, 0x89, 0xca, 0x89, 0xce, 0x89, 0xcf, 0x53,
    0x8b, 0x5c, 0x24, 0x10, 0xcd, 0x80, 0x5b, 0x5e, 0x5f, 0xc3, 0x8d, 0xb6,
    0x00, 0x00, 0x00, 0x00, 0x57, 0xb8, 0x1c, 0x00, 0x00, 0x00, 0x56, 0x31,
    0xf6, 0x53, 0x89, 0xf7, 0x8b, 0x4c, 0x24, 0x14, 0x8b, 0x54, 0x24, 0x18,
    0x8b, 0x5c, 0x24, 0x10, 0xcd, 0x80, 0x5b, 0x5e, 0x5f, 0xc3, 0x66, 0x90,
    0x8b, 0x44, 0x24, 0x04, 0x8b, 0x15, 0x04, 0x0c, 0x00, 0x01, 0x83, 0xc0,
    0x0f, 0x83, 0xe0, 0xf0, 0x01, 0xd0, 0x3d, 0x00, 0x00, 0x80, 0x01, 0x77,
    0x0f, 0xa3, 0x04, 0x0c, 0x00, 0x01, 0x89, 0xd0, 0xc3, 0x8d, 0xb4, 0x26,
    0x00, 0x00, 0x00, 0x00, 0x31, 0xd2, 0x89, 0xd0, 0xc3, 0x8d, 0x76, 0x00,
    0xc3, 0x00, 0x00, 0x00, 0x00, 0x00, 0x00, 0x00, 0x00, 0x00, 0x00, 0x00,
    0x00, 0x00, 0x00, 0x00, 0x8d, 0x4c, 0x24, 0x04, 0x83, 0xe4, 0xf0, 0xff,
    0x71, 0xfc, 0x55, 0x89, 0xe5, 0x57, 0x56, 0x53, 0x51, 0x83, 0xec, 0x28,
    0xe8, 0x77, 0xfc, 0xff, 0xff, 0x89, 0xc3, 0xe8, 0xb0, 0xfd, 0xff, 0xff,
    0x83, 0xec, 0x04, 0x50, 0x68, 0xd8, 0x0b, 0x00, 0x01, 0x68, 0xdc, 0x0b,
    0x00, 0x01, 0xe8, 0x6d, 0xff, 0xff, 0xff, 0x83, 0xc4, 0x10, 0x89, 0xc7,
    0x85, 0xc0, 0x0f, 0x88, 0xce, 0x00, 0x00, 0x00, 0x8d, 0x75, 0xd4, 0xeb,
    0x08, 0x8d, 0x76, 0x00, 0xe8, 0x63, 0xfd, 0xff, 0xff, 0xe8, 0x3e, 0xfc,
    0xff, 0xff, 0x29, 0xd8, 0x3d, 0xe7, 0x03, 0x00, 0x00, 0x0f, 0x8f, 0x95,
    0x00, 0x00, 0x00, 0x83, 0xec, 0x0c, 0x56, 0xe8, 0xa8, 0xfd, 0xff, 0xff,
    0x83, 0xc4, 0x10, 0x85, 0xc0, 0x75, 0xd9, 0x83, 0x7d, 0xd4, 0x06, 0x75,
    0xd3, 0x39, 0x7d, 0xd8, 0x75, 0xce, 0xe8, 0x11, 0xfc, 0xff, 0xff, 0x8d,
    0x75, 0xd4, 0x89, 0xc3, 0xeb, 0x0f, 0x66, 0x90, 0x2e, 0x8d, 0xb4, 0x26,
    0x00, 0x00, 0x00, 0x00, 0xe8, 0x1b, 0xfd, 0xff, 0xff, 0xe8, 0xf6, 0xfb,
    0xff, 0xff, 0x29, 0xd8, 0x83, 0xf8, 0x63, 0x7f, 0x37, 0x83, 0xec, 0x0c,
    0x56, 0xe8, 0x66, 0xfd, 0xff, 0xff, 0x83, 0xc4, 0x10, 0x85, 0xc0, 0x75,
    0xdf, 0x83, 0x7d, 0xd4, 0x06, 0x75, 0xd9, 0x39, 0x7d, 0xd8, 0x75, 0xd4,
    0x83, 0xec, 0x0c, 0x68, 0xe5, 0x0b, 0x00, 0x01, 0xe8, 0x87, 0xfa, 0xff,
    0xff, 0xe8, 0x22, 0xfc, 0xff, 0xff, 0x83, 0xc4, 0x10, 0xeb, 0xbd, 0x2e,
    0x8d, 0x74, 0x26, 0x00, 0x83, 0xec, 0x0c, 0x68, 0xf4, 0x0b, 0x00, 0x01,
    0xe8, 0x6b, 0xfa, 0xff, 0xff, 0x83, 0xc4, 0x10, 0x8d, 0x65, 0xf0, 0x59,
    0x5b, 0x5e, 0x5f, 0x5d, 0x8d, 0x61, 0xfc, 0xc3, 0x83, 0xec, 0x0c, 0x68,
    0xe5, 0x0b, 0x00, 0x01, 0xe8, 0x4f, 0xfa, 0xff, 0xff, 0xe8, 0xea, 0xfb,
    0xff, 0xff, 0x83, 0xc4, 0x10, 0xe9, 0x6c, 0xff, 0xff, 0xff, 0x83, 0xec,
    0x0c, 0x68, 0xe5, 0x0b, 0x00, 0x01, 0xe8, 0x35, 0xfa, 0xff, 0xff, 0xe8,
    0xd0, 0xfb, 0xff, 0xff, 0x83, 0xc4, 0x10, 0xe9, 0x18, 0xff, 0xff, 0xff,
    0x14, 0x00, 0x00, 0x00, 0x00, 0x00, 0x00, 0x00, 0x01, 0x7a, 0x52, 0x00,
    0x01, 0x7c, 0x08, 0x01, 0x1b, 0x0c, 0x04, 0x04, 0x88, 0x01, 0x00, 0x00,
    0x1c, 0x00, 0x00, 0x00, 0x1c, 0x00, 0x00, 0x00, 0xe8, 0xf9, 0xff, 0xff,
    0x1b, 0x00, 0x00, 0x00, 0x00, 0x41, 0x0e, 0x08, 0x87, 0x02, 0x41, 0x0e,
    0x0c, 0x86, 0x03, 0x41, 0x0e, 0x10, 0x83, 0x04, 0x28, 0x00, 0x00, 0x00,
    0x3c, 0x00, 0x00, 0x00, 0xe8, 0xf9, 0xff, 0xff, 0x17, 0x00, 0x00, 0x00,
    0x00, 0x43, 0x0e, 0x08, 0x87, 0x02, 0x43, 0x0e, 0x0c, 0x86, 0x03, 0x45,
    0x0e, 0x10, 0x83, 0x04, 0x49, 0xc3, 0x0e, 0x0c, 0x41, 0xc6, 0x0e, 0x08,
    0x41, 0xc7, 0x0e, 0x04, 0x28, 0x00, 0x00, 0x00, 0x68, 0x00, 0x00, 0x00,
    0xdc, 0xf9, 0xff, 0xff, 0x1a, 0x00, 0x00, 0x00, 0x00, 0x43, 0x0e, 0x08,
    0x87, 0x02, 0x46, 0x0e, 0x0c, 0x86, 0x03, 0x47, 0x0e, 0x10, 0x83, 0x04,
    0x47, 0xc3, 0x0e, 0x0c, 0x41, 0xc6, 0x0e, 0x08, 0x41, 0xc7, 0x0e, 0x04,
    0x28, 0x00, 0x00, 0x00, 0x94, 0x00, 0x00, 0x00, 0xd0, 0xf9, 0xff, 0xff,
    0x1a, 0x00, 0x00, 0x00, 0x00, 0x43, 0x0e, 0x08, 0x87, 0x02, 0x46, 0x0e,
    0x0c, 0x86, 0x03, 0x47, 0x0e, 0x10, 0x83, 0x04, 0x47, 0xc3, 0x0e, 0x0c,
    0x41, 0xc6, 0x0e, 0x08, 0x41, 0xc7, 0x0e, 0x04, 0x28, 0x00, 0x00, 0x00,
    0xc0, 0x00, 0x00, 0x00, 0xc4, 0xf9, 0xff, 0xff, 0x1b, 0x00, 0x00, 0x00,
    0x00, 0x43, 0x0e, 0x08, 0x87, 0x02, 0x46, 0x0e, 0x0c, 0x86, 0x03, 0x47,
    0x0e, 0x10, 0x83, 0x04, 0x48, 0xc3, 0x0e, 0x0c, 0x41, 0xc6, 0x0e, 0x08,
    0x41, 0xc7, 0x0e, 0x04, 0x28, 0x00, 0x00, 0x00, 0xec, 0x00, 0x00, 0x00,
    0xb8, 0xf9, 0xff, 0xff, 0x1e, 0x00, 0x00, 0x00, 0x00, 0x41, 0x0e, 0x08,
    0x87, 0x02, 0x46, 0x0e, 0x0c, 0x86, 0x03, 0x43, 0x0e, 0x10, 0x83, 0x04,
    0x51, 0xc3, 0x0e, 0x0c, 0x41, 0xc6, 0x0e, 0x08, 0x41, 0xc7, 0x0e, 0x04,
    0x28, 0x00, 0x00, 0x00, 0x18, 0x01, 0x00, 0x00, 0xac, 0xf9, 0xff, 0xff,
    0x1e, 0x00, 0x00, 0x00, 0x00, 0x41, 0x0e, 0x08, 0x87, 0x02, 0x46, 0x0e,
    0x0c, 0x86, 0x03, 0x43, 0x0e, 0x10, 0x83, 0x04, 0x51, 0xc3, 0x0e, 0x0c,
    0x41, 0xc6, 0x0e, 0x08, 0x41, 0xc7, 0x0e, 0x04, 0x28, 0x00, 0x00, 0x00,
    0x44, 0x01, 0x00, 0x00, 0xa0, 0xf9, 0xff, 0xff, 0x1a, 0x00, 0x00, 0x00,
    0x00, 0x43, 0x0e, 0x08, 0x87, 0x02, 0x46, 0x0e, 0x0c, 0x86, 0x03, 0x47,
    0x0e, 0x10, 0x83, 0x04, 0x47, 0xc3, 0x0e, 0x0c, 0x41, 0xc6, 0x0e, 0x08,
    0x41, 0xc7, 0x0e, 0x04, 0x28, 0x00, 0x00, 0x00, 0x70, 0x01, 0x00, 0x00,
    0x94, 0xf9, 0xff, 0xff, 0x1a, 0x00, 0x00, 0x00, 0x00, 0x43, 0x0e, 0x08,
    0x87, 0x02, 0x46, 0x0e, 0x0c, 0x86, 0x03, 0x47, 0x0e, 0x10, 0x83, 0x04,
    0x47, 0xc3, 0x0e, 0x0c, 0x41, 0xc6, 0x0e, 0x08, 0x41, 0xc7, 0x0e, 0x04,
    0x28, 0x00, 0x00, 0x00, 0x9c, 0x01, 0x00, 0x00, 0x88, 0xf9, 0xff, 0xff,
    0x1a, 0x00, 0x00, 0x00, 0x00, 0x43, 0x0e, 0x08, 0x87, 0x02, 0x46, 0x0e,
    0x0c, 0x86, 0x03, 0x47, 0x0e, 0x10, 0x83, 0x04, 0x47, 0xc3, 0x0e, 0x0c,
    0x41, 0xc6, 0x0e, 0x08, 0x41, 0xc7, 0x0e, 0x04, 0x28, 0x00, 0x00, 0x00,
    0xc8, 0x01, 0x00, 0x00, 0x7c, 0xf9, 0xff, 0xff, 0x1e, 0x00, 0x00, 0x00,
    0x00, 0x41, 0x0e, 0x08, 0x87, 0x02, 0x46, 0x0e, 0x0c, 0x86, 0x03, 0x43,
    0x0e, 0x10, 0x83, 0x04, 0x51, 0xc3, 0x0e, 0x0c, 0x41, 0xc6, 0x0e, 0x08,
    0x41, 0xc7, 0x0e, 0x04, 0x28, 0x00, 0x00, 0x00, 0xf4, 0x01, 0x00, 0x00,
    0x70, 0xf9, 0xff, 0xff, 0x18, 0x00, 0x00, 0x00, 0x00, 0x41, 0x0e, 0x08,
    0x87, 0x02, 0x46, 0x0e, 0x0c, 0x86, 0x03, 0x41, 0x0e, 0x10, 0x83, 0x04,
    0x4d, 0xc3, 0x0e, 0x0c, 0x41, 0xc6, 0x0e, 0x08, 0x41, 0xc7, 0x0e, 0x04,
    0x28, 0x00, 0x00, 0x00, 0x20, 0x02, 0x00, 0x00, 0x64, 0xf9, 0xff, 0xff,
    0x18, 0x00, 0x00, 0x00, 0x00, 0x41, 0x0e, 0x08, 0x87, 0x02, 0x46, 0x0e,
    0x0c, 0x86, 0x03, 0x41, 0x0e, 0x10, 0x83, 0x04, 0x4d, 0xc3, 0x0e, 0x0c,
    0x41, 0xc6, 0x0e, 0x08, 0x41, 0xc7, 0x0e, 0x04, 0x28, 0x00, 0x00, 0x00,
    0x4c, 0x02, 0x00, 0x00, 0x58, 0xf9, 0xff, 0xff, 0x18, 0x00, 0x00, 0x00,
    0x00, 0x41, 0x0e, 0x08, 0x87, 0x02, 0x46, 0x0e, 0x0c, 0x86, 0x03, 0x41,
    0x0e, 0x10, 0x83, 0x04, 0x4d, 0xc3, 0x0e, 0x0c, 0x41, 0xc6, 0x0e, 0x08,
    0x41, 0xc7, 0x0e, 0x04, 0x28, 0x00, 0x00, 0x00, 0x78, 0x02, 0x00, 0x00,
    0x4c, 0xf9, 0xff, 0xff, 0x18, 0x00, 0x00, 0x00, 0x00, 0x41, 0x0e, 0x08,
    0x87, 0x02, 0x46, 0x0e, 0x0c, 0x86, 0x03, 0x41, 0x0e, 0x10, 0x83, 0x04,
    0x4d, 0xc3, 0x0e, 0x0c, 0x41, 0xc6, 0x0e, 0x08, 0x41, 0xc7, 0x0e, 0x04,
    0x28, 0x00, 0x00, 0x00, 0xa4, 0x02, 0x00, 0x00, 0x40, 0xf9, 0xff, 0xff,
    0x18, 0x00, 0x00, 0x00, 0x00, 0x41, 0x0e, 0x08, 0x87, 0x02, 0x46, 0x0e,
    0x0c, 0x86, 0x03, 0x41, 0x0e, 0x10, 0x83, 0x04, 0x4d, 0xc3, 0x0e, 0x0c,
    0x41, 0xc6, 0x0e, 0x08, 0x41, 0xc7, 0x0e, 0x04, 0x28, 0x00, 0x00, 0x00,
    0xd0, 0x02, 0x00, 0x00, 0x34, 0xf9, 0xff, 0xff, 0x1c, 0x00, 0x00, 0x00,
    0x00, 0x43, 0x0e, 0x08, 0x87, 0x02, 0x46, 0x0e, 0x0c, 0x86, 0x03, 0x45,
    0x0e, 0x10, 0x83, 0x04, 0x4b, 0xc3, 0x0e, 0x0c, 0x41, 0xc6, 0x0e, 0x08,
    0x41, 0xc7, 0x0e, 0x04, 0x1c, 0x00, 0x00, 0x00, 0xfc, 0x02, 0x00, 0x00,
    0x28, 0xf9, 0xff, 0xff, 0x16, 0x00, 0x00, 0x00, 0x00, 0x41, 0x0e, 0x08,
    0x87, 0x02, 0x46, 0x0e, 0x0c, 0x86, 0x03, 0x41, 0x0e, 0x10, 0x83, 0x04,
    0x34, 0x00, 0x00, 0x00, 0x1c, 0x03, 0x00, 0x00, 0x28, 0xf9, 0xff, 0xff,
    0x3e, 0x00, 0x00, 0x00, 0x00, 0x41, 0x0e, 0x08, 0x85, 0x02, 0x46, 0x0e,
    0x0c, 0x87, 0x03, 0x41, 0x0e, 0x10, 0x86, 0x04, 0x41, 0x0e, 0x14, 0x83,
    0x05, 0x71, 0xc3, 0x0e, 0x10, 0x41, 0xc6, 0x0e, 0x0c, 0x41, 0xc7, 0x0e,
    0x08, 0x41, 0xc5, 0x0e, 0x04, 0x00, 0x00, 0x00, 0x28, 0x00, 0x00, 0x00,
    0x54, 0x03, 0x00, 0x00, 0x30, 0xf9, 0xff, 0xff, 0x18, 0x00, 0x00, 0x00,
    0x00, 0x41, 0x0e, 0x08, 0x87, 0x02, 0x46, 0x0e, 0x0c, 0x86, 0x03, 0x41,
    0x0e, 0x10, 0x83, 0x04, 0x4d, 0xc3, 0x0e, 0x0c, 0x41, 0xc6, 0x0e, 0x08,
    0x41, 0xc7, 0x0e, 0x04, 0x28, 0x00, 0x00, 0x00, 0x80, 0x03, 0x00, 0x00,
    0x24, 0xf9, 0xff, 0xff, 0x18, 0x00, 0x00, 0x00, 0x00, 0x41, 0x0e, 0x08,
    0x87, 0x02, 0x46, 0x0e, 0x0c, 0x86, 0x03, 0x41, 0x0e, 0x10, 0x83, 0x04,
    0x4d, 0xc3, 0x0e, 0x0c, 0x41, 0xc6, 0x0e, 0x08, 0x41, 0xc7, 0x0e, 0x04,
    0x28, 0x00, 0x00, 0x00, 0xac, 0x03, 0x00, 0x00, 0x18, 0xf9, 0xff, 0xff,
    0x1c, 0x00, 0x00, 0x00, 0x00, 0x43, 0x0e, 0x08, 0x87, 0x02, 0x46, 0x0e,
    0x0c, 0x86, 0x03, 0x45, 0x0e, 0x10, 0x83, 0x04, 0x4b, 0xc3, 0x0e, 0x0c,
    0x41, 0xc6, 0x0e, 0x08, 0x41, 0xc7, 0x0e, 0x04, 0x28, 0x00, 0x00, 0x00,
    0xd8, 0x03, 0x00, 0x00, 0x0c, 0xf9, 0xff, 0xff, 0x1a, 0x00, 0x00, 0x00,
    0x00, 0x43, 0x0e, 0x08, 0x87, 0x02, 0x46, 0x0e, 0x0c, 0x86, 0x03, 0x47,
    0x0e, 0x10, 0x83, 0x04, 0x47, 0xc3, 0x0e, 0x0c, 0x41, 0xc6, 0x0e, 0x08,
    0x41, 0xc7, 0x0e, 0x04, 0x28, 0x00, 0x00, 0x00, 0x04, 0x04, 0x00, 0x00,
    0x00, 0xf9, 0xff, 0xff, 0x18, 0x00, 0x00, 0x00, 0x00, 0x41, 0x0e, 0x08,
    0x87, 0x02, 0x46, 0x0e, 0x0c, 0x86, 0x03, 0x41, 0x0e, 0x10, 0x83, 0x04,
    0x4d, 0xc3, 0x0e, 0x0c, 0x41, 0xc6, 0x0e, 0x08, 0x41, 0xc7, 0x0e, 0x04,
    0x28, 0x00, 0x00, 0x00, 0x30, 0x04, 0x00, 0x00, 0xf4, 0xf8, 0xff, 0xff,
    0x18, 0x00, 0x00, 0x00, 0x00, 0x41, 0x0e, 0x08, 0x87, 0x02, 0x46, 0x0e,
    0x0c, 0x86, 0x03, 0x41, 0x0e, 0x10, 0x83, 0x04, 0x4d, 0xc3, 0x0e, 0x0c,
    0x41, 0xc6, 0x0e, 0x08, 0x41, 0xc7, 0x0e, 0x04, 0x28, 0x00, 0x00, 0x00,
    0x5c, 0x04, 0x00, 0x00, 0xe8, 0xf8, 0xff, 0xff, 0x20, 0x00, 0x00, 0x00,
    0x00, 0x41, 0x0e, 0x08, 0x87, 0x02, 0x48, 0x0e, 0x0c, 0x86, 0x03, 0x41,
    0x0e, 0x10, 0x83, 0x04, 0x53, 0xc3, 0x0e, 0x0c, 0x41, 0xc6, 0x0e, 0x08,
    0x41, 0xc7, 0x0e, 0x04, 0x28, 0x00, 0x00, 0x00, 0x88, 0x04, 0x00, 0x00,
    0xdc, 0xf8, 0xff, 0xff, 0x22, 0x00, 0x00, 0x00, 0x00, 0x41, 0x0e, 0x08,
    0x87, 0x02, 0x46, 0x0e, 0x0c, 0x86, 0x03, 0x41, 0x0e, 0x10, 0x83, 0x04,
    0x57, 0xc3, 0x0e, 0x0c, 0x41, 0xc6, 0x0e, 0x08, 0x41, 0xc7, 0x0e, 0x04,
    0x30, 0x00, 0x00, 0x00, 0xb4, 0x04, 0x00, 0x00, 0xe0, 0xf8, 0xff, 0xff,
    0x58, 0x00, 0x00, 0x00, 0x00, 0x41, 0x0e, 0x08, 0x87, 0x02, 0x43, 0x0e,
    0x0c, 0x86, 0x03, 0x47, 0x0e, 0x10, 0x83, 0x04, 0x43, 0x0e, 0x30, 0x02,
    0x46, 0x0e, 0x10, 0x41, 0xc3, 0x0e, 0x0c, 0x41, 0xc6, 0x0e, 0x08, 0x41,
    0xc7, 0x0e, 0x04, 0x00, 0x30, 0x00, 0x00, 0x00, 0xe8, 0x04, 0x00, 0x00,
    0x0c, 0xf9, 0xff, 0xff, 0x58, 0x00, 0x00, 0x00, 0x00, 0x41, 0x0e, 0x08,
    0x87, 0x02, 0x43, 0x0e, 0x0c, 0x86, 0x03, 0x47, 0x0e, 0x10, 0x83, 0x04,
    0x43, 0x0e, 0x30, 0x02, 0x46, 0x0e, 0x10, 0x41, 0xc3, 0x0e, 0x0c, 0x41,
    0xc6, 0x0e, 0x08, 0x41, 0xc7, 0x0e, 0x04, 0x00, 0x28, 0x00, 0x00, 0x00,
    0x1c, 0x05, 0x00, 0x00, 0x38, 0xf9, 0xff, 0xff, 0x1a, 0x00, 0x00, 0x00,
    0x00, 0x43, 0x0e, 0x08, 0x87, 0x02, 0x46, 0x0e, 0x0c, 0x86, 0x03, 0x47,
    0x0e, 0x10, 0x83, 0x04, 0x47, 0xc3, 0x0e, 0x0c, 0x41, 0xc6, 0x0e, 0x08,
    0x41, 0xc7, 0x0e, 0x04, 0x28, 0x00, 0x00, 0x00, 0x48, 0x05, 0x00, 0x00,
    0x2c, 0xf9, 0xff, 0xff, 0x1e, 0x00, 0x00, 0x00, 0x00, 0x41, 0x0e, 0x08,
    0x87, 0x02, 0x46, 0x0e, 0x0c, 0x86, 0x03, 0x43, 0x0e, 0x10, 0x83, 0x04,
    0x51, 0xc3, 0x0e, 0x0c, 0x41, 0xc6, 0x0e, 0x08, 0x41, 0xc7, 0x0e, 0x04,
    0x10, 0x00, 0x00, 0x00, 0x74, 0x05, 0x00, 0x00, 0x20, 0xf9, 0xff, 0xff,
    0x2d, 0x00, 0x00, 0x00, 0x00, 0x00, 0x00, 0x00, 0x10, 0x00, 0x00, 0x00,
    0x88, 0x05, 0x00, 0x00, 0x3c, 0xf9, 0xff, 0xff, 0x01, 0x00, 0x00, 0x00,
    0x00, 0x00, 0x00, 0x00, 0x44, 0x00, 0x00, 0x00, 0x9c, 0x05, 0x00, 0x00,
    0x38, 0xf9, 0xff, 0xff, 0x28, 0x01, 0x00, 0x00, 0x00, 0x44, 0x0c, 0x01,
    0x00, 0x49, 0x10, 0x05, 0x02, 0x75, 0x00, 0x44, 0x0f, 0x03, 0x75, 0x70,
    0x06, 0x10, 0x07, 0x02, 0x75, 0x7c, 0x10, 0x06, 0x02, 0x75, 0x78, 0x10,
    0x03, 0x02, 0x75, 0x74, 0x02, 0xdb, 0x0a, 0xc1, 0x0c, 0x01, 0x00, 0x41,
    0xc3, 0x41, 0xc6, 0x41, 0xc7, 0x41, 0xc5, 0x43, 0x0c, 0x04, 0x04, 0x41,
    0x0b, 0x00, 0x00, 0x00, 0x69, 0x70, 0x63, 0x00, 0x62, 0x69, 0x6e, 0x2f,
    0x65, 0x63, 0x68, 0x6f, 0x00, 0x49, 0x50, 0x43, 0x20, 0x54, 0x45, 0x53,
    0x54, 0x20, 0x46, 0x41, 0x49, 0x4c, 0x0a, 0x00, 0x49, 0x50, 0x43, 0x20,
    0x54, 0x45, 0x53, 0x54, 0x20, 0x50, 0x41, 0x53, 0x53, 0x0a, 0x00, 0x00,
    0x00, 0x00, 0x10, 0x01, 0x47, 0x43, 0x43, 0x3a, 0x20, 0x28, 0x55, 0x62,
    0x75, 0x6e, 0x74, 0x75, 0x20, 0x31, 0x35, 0x2e, 0x32, 0x2e, 0x30, 0x2d,
    0x31, 0x36, 0x75, 0x62, 0x75, 0x6e, 0x74, 0x75, 0x31, 0x29, 0x20, 0x31,
    0x35, 0x2e, 0x32, 0x2e, 0x30, 0x00, 0x00, 0x00, 0x00, 0x00, 0x00, 0x00,
    0x00, 0x00, 0x00, 0x00, 0x00, 0x00, 0x00, 0x00, 0x00, 0x00, 0x00, 0x00,
    0x01, 0x00, 0x00, 0x00, 0x00, 0x00, 0x00, 0x00, 0x00, 0x00, 0x00, 0x00,
    0x04, 0x00, 0xf1, 0xff, 0x0a, 0x00, 0x00, 0x00, 0x04, 0x0c, 0x00, 0x01,
    0x04, 0x00, 0x00, 0x00, 0x01, 0x00, 0x05, 0x00, 0x14, 0x00, 0x00, 0x00,
    0x00, 0x00, 0x00, 0x00, 0x00, 0x00, 0x00, 0x00, 0x04, 0x00, 0xf1, 0xff,
    0x1e, 0x00, 0x00, 0x00, 0x80, 0x00, 0x00, 0x01, 0x1b, 0x00, 0x00, 0x00,
    0x12, 0x00, 0x01, 0x00, 0x26, 0x00, 0x00, 0x00, 0x50, 0x04, 0x00, 0x01,
    0x1a, 0x00, 0x00, 0x00, 0x12, 0x00, 0x01, 0x00, 0x31, 0x00, 0x00, 0x00,
    0x80, 0x02, 0x00, 0x01, 0x18, 0x00, 0x00, 0x00, 0x12, 0x00, 0x01, 0x00,
    0x37, 0x00, 0x00, 0x00, 0x20, 0x00, 0x00, 0x01, 0x17, 0x00, 0x00, 0x00,
    0x12, 0x00, 0x01, 0x00, 0x3d, 0x00, 0x00, 0x00, 0x00, 0x01, 0x00, 0x01,
    0x1a, 0x00, 0x00, 0x00, 0x12, 0x00, 0x01, 0x00, 0x49, 0x00, 0x00, 0x00,
    0xa0, 0x02, 0x00, 0x01, 0x18, 0x00, 0x00, 0x00, 0x12, 0x00, 0x01, 0x00,
    0x50, 0x00, 0x00, 0x00, 0x00, 0x02, 0x00, 0x01, 0x1c, 0x00, 0x00, 0x00,
    0x12, 0x00, 0x01, 0x00, 0x59, 0x00, 0x00, 0x00, 0x90, 0x04, 0x00, 0x01,
    0x2d, 0x00, 0x00, 0x00, 0x12, 0x00, 0x01, 0x00, 0x60, 0x00, 0x00, 0x00,
    0xc0, 0x02, 0x00, 0x01, 0x1c, 0x00, 0x00, 0x00, 0x12, 0x00, 0x01, 0x00,
    0x69, 0x00, 0x00, 0x00, 0x60, 0x00, 0x00, 0x01, 0x1a, 0x00, 0x00, 0x00,
    0x12, 0x00, 0x01, 0x00, 0x73, 0x00, 0x00, 0x00, 0x00, 0x03, 0x00, 0x01,
    0x18, 0x00, 0x00, 0x00, 0x12, 0x00, 0x01, 0x00, 0x83, 0x00, 0x00, 0x00,
    0x70, 0x04, 0x00, 0x01, 0x1e, 0x00, 0x00, 0x00, 0x12, 0x00, 0x01, 0x00,
    0x89, 0x00, 0x00, 0x00, 0x40, 0x01, 0x00, 0x01, 0x1e, 0x00, 0x00, 0x00,
    0x12, 0x00, 0x01, 0x00, 0x95, 0x00, 0x00, 0x00, 0xf0, 0x03, 0x00, 0x01,
    0x58, 0x00, 0x00, 0x00, 0x12, 0x00, 0x01, 0x00, 0x9f, 0x00, 0x00, 0x00,
    0x60, 0x01, 0x00, 0x01, 0x18, 0x00, 0x00, 0x00, 0x12, 0x00, 0x01, 0x00,
    0xa8, 0x00, 0x00, 0x00, 0xa0, 0x01, 0x00, 0x01, 0x18, 0x00, 0x00, 0x00,
    0x12, 0x00, 0x01, 0x00, 0xaf, 0x00, 0x00, 0x00, 0x00, 0x00, 0x00, 0x01,
    0x1b, 0x00, 0x00, 0x00, 0x12, 0x00, 0x01, 0x00, 0xb6, 0x00, 0x00, 0x00,
    0xc0, 0x00, 0x00, 0x01, 0x1e, 0x00, 0x00, 0x00, 0x12, 0x00, 0x01, 0x00,
    0xbe, 0x00, 0x00, 0x00, 0xe0, 0x02, 0x00, 0x01, 0x1a, 0x00, 0x00, 0x00,
    0x12, 0x00, 0x01, 0x00, 0xc7, 0x00, 0x00, 0x00, 0xc0, 0x01, 0x00, 0x01,
    0x18, 0x00, 0x00, 0x00, 0x12, 0x00, 0x01, 0x00, 0xcd, 0x00, 0x00, 0x00,
    0x90, 0x03, 0x00, 0x01, 0x58, 0x00, 0x00, 0x00, 0x12, 0x00, 0x01, 0x00,
    0xd9, 0x00, 0x00, 0x00, 0x40, 0x02, 0x00, 0x01, 0x3e, 0x00, 0x00, 0x00,
    0x12, 0x00, 0x01, 0x00, 0xe2, 0x00, 0x00, 0x00, 0x40, 0x03, 0x00, 0x01,
    0x20, 0x00, 0x00, 0x00, 0x12, 0x00, 0x01, 0x00, 0xec, 0x00, 0x00, 0x00,
    0xd0, 0x04, 0x00, 0x01, 0x28, 0x01, 0x00, 0x00, 0x12, 0x00, 0x02, 0x00,
    0xf1, 0x00, 0x00, 0x00, 0x40, 0x00, 0x00, 0x01, 0x1a, 0x00, 0x00, 0x00,
    0x12, 0x00, 0x01, 0x00, 0xfb, 0x00, 0x00, 0x00, 0xe0, 0x01, 0x00, 0x01,
    0x18, 0x00, 0x00, 0x00, 0x12, 0x00, 0x01, 0x00, 0x04, 0x01, 0x00, 0x00,
    0xa0, 0x00, 0x00, 0x01, 0x1e, 0x00, 0x00, 0x00, 0x12, 0x00, 0x01, 0x00,
    0x0d, 0x01, 0x00, 0x00, 0x20, 0x03, 0x00, 0x01, 0x18, 0x00, 0x00, 0x00,
    0x12, 0x00, 0x01, 0x00, 0x1b, 0x01, 0x00, 0x00, 0x20, 0x01, 0x00, 0x01,
    0x1a, 0x00, 0x00, 0x00, 0x12, 0x00, 0x01, 0x00, 0x25, 0x01, 0x00, 0x00,
    0xe0, 0x00, 0x00, 0x01, 0x1a, 0x00, 0x00, 0x00, 0x12, 0x00, 0x01, 0x00,
    0x2f, 0x01, 0x00, 0x00, 0x60, 0x03, 0x00, 0x01, 0x22, 0x00, 0x00, 0x00,
    0x12, 0x00, 0x01, 0x00, 0x3b, 0x01, 0x00, 0x00, 0x20, 0x02, 0x00, 0x01,
    0x16, 0x00, 0x00, 0x00, 0x12, 0x00, 0x01, 0x00, 0x40, 0x01, 0x00, 0x00,
    0x80, 0x01, 0x00, 0x01, 0x18, 0x00, 0x00, 0x00, 0x12, 0x00, 0x01, 0x00,
    0x4d, 0x01, 0x00, 0x00, 0xc0, 0x04, 0x00, 0x01, 0x01, 0x00, 0x00, 0x00,
    0x12, 0x00, 0x01, 0x00, 0x00, 0x6c, 0x69, 0x62, 0x61, 0x6f, 0x73, 0x2e,
    0x63, 0x00, 0x68, 0x65, 0x61, 0x70, 0x5f, 0x6e, 0x65, 0x78, 0x74, 0x00,
    0x69, 0x70, 0x63, 0x74, 0x65, 0x73, 0x74, 0x2e, 0x63, 0x00, 0x70, 0x75,
    0x74, 0x63, 0x68, 0x61, 0x72, 0x00, 0x73, 0x65, 0x74, 0x5f, 0x73, 0x74,
    0x64, 0x6f, 0x75, 0x74, 0x00, 0x79, 0x69, 0x65, 0x6c, 0x64, 0x00, 0x70,
    0x72, 0x69, 0x6e, 0x74, 0x00, 0x66, 0x73, 0x5f, 0x67, 0x65, 0x74, 0x5f,
    0x73, 0x69, 0x7a, 0x65, 0x00, 0x67, 0x65, 0x74, 0x70, 0x69, 0x64, 0x00,
    0x67, 0x65, 0x74, 0x5f, 0x61, 0x72, 0x67, 0x73, 0x00, 0x6d, 0x61, 0x6c,
    0x6c, 0x6f, 0x63, 0x00, 0x73, 0x65, 0x6e, 0x64, 0x5f, 0x6d, 0x73, 0x67,
    0x00, 0x70, 0x72, 0x69, 0x6e, 0x74, 0x5f, 0x64, 0x65, 0x63, 0x00, 0x72,
    0x65, 0x67, 0x69, 0x73, 0x74, 0x65, 0x72, 0x5f, 0x65, 0x76, 0x65, 0x6e,
    0x74, 0x73, 0x00, 0x73, 0x70, 0x61, 0x77, 0x6e, 0x00, 0x66, 0x73, 0x5f,
    0x6c, 0x69, 0x73, 0x74, 0x5f, 0x67, 0x65, 0x74, 0x00, 0x66, 0x69, 0x6c,
    0x6c, 0x5f, 0x72, 0x65, 0x63, 0x74, 0x00, 0x67, 0x65, 0x74, 0x5f, 0x74,
    0x69, 0x63, 0x6b, 0x00, 0x72, 0x65, 0x62, 0x6f, 0x6f, 0x74, 0x00, 0x5f,
    0x73, 0x74, 0x61, 0x72, 0x74, 0x00, 0x66, 0x73, 0x5f, 0x72, 0x65, 0x61,
    0x64, 0x00, 0x72, 0x65, 0x63, 0x76, 0x5f, 0x6d, 0x73, 0x67, 0x00, 0x70,
    0x61, 0x6e, 0x69, 0x63, 0x00, 0x72, 0x65, 0x6e, 0x64, 0x65, 0x72, 0x5f,
    0x74, 0x65, 0x78, 0x74, 0x00, 0x72, 0x65, 0x61, 0x64, 0x5f, 0x6b, 0x65,
    0x79, 0x00, 0x67, 0x65, 0x74, 0x5f, 0x6d, 0x6f, 0x75, 0x73, 0x65, 0x00,
    0x6d, 0x61, 0x69, 0x6e, 0x00, 0x70, 0x72, 0x69, 0x6e, 0x74, 0x5f, 0x68,
    0x65, 0x78, 0x00, 0x73, 0x68, 0x75, 0x74, 0x64, 0x6f, 0x77, 0x6e, 0x00,
    0x66, 0x73, 0x5f, 0x77, 0x72, 0x69, 0x74, 0x65, 0x00, 0x67, 0x65, 0x74,
    0x5f, 0x65, 0x76, 0x65, 0x6e, 0x74, 0x5f, 0x70, 0x69, 0x64, 0x00, 0x66,
    0x73, 0x5f, 0x65, 0x78, 0x69, 0x73, 0x74, 0x73, 0x00, 0x66, 0x73, 0x5f,
    0x64, 0x65, 0x6c, 0x65, 0x74, 0x65, 0x00, 0x67, 0x65, 0x74, 0x5f, 0x66,
    0x62, 0x5f, 0x69, 0x6e, 0x66, 0x6f, 0x00, 0x65, 0x78, 0x69, 0x74, 0x00,
    0x63, 0x6c, 0x65, 0x61, 0x72, 0x5f, 0x73, 0x63, 0x72, 0x65, 0x65, 0x6e,
    0x00, 0x66, 0x72, 0x65, 0x65, 0x00, 0x00, 0x2e, 0x73, 0x79, 0x6d, 0x74,
    0x61, 0x62, 0x00, 0x2e, 0x73, 0x74, 0x72, 0x74, 0x61, 0x62, 0x00, 0x2e,
    0x73, 0x68, 0x73, 0x74, 0x72, 0x74, 0x61, 0x62, 0x00, 0x2e, 0x74, 0x65,
    0x78, 0x74, 0x00, 0x2e, 0x74, 0x65, 0x78, 0x74, 0x2e, 0x73, 0x74, 0x61,
    0x72, 0x74, 0x75, 0x70, 0x00, 0x2e, 0x65, 0x68, 0x5f, 0x66, 0x72, 0x61,
    0x6d, 0x65, 0x00, 0x2e, 0x72, 0x6f, 0x64, 0x61, 0x74, 0x61, 0x2e, 0x73,
    0x74, 0x72, 0x31, 0x2e, 0x31, 0x00, 0x2e, 0x64, 0x61, 0x74, 0x61, 0x00,
    0x2e, 0x63, 0x6f, 0x6d, 0x6d, 0x65, 0x6e, 0x74, 0x00, 0x00, 0x00, 0x00,
    0x00, 0x00, 0x00, 0x00, 0x00, 0x00, 0x00, 0x00, 0x00, 0x00, 0x00, 0x00,
    0x00, 0x00, 0x00, 0x00, 0x00, 0x00, 0x00, 0x00, 0x00, 0x00, 0x00, 0x00,
    0x00, 0x00, 0x00, 0x00, 0x00, 0x00, 0x00, 0x00, 0x00, 0x00, 0x00, 0x00,
    0x00, 0x00, 0x00, 0x00, 0x1b, 0x00, 0x00, 0x00, 0x01, 0x00, 0x00, 0x00,
    0x06, 0x00, 0x00, 0x00, 0x00, 0x00, 0x00, 0x01, 0x80, 0x00, 0x00, 0x00,
    0xc1, 0x04, 0x00, 0x00, 0x00, 0x00, 0x00, 0x00, 0x00, 0x00, 0x00, 0x00,
    0x10, 0x00, 0x00, 0x00, 0x00, 0x00, 0x00, 0x00, 0x21, 0x00, 0x00, 0x00,
    0x01, 0x00, 0x00, 0x00, 0x06, 0x00, 0x00, 0x00, 0xd0, 0x04, 0x00, 0x01,
    0x50, 0x05, 0x00, 0x00, 0x28, 0x01, 0x00, 0x00, 0x00, 0x00, 0x00, 0x00,
    0x00, 0x00, 0x00, 0x00, 0x10, 0x00, 0x00, 0x00, 0x00, 0x00, 0x00, 0x00,
    0x2f, 0x00, 0x00, 0x00, 0x01, 0x00, 0x00, 0x00, 0x02, 0x00, 0x00, 0x00,
    0xf8, 0x05, 0x00, 0x01, 0x78, 0x06, 0x00, 0x00, 0xe0, 0x05, 0x00, 0x00,
    0x00, 0x00, 0x00, 0x00, 0x00, 0x00, 0x00, 0x00, 0x04, 0x00, 0x00, 0x00,
    0x00, 0x00, 0x00, 0x00, 0x39, 0x00, 0x00, 0x00, 0x01, 0x00, 0x00, 0x00,
    0x32, 0x00, 0x00, 0x00, 0xd8, 0x0b, 0x00, 0x01, 0x58, 0x0c, 0x00, 0x00,
    0x2b, 0x00, 0x00, 0x00, 0x00, 0x00, 0x00, 0x00, 0x00, 0x00, 0x00, 0x00,
    0x01, 0x00, 0x00, 0x00, 0x01, 0x00, 0x00, 0x00, 0x48, 0x00, 0x00, 0x00,
    0x01, 0x00, 0x00, 0x00, 0x03, 0x00, 0x00, 0x00, 0x04, 0x0c, 0x00, 0x01,
    0x84, 0x0c, 0x00, 0x00, 0x04, 0x00, 0x00, 0x00, 0x00, 0x00, 0x00, 0x00,
    0x00, 0x00, 0x00, 0x00, 0x04, 0x00, 0x00, 0x00, 0x00, 0x00, 0x00, 0x00,
    0x4e, 0x00, 0x00, 0x00, 0x01, 0x00, 0x00, 0x00, 0x30, 0x00, 0x00, 0x00,
    0x00, 0x00, 0x00, 0x00, 0x88, 0x0c, 0x00, 0x00, 0x26, 0x00, 0x00, 0x00,
    0x00, 0x00, 0x00, 0x00, 0x00, 0x00, 0x00, 0x00, 0x01, 0x00, 0x00, 0x00,
    0x01, 0x00, 0x00, 0x00, 0x01, 0x00, 0x00, 0x00, 0x02, 0x00, 0x00, 0x00,
    0x00, 0x00, 0x00, 0x00, 0x00, 0x00, 0x00, 0x00, 0xb0, 0x0c, 0x00, 0x00,
    0x60, 0x02, 0x00, 0x00, 0x08, 0x00, 0x00, 0x00, 0x04, 0x00, 0x00, 0x00,
    0x04, 0x00, 0x00, 0x00, 0x10, 0x00, 0x00, 0x00, 0x09, 0x00, 0x00, 0x00,
    0x03, 0x00, 0x00, 0x00, 0x00, 0x00, 0x00, 0x00, 0x00, 0x00, 0x00, 0x00,
    0x10, 0x0f, 0x00, 0x00, 0x52, 0x01, 0x00, 0x00, 0x00, 0x00, 0x00, 0x00,
    0x00, 0x00, 0x00, 0x00, 0x01, 0x00, 0x00, 0x00, 0x00, 0x00, 0x00, 0x00,
    0x11, 0x00, 0x00, 0x00, 0x03, 0x00, 0x00, 0x00, 0x00, 0x00, 0x00, 0x00,
    0x00, 0x00, 0x00, 0x00, 0x62, 0x10, 0x00, 0x00, 0x57, 0x00, 0x00, 0x00,
    0x00, 0x00, 0x00, 0x00, 0x00, 0x00, 0x00, 0x00, 0x01, 0x00, 0x00, 0x00,
    0x00, 0x00, 0x00, 0x00,
};

static const unsigned char prog_notepad_elf[] = {
    0x7f, 0x45, 0x4c, 0x46, 0x01, 0x01, 0x01, 0x00, 0x00, 0x00, 0x00, 0x00,
    0x00, 0x00, 0x00, 0x00, 0x02, 0x00, 0x03, 0x00, 0x01, 0x00, 0x00, 0x00,
    0x00, 0x00, 0x00, 0x01, 0x34, 0x00, 0x00, 0x00, 0xdc, 0x1f, 0x00, 0x00,
    0x00, 0x00, 0x00, 0x00, 0x34, 0x00, 0x20, 0x00, 0x02, 0x00, 0x28, 0x00,
    0x0c, 0x00, 0x0b, 0x00, 0x01, 0x00, 0x00, 0x00, 0x80, 0x00, 0x00, 0x00,
    0x00, 0x00, 0x00, 0x01, 0x00, 0x00, 0x00, 0x01, 0xac, 0x19, 0x00, 0x00,
    0x20, 0xa7, 0x02, 0x00, 0x07, 0x00, 0x00, 0x00, 0x20, 0x00, 0x00, 0x00,
    0x51, 0xe5, 0x74, 0x64, 0x00, 0x00, 0x00, 0x00, 0x00, 0x00, 0x00, 0x00,
    0x00, 0x00, 0x00, 0x00, 0x00, 0x00, 0x00, 0x00, 0x00, 0x00, 0x00, 0x00,
    0x06, 0x00, 0x00, 0x00, 0x10, 0x00, 0x00, 0x00, 0x00, 0x00, 0x00, 0x00,
    0x00, 0x00, 0x00, 0x00, 0x00, 0x00, 0x00, 0x00, 0x57, 0x56, 0x53, 0x31,
    0xdb, 0x89, 0xde, 0x89, 0xdf, 0xe8, 0x92, 0x08, 0x00, 0x00, 0xb8, 0x10,
    0x00, 0x00, 0x00, 0x89, 0xd9, 0x89, 0xda, 0xcd, 0x80, 0xeb, 0xfe, 0x2e,
    0x8d, 0x74, 0x26, 0x00, 0x31, 0xc0, 0x57, 0x89, 0xc1, 0x56, 0x89, 0xc2,
    0x89, 0xc6, 0x53, 0x89, 0xc7, 0x8b, 0x5c, 0x24, 0x10, 0xcd, 0x80, 0x5b,
    0x5e, 0x5f, 0xc3, 0x90, 0x2e, 0x8d, 0xb4, 0x26, 0x00, 0x00, 0x00, 0x00,
    0x31, 0xc9, 0x57, 0xb8, 0x01, 0x00, 0x00, 0x00, 0x56, 0x89, 0xca, 0x89,
    0xce, 0x89, 0xcf, 0x53, 0x8b, 0x5c, 0x24, 0x10, 0xcd, 0x80, 0x5b, 0x5e,
    0x5f, 0xc3, 0x8d, 0xb6, 0x00, 0x00, 0x00, 0x00, 0x31, 0xc9, 0x57, 0xb8,
    0x02, 0x00, 0x00, 0x00, 0x56, 0x89, 0xca, 0x89, 0xce, 0x89, 0xcf, 0x53,
    0x8b, 0x5c, 0x24, 0x10, 0xcd, 0x80, 0x5b, 0x5e, 0x5f, 0xc3, 0x8d, 0xb6,
    0x00, 0x00, 0x00, 0x00, 0x31, 0xc9, 0x57, 0xb8, 0x03, 0x00, 0x00, 0x00,
    0x56, 0x89, 0xca, 0x89, 0xce, 0x89, 0xcf, 0x53, 0x0f, 0xbe, 0x5c, 0x24,
    0x10, 0xcd, 0x80, 0x5b, 0x5e, 0x5f, 0xc3, 0x2e, 0x8d, 0x74, 0x26, 0x00,
    0x57, 0xb8, 0x04, 0x00, 0x00, 0x00, 0x56, 0x31, 0xf6, 0x53, 0x89, 0xf7,
    0x8b, 0x4c, 0x24, 0x14, 0x8b, 0x54, 0x24, 0x18, 0x8b, 0x5c, 0x24, 0x10,
    0xcd, 0x80, 0x5b, 0x5e, 0x5f, 0xc3, 0x66, 0x90, 0x57, 0xb8, 0x05, 0x00,
    0x00, 0x00, 0x56, 0x31, 0xf6, 0x53, 0x89, 0xf7, 0x8b, 0x4c, 0x24, 0x14,
    0x8b, 0x54, 0x24, 0x18, 0x8b, 0x5c, 0x24, 0x10, 0xcd, 0x80, 0x5b, 0x5e,
    0x5f, 0xc3, 0x66, 0x90, 0x31, 0xc9, 0x57, 0xb8, 0x06, 0x00, 0x00, 0x00,
    0x56, 0x89, 0xca, 0x89, 0xce, 0x89, 0xcf, 0x53, 0x8b, 0x5c, 0x24, 0x10,
    0xcd, 0x80, 0x5b, 0x5e, 0x5f, 0xc3, 0x8d, 0xb6, 0x00, 0x00, 0x00, 0x00,
    0x31, 0xc9, 0x57, 0xb8, 0x07, 0x00, 0x00, 0x00, 0x56, 0x89, 0xca, 0x89,
    0xce, 0x89, 0xcf, 0x53, 0x8b, 0x5c, 0x24, 0x10, 0xcd, 0x80, 0x5b, 0x5e,
    0x5f, 0xc3, 0x8d, 0xb6, 0x00, 0x00, 0x00, 0x00, 0x31, 0xc9, 0x57, 0xb8,
    0x08, 0x00, 0x00, 0x00, 0x56, 0x89, 0xca, 0x89, 0xce, 0x89, 0xcf, 0x53,
    0x8b, 0x5c, 0x24, 0x10, 0xcd, 0x80, 0x5b, 0x5e, 0x5f, 0xc3, 0x8d, 0xb6,
    0x00, 0x00, 0x00, 0x00, 0x57, 0xb8, 0x09, 0x00, 0x00, 0x00, 0x56, 0x31,
    0xf6, 0x53, 0x89, 0xf7, 0x8b, 0x4c, 0x24, 0x14, 0x8b, 0x54, 0x24, 0x18,
    0x8b, 0x5c, 0x24, 0x10, 0xcd, 0x80, 0x5b, 0x5e, 0x5f, 0xc3, 0x66, 0x90,
    0x57, 0xb8, 0x0a, 0x00, 0x00, 0x00, 0x56, 0x53, 0x31, 0xdb, 0x89, 0xd9,
    0x89, 0xda, 0x89, 0xde, 0x89, 0xdf, 0xcd, 0x80, 0x5b, 0x5e, 0x5f, 0xc3,
    0x2e, 0x8d, 0xb4, 0x26, 0x00, 0x00, 0x00, 0x00, 0x57, 0xb8, 0x0b, 0x00,
    0x00, 0x00, 0x56, 0x53, 0x31, 0xdb, 0x89, 0xd9, 0x89, 0xda, 0x89, 0xde,
    0x89, 0xdf, 0xcd, 0x80, 0x5b, 0x5e, 0x5f, 0xc3, 0x2e, 0x8d, 0xb4, 0x26,
    0x00, 0x00, 0x00, 0x00, 0x57, 0xb8, 0x0c, 0x00, 0x00, 0x00, 0x56, 0x53,
    0x31, 0xdb, 0x89, 0xd9, 0x89, 0xda, 0x89, 0xde, 0x89, 0xdf, 0xcd, 0x80,
    0x5b, 0x5e, 0x5f, 0xc3, 0x2e, 0x8d, 0xb4, 0x26, 0x00, 0x00, 0x00, 0x00,
    0x57, 0xb8, 0x0d, 0x00, 0x00, 0x00, 0x56, 0x53, 0x31, 0xdb, 0x89, 0xd9,
    0x89, 0xda, 0x89, 0xde, 0x89, 0xdf, 0xcd, 0x80, 0x5b, 0x5e, 0x5f, 0xc3,
    0x2e, 0x8d, 0xb4, 0x26, 0x00, 0x00, 0x00, 0x00, 0x57, 0xb8, 0x0e, 0x00,
    0x00, 0x00, 0x56, 0x53, 0x31, 0xdb, 0x89, 0xd9, 0x89, 0xda, 0x89, 0xde,
    0x89, 0xdf, 0xcd, 0x80, 0x5b, 0x5e, 0x5f, 0xc3, 0x2e, 0x8d, 0xb4, 0x26,
    0x00, 0x00, 0x00, 0x00, 0x31, 0xd2, 0x57, 0xb8, 0x0f, 0x00, 0x00, 0x00,
    0x56, 0x89, 0xd7, 0x89, 0xd6, 0x53, 0x8b, 0x4c, 0x24, 0x14, 0x8b, 0x5c,
    0x24, 0x10, 0xcd, 0x80, 0x5b, 0x5e, 0x5f, 0xc3, 0x8d, 0x74, 0x26, 0x00,
    0x57, 0xb8, 0x10, 0x00, 0x00, 0x00, 0x56, 0x53, 0x31, 0xdb, 0x89, 0xd9,
    0x89, 0xda, 0x89, 0xde, 0x89, 0xdf, 0xcd, 0x80, 0xeb, 0xfe, 0x66, 0x90,
    0x2e, 0x8d, 0xb4, 0x26, 0x00, 0x00, 0x00, 0x00, 0x55, 0xb8, 0x11, 0x00,
    0x00, 0x00, 0x57, 0x56, 0x53, 0x31, 0xdb, 0x89, 0xd9, 0x89, 0xda, 0x89,
    0xde, 0x89, 0xdf, 0xcd, 0x80, 0x85, 0xc0, 0x79, 0x20, 0xbd, 0x12, 0x00,
    0x00, 0x00, 0x66, 0x90, 0x31, 0xdb, 0x89, 0xe8, 0x89, 0xd9, 0x89, 0xda,
    0x89, 0xde, 0x89, 0xdf, 0xcd, 0x80, 0xb8, 0x11, 0x00, 0x00, 0x00, 0xcd,
    0x80, 0x85, 0xc0, 0x78, 0xe7, 0x5b, 0x5e, 0x5f, 0x5d, 0xc3, 0x66, 0x90,
    0x57, 0xb8, 0x12, 0x00, 0x00, 0x00, 0x56, 0x53, 0x31, 0xdb, 0x89, 0xd9,
    0x89, 0xda, 0x89, 0xde, 0x89, 0xdf, 0xcd, 0x80, 0x5b, 0x5e, 0x5f, 0xc3,
    0x2e, 0x8d, 0xb4, 0x26, 0x00, 0x00, 0x00, 0x00, 0x57, 0xb8, 0x13, 0x00,
    0x00, 0x00, 0x56, 0x53, 0x31, 0xdb, 0x89, 0xd9, 0x89, 0xda, 0x89, 0xde,
    0x89, 0xdf, 0xcd, 0x80, 0x5b, 0x5e, 0x5f, 0xc3, 0x2e, 0x8d, 0xb4, 0x26,
    0x00, 0x00, 0x00, 0x00, 0x31, 0xd2, 0x57, 0xb8, 0x14, 0x00, 0x00, 0x00,
    0x56, 0x89, 0xd7, 0x89, 0xd6, 0x53, 0x8b, 0x4c, 0x24, 0x14, 0x8b, 0x5c,
    0x24, 0x10, 0xcd, 0x80, 0x5b, 0x5e, 0x5f, 0xc3, 0x8d, 0x74, 0x26, 0x00,
    0x31, 0xc9, 0x57, 0xb8, 0x15, 0x00, 0x00, 0x00, 0x56, 0x89, 0xca, 0x89,
    0xce, 0x89, 0xcf, 0x53, 0x8b, 0x5c, 0x24, 0x10, 0xcd, 0x80, 0x5b, 0x5e,
    0x5f, 0xc3, 0x8d, 0xb6, 0x00, 0x00, 0x00, 0x00, 0x57, 0xb8, 0x16, 0x00,
    0x00, 0x00, 0x56, 0x53, 0x31, 0xdb, 0x89, 0xd9, 0x89, 0xda, 0x89, 0xde,
    0x89, 0xdf, 0xcd, 0x80, 0x5b, 0x5e, 0x5f, 0xc3, 0x2e, 0x8d, 0xb4, 0x26,
    0x00, 0x00, 0x00, 0x00, 0x57, 0xb8, 0x1d, 0x00, 0x00, 0x00, 0x56, 0x53,
    0x31, 0xdb, 0x89, 0xd9, 0x89, 0xda, 0x89, 0xde, 0x89, 0xdf, 0xcd, 0x80,
    0x5b, 0x5e, 0x5f, 0xc3, 0x2e, 0x8d, 0xb4, 0x26, 0x00, 0x00, 0x00, 0x00,
    0x57, 0xb8, 0x17, 0x00, 0x00, 0x00, 0x31, 0xff, 0x56, 0x53, 0x8b, 0x4c,
    0x24, 0x14, 0x8b, 0x54, 0x24, 0x18, 0x8b, 0x5c, 0x24, 0x10, 0x8b, 0x74,
    0x24, 0x1c, 0xcd, 0x80, 0x5b, 0x5e, 0x5f, 0xc3, 0x57, 0xb8, 0x18, 0x00,
    0x00, 0x00, 0x56, 0x53, 0x8b, 0x4c, 0x24, 0x14, 0x8b, 0x54, 0x24, 0x18,
    0x8b, 0x5c, 0x24, 0x10, 0x8b, 0x74, 0x24, 0x1c, 0x8b, 0x7c, 0x24, 0x20,
    0xcd, 0x80, 0x5b, 0x5e, 0x5f, 0xc3, 0x8d, 0xb6, 0x00, 0x00, 0x00, 0x00,
    0x2e, 0x8d, 0xb4, 0x26, 0x00, 0x00, 0x00, 0x00, 0x57, 0x31, 0xc9, 0x56,
    0x89, 0xca, 0x89, 0xce, 0x89, 0xcf, 0x53, 0x83, 0xec, 0x20, 0x8b, 0x44,
    0x24, 0x30, 0x8d, 0x5c, 0x24, 0x04, 0x89, 0x44, 0x24, 0x04, 0x8b, 0x44,
    0x24, 0x34, 0x89, 0x44, 0x24, 0x08, 0x8b, 0x44, 0x24, 0x38, 0x89, 0x44,
    0x24, 0x0c, 0x8b, 0x44, 0x24, 0x3c, 0x89, 0x44, 0x24, 0x10, 0x8b, 0x44,
    0x24, 0x40, 0x89, 0x44, 0x24, 0x14, 0x8b, 0x44, 0x24, 0x44, 0x89, 0x44,
    0x24, 0x18, 0x8b, 0x44, 0x24, 0x48, 0x89, 0x44, 0x24, 0x1c, 0xb8, 0x19,
    0x00, 0x00, 0x00, 0xcd, 0x80, 0x83, 0xc4, 0x20, 0x5b, 0x5e, 0x5f, 0xc3,
    0x2e, 0x8d, 0xb4, 0x26, 0x00, 0x00, 0x00, 0x00, 0x57, 0x31, 0xc9, 0x56,
    0x89, 0xca, 0x89, 0xce, 0x89, 0xcf, 0x53, 0x83, 0xec, 0x20, 0x8b, 0x44,
    0x24, 0x30, 0x8d, 0x5c, 0x24, 0x04, 0x89, 0x44, 0x24, 0x04, 0x8b, 0x44,
    0x24, 0x34, 0x89, 0x44, 0x24, 0x08, 0x8b, 0x44, 0x24, 0x38, 0x89, 0x44,
    0x24, 0x0c, 0x8b, 0x44, 0x24, 0x3c, 0x89, 0x44, 0x24, 0x10, 0x8b, 0x44,
    0x24, 0x40, 0x89, 0x44, 0x24, 0x14, 0x8b, 0x44, 0x24, 0x44, 0x89, 0x44,
    0x24, 0x18, 0x8b, 0x44, 0x24, 0x48, 0x89, 0x44, 0x24, 0x1c, 0xb8, 0x1a,
    0x00, 0x00, 0x00, 0xcd, 0x80, 0x83, 0xc4, 0x20, 0x5b, 0x5e, 0x5f, 0xc3,
    0x2e, 0x8d, 0xb4, 0x26, 0x00, 0x00, 0x00, 0x00, 0x31, 0xc9, 0x57, 0xb8,
    0x1b, 0x00, 0x00, 0x00, 0x56, 0x89, 0xca, 0x89, 0xce, 0x89, 0xcf, 0x53,
    0x8b, 0x5c, 0x24, 0x10, 0xcd, 0x80, 0x5b, 0x5e, 0x5f, 0xc3, 0x8d, 0xb6,
    0x00, 0x00, 0x00, 0x00, 0x57, 0xb8, 0x1c, 0x00, 0x00, 0x00, 0x56, 0x31,
    0xf6, 0x53, 0x89, 0xf7, 0x8b, 0x4c, 0x24, 0x14, 0x8b, 0x54, 0x24, 0x18,
    0x8b, 0x5c, 0x24, 0x10, 0xcd, 0x80, 0x5b, 0x5e, 0x5f, 0xc3, 0x66, 0x90,
    0x8b, 0x44, 0x24, 0x04, 0x8b, 0x15, 0xa4, 0x19, 0x00, 0x01, 0x83, 0xc0,
    0x0f, 0x83, 0xe0, 0xf0, 0x01, 0xd0, 0x3d, 0x00, 0x00, 0x80, 0x01, 0x77,
    0x0f, 0xa3, 0xa4, 0x19, 0x00, 0x01, 0x89, 0xd0, 0xc3, 0x8d, 0xb4, 0x26,
    0x00, 0x00, 0x00, 0x00, 0x31, 0xd2, 0x89, 0xd0, 0xc3, 0x8d, 0x76, 0x00,
    0xc3, 0x66, 0x90, 0x66, 0x90, 0x66, 0x90, 0x66, 0x90, 0x66, 0x90, 0x66,
    0x90, 0x66, 0x90, 0x66, 0x90, 0x66, 0x90, 0x66, 0x90, 0x66, 0x90, 0x66,
    0x90, 0x66, 0x90, 0x66, 0x90, 0x66, 0x90, 0x90, 0x55, 0x57, 0x56, 0x53,
    0x81, 0xec, 0x8c, 0x00, 0x00, 0x00, 0x8b, 0x15, 0xe8, 0xa9, 0x01, 0x01,
    0xa1, 0xe0, 0xa9, 0x01, 0x01, 0x39, 0xc2, 0x7c, 0x0e, 0x8d, 0x48, 0x18,
    0x39, 0xca, 0x0f, 0x8e, 0x7d, 0x03, 0x00, 0x00, 0x83, 0xea, 0x18, 0x89,
    0x15, 0xe0, 0xa9, 0x01, 0x01, 0xa1, 0xa8, 0x19, 0x00, 0x01, 0xb9, 0x00,
    0x00, 0x00, 0x00, 0x83, 0xe8, 0x19, 0x0f, 0x48, 0xc1, 0x39, 0xd0, 0x0f,
    0x8d, 0xc4, 0x02, 0x00, 0x00, 0xa3, 0xe0, 0xa9, 0x01, 0x01, 0xa1, 0x84,
    0xa9, 0x01, 0x01, 0x83, 0xec, 0x04, 0x31, 0xdb, 0x68, 0x10, 0x10, 0x10,
    0x00, 0xff, 0x35, 0x80, 0xa9, 0x01, 0x01, 0x50, 0xc1, 0xe0, 0x02, 0x6a,
    0x00, 0x6a, 0x00, 0x50, 0xff, 0x35, 0x8c, 0xa9, 0x01, 0x01, 0xe8, 0x9d,
    0xfe, 0xff, 0xff, 0xa1, 0xe0, 0xa9, 0x01, 0x01, 0x8b, 0x35, 0xa8, 0x19,
    0x00, 0x01, 0x83, 0xc4, 0x20, 0x8d, 0x14, 0x80, 0x8d, 0x78, 0x19, 0x89,
    0xc5, 0x89, 0xf1, 0xc1, 0xe2, 0x06, 0x89, 0xfe, 0x8d, 0x82, 0x20, 0xad,
    0x01, 0x01, 0xeb, 0x22, 0x2e, 0x8d, 0xb4, 0x26, 0x00, 0x00, 0x00, 0x00,
    0x83, 0xc5, 0x01, 0xc6, 0x82, 0x20, 0xd6, 0x00, 0x01, 0x0a, 0x8d, 0x5a,
    0x01, 0x05, 0x40, 0x01, 0x00, 0x00, 0x39, 0xee, 0x0f, 0x84, 0xc6, 0x00,
    0x00, 0x00, 0x89, 0xda, 0x39, 0xe9, 0x7e, 0xe0, 0x8b, 0x3c, 0xad, 0x00,
    0xaa, 0x01, 0x01, 0x85, 0xff, 0x7e, 0xd5, 0x8d, 0x5c, 0xad, 0x00, 0x89,
    0x6c, 0x24, 0x08, 0xc1, 0xe3, 0x04, 0x89, 0x0c, 0x24, 0x01, 0xfb, 0x89,
    0x74, 0x24, 0x04, 0x8d, 0x3c, 0x9d, 0x20, 0xad, 0x01, 0x01, 0x89, 0x44,
    0x24, 0x0c, 0x89, 0xc3, 0x89, 0xfd, 0xeb, 0x3c, 0x89, 0xc6, 0x89, 0xc1,
    0x83, 0xe6, 0x3f, 0xc1, 0xe9, 0x06, 0x83, 0xce, 0x80, 0x3d, 0xff, 0x07,
    0x00, 0x00, 0x76, 0x64, 0xc1, 0xe8, 0x0c, 0x83, 0xe1, 0x3f, 0x83, 0xc8,
    0xe0, 0x83, 0xc9, 0x80, 0x88, 0x82, 0x20, 0xd6, 0x00, 0x01, 0x89, 0xf0,
    0x88, 0x4f, 0x01, 0x88, 0x47, 0x02, 0xb8, 0x03, 0x00, 0x00, 0x00, 0x83,
    0xc3, 0x04, 0x01, 0xc2, 0x39, 0xeb, 0x74, 0x21, 0x8b, 0x03, 0x8d, 0xba,
    0x20, 0xd6, 0x00, 0x01, 0x83, 0xf8, 0x7f, 0x77, 0xb7, 0x88, 0x82, 0x20,
    0xd6, 0x00, 0x01, 0x83, 0xc3, 0x04, 0xb8, 0x01, 0x00, 0x00, 0x00, 0x01,
    0xc2, 0x39, 0xeb, 0x75, 0xdf, 0x8b, 0x0c, 0x24, 0x8b, 0x74, 0x24, 0x04,
    0x8b, 0x6c, 0x24, 0x08, 0x8b, 0x44, 0x24, 0x0c, 0xe9, 0x3f, 0xff, 0xff,
    0xff, 0x8d, 0xb4, 0x26, 0x00, 0x00, 0x00, 0x00, 0x89, 0xf0, 0x83, 0xc9,
    0xc0, 0x88, 0x47, 0x01, 0xb8, 0x02, 0x00, 0x00, 0x00, 0x88, 0x0f, 0xeb,
    0xaa, 0x8d, 0xb4, 0x26, 0x00, 0x00, 0x00, 0x00, 0xa1, 0x84, 0xa9, 0x01,
    0x01, 0x83, 0xec, 0x04, 0xc6, 0x82, 0x21, 0xd6, 0x00, 0x01, 0x00, 0x68,
    0x10, 0x10, 0x10, 0x00, 0xc1, 0xe0, 0x02, 0x68, 0xd8, 0xd8, 0xd8, 0x00,
    0x68, 0x20, 0xd6, 0x00, 0x01, 0x6a, 0x00, 0x6a, 0x00, 0x50, 0xff, 0x35,
    0x8c, 0xa9, 0x01, 0x01, 0xe8, 0xff, 0xfc, 0xff, 0xff, 0xa1, 0xe8, 0xa9,
    0x01, 0x01, 0x8b, 0x15, 0xe0, 0xa9, 0x01, 0x01, 0x83, 0xc4, 0x20, 0x39,
    0xd0, 0x7c, 0x0b, 0x8d, 0x4a, 0x18, 0x39, 0xc8, 0x0f, 0x8e, 0x99, 0x01,
    0x00, 0x00, 0xa1, 0x84, 0xa9, 0x01, 0x01, 0x83, 0xec, 0x04, 0x68, 0x3a,
    0x28, 0x20, 0x00, 0x6a, 0x10, 0x50, 0xc1, 0xe0, 0x02, 0x68, 0x90, 0x01,
    0x00, 0x00, 0x6a, 0x00, 0x50, 0xff, 0x35, 0x8c, 0xa9, 0x01, 0x01, 0xe8,
    0x1c, 0xfd, 0xff, 0xff, 0x83, 0xc4, 0x20, 0x80, 0x3d, 0x60, 0xa9, 0x01,
    0x01, 0x00, 0x0f, 0x85, 0x1c, 0x01, 0x00, 0x00, 0xc6, 0x05, 0x60, 0xa9,
    0x01, 0x01, 0x00, 0x31, 0xc0, 0xba, 0xd0, 0xff, 0xff, 0xff, 0x8d, 0x5c,
    0x24, 0x30, 0x66, 0x90, 0x2e, 0x8d, 0xb4, 0x26, 0x00, 0x00, 0x00, 0x00,
    0x88, 0x14, 0x03, 0x0f, 0xb6, 0x90, 0x4d, 0x19, 0x00, 0x01, 0x83, 0xc0,
    0x01, 0x83, 0xf8, 0x0a, 0x75, 0xee, 0x0f, 0xb6, 0x05, 0xa0, 0xa9, 0x01,
    0x01, 0x8d, 0x4c, 0x24, 0x3a, 0x84, 0xc0, 0x74, 0x1e, 0xba, 0xa0, 0xa9,
    0x01, 0x01, 0x66, 0x90, 0x2e, 0x8d, 0xb4, 0x26, 0x00, 0x00, 0x00, 0x00,
    0x83, 0xc2, 0x01, 0x88, 0x01, 0x83, 0xc1, 0x01, 0x0f, 0xb6, 0x02, 0x84,
    0xc0, 0x75, 0xf1, 0x31, 0xc0, 0xba, 0x20, 0x00, 0x00, 0x00, 0xeb, 0x18,
    0x2e, 0x8d, 0xb4, 0x26, 0x00, 0x00, 0x00, 0x00, 0x2e, 0x8d, 0xb4, 0x26,
    0x00, 0x00, 0x00, 0x00, 0x2e, 0x8d, 0xb4, 0x26, 0x00, 0x00, 0x00, 0x00,
    0x88, 0x14, 0x01, 0x0f, 0xb6, 0x90, 0x58, 0x19, 0x00, 0x01, 0x83, 0xc0,
    0x01, 0x83, 0xf8, 0x1c, 0x75, 0xee, 0xc6, 0x41, 0x1c, 0x00, 0xa1, 0x84,
    0xa9, 0x01, 0x01, 0x83, 0xec, 0x04, 0x68, 0x3a, 0x28, 0x20, 0x00, 0xc1,
    0xe0, 0x02, 0x68, 0xf8, 0xee, 0xe8, 0x00, 0x53, 0x68, 0x90, 0x01, 0x00,
    0x00, 0x6a, 0x04, 0x50, 0xff, 0x35, 0x8c, 0xa9, 0x01, 0x01, 0xe8, 0xf1,
    0xfb, 0xff, 0xff, 0xa1, 0x88, 0xa9, 0x01, 0x01, 0xc7, 0x44, 0x24, 0x3c,
    0x03, 0x00, 0x00, 0x00, 0xc7, 0x44, 0x24, 0x44, 0x00, 0x00, 0x00, 0x00,
    0x89, 0x44, 0x24, 0x40, 0xc7, 0x44, 0x24, 0x48, 0x00, 0x00, 0x00, 0x00,
    0xc7, 0x44, 0x24, 0x4c, 0x00, 0x00, 0x00, 0x00, 0x83, 0xc4, 0x20, 0xe8,
    0x50, 0xfb, 0xff, 0xff, 0x83, 0xec, 0x08, 0x8d, 0x54, 0x24, 0x24, 0x52,
    0x50, 0xe8, 0xe2, 0xfa, 0xff, 0xff, 0x81, 0xc4, 0x9c, 0x00, 0x00, 0x00,
    0x5b, 0x5e, 0x5f, 0x5d, 0xc3, 0x85, 0xd2, 0x0f, 0x89, 0x39, 0xfd, 0xff,
    0xff, 0xc7, 0x05, 0xe0, 0xa9, 0x01, 0x01, 0x00, 0x00, 0x00, 0x00, 0xe9,
    0x2a, 0xfd, 0xff, 0xff, 0xe8, 0x5b, 0xf9, 0xff, 0xff, 0x3b, 0x05, 0x44,
    0xa9, 0x01, 0x01, 0x0f, 0x83, 0xd3, 0xfe, 0xff, 0xff, 0x0f, 0xb6, 0x15,
    0x60, 0xa9, 0x01, 0x01, 0x8d, 0x5c, 0x24, 0x30, 0x89, 0xd8, 0x84, 0xd2,
    0x74, 0x1d, 0xb9, 0x60, 0xa9, 0x01, 0x01, 0x90, 0x2e, 0x8d, 0xb4, 0x26,
    0x00, 0x00, 0x00, 0x00, 0x83, 0xc1, 0x01, 0x88, 0x10, 0x83, 0xc0, 0x01,
    0x0f, 0xb6, 0x11, 0x84, 0xd2, 0x75, 0xf1, 0xc6, 0x00, 0x00, 0xe9, 0x2f,
    0xff, 0xff, 0xff, 0x29, 0xd0, 0x83, 0xec, 0x04, 0xc1, 0xe0, 0x04, 0x68,
    0xd8, 0xd8, 0xd8, 0x00, 0x83, 0xc0, 0x0e, 0x6a, 0x02, 0x6a, 0x08, 0x50,
    0xa1, 0xe4, 0xa9, 0x01, 0x01, 0xc1, 0xe0, 0x03, 0x50, 0xa1, 0x84, 0xa9,
    0x01, 0x01, 0xc1, 0xe0, 0x02, 0x50, 0xff, 0x35, 0x8c, 0xa9, 0x01, 0x01,
    0xe8, 0x77, 0xfb, 0xff, 0xff, 0x83, 0xc4, 0x20, 0xe9, 0x2d, 0xfe, 0xff,
    0xff, 0x89, 0xc2, 0xe9, 0x85, 0xfc, 0xff, 0xff, 0x00, 0x00, 0x00, 0x00,
    0x00, 0x00, 0x00, 0x00, 0x00, 0x00, 0x00, 0x00, 0x00, 0x00, 0x00, 0x00,
    0x00, 0x00, 0x00, 0x00, 0x00, 0x00, 0x00, 0x00, 0x8d, 0x4c, 0x24, 0x04,
    0x83, 0xe4, 0xf0, 0xff, 0x71, 0xfc, 0x55, 0x89, 0xe5, 0x57, 0x56, 0x53,
    0x51, 0x83, 0xec, 0x50, 0x6a, 0x40, 0x68, 0xa0, 0xa9, 0x01, 0x01, 0xe8,
    0x40, 0xf9, 0xff, 0xff, 0x83, 0xc4, 0x10, 0x80, 0x3d, 0xa0, 0xa9, 0x01,
    0x01, 0x00, 0x75, 0x23, 0x31, 0xc0, 0xba, 0x75, 0x00, 0x00, 0x00, 0x88,
    0x90, 0xa0, 0xa9, 0x01, 0x01, 0x83, 0xc0, 0x01, 0x0f, 0xb6, 0x90, 0x94,
    0x19, 0x00, 0x01, 0x83, 0xf8, 0x0c, 0x75, 0xeb, 0xc6, 0x05, 0xac, 0xa9,
    0x01, 0x01, 0x00, 0x83, 0xec, 0x0c, 0x68, 0xa0, 0xa9, 0x01, 0x01, 0xe8,
    0x04, 0xf8, 0xff, 0xff, 0x83, 0xc4, 0x10, 0x85, 0xc0, 0x0f, 0x8e, 0xe7,
    0x00, 0x00, 0x00, 0xba, 0x80, 0xbb, 0x00, 0x00, 0x53, 0x39, 0xd0, 0x0f,
    0x4f, 0xc2, 0x50, 0x68, 0xc0, 0xed, 0x00, 0x01, 0x68, 0xa0, 0xa9, 0x01,
    0x01, 0xe8, 0x9e, 0xf7, 0xff, 0xff, 0x83, 0xc4, 0x10, 0x85, 0xc0, 0x0f,
    0x8e, 0xc1, 0x00, 0x00, 0x00, 0x31, 0xc9, 0xc6, 0x80, 0xc0, 0xed, 0x00,
    0x01, 0x00, 0xc7, 0x05, 0xa8, 0x19, 0x00, 0x01, 0x01, 0x00, 0x00, 0x00,
    0x89, 0x0d, 0x00, 0xaa, 0x01, 0x01, 0x80, 0x3d, 0xc0, 0xed, 0x00, 0x01,
    0x00, 0x0f, 0x84, 0x87, 0x00, 0x00, 0x00, 0xc6, 0x45, 0xc4, 0x00, 0xb9,
    0x01, 0x00, 0x00, 0x00, 0x31, 0xd2, 0x0f, 0xbe, 0x82, 0xc0, 0xed, 0x00,
    0x01, 0x8d, 0xb2, 0xc0, 0xed, 0x00, 0x01, 0xbb, 0x01, 0x00, 0x00, 0x00,
    0x84, 0xc0, 0x0f, 0x89, 0x2a, 0x08, 0x00, 0x00, 0x89, 0xc3, 0x83, 0xe3,
    0xe0, 0x80, 0xfb, 0xc0, 0x0f, 0x84, 0x04, 0x08, 0x00, 0x00, 0x89, 0xc3,
    0x83, 0xe3, 0xf0, 0x80, 0xfb, 0xe0, 0x0f, 0x84, 0x79, 0x08, 0x00, 0x00,
    0x83, 0xc2, 0x01, 0xb8, 0x3f, 0x00, 0x00, 0x00, 0x8d, 0x71, 0xff, 0x8b,
    0x1c, 0xb5, 0x00, 0xaa, 0x01, 0x01, 0x83, 0xfb, 0x4f, 0x7f, 0x19, 0x8d,
    0x3c, 0xb6, 0xc1, 0xe7, 0x04, 0x01, 0xdf, 0x83, 0xc3, 0x01, 0x89, 0x04,
    0xbd, 0x20, 0xad, 0x01, 0x01, 0x89, 0x1c, 0xb5, 0x00, 0xaa, 0x01, 0x01,
    0x80, 0xba, 0xc0, 0xed, 0x00, 0x01, 0x00, 0x75, 0x91, 0x89, 0xc8, 0x80,
    0x7d, 0xc4, 0x00, 0x74, 0x05, 0xa3, 0xa8, 0x19, 0x00, 0x01, 0x31, 0xd2,
    0x89, 0x15, 0xe8, 0xa9, 0x01, 0x01, 0x89, 0x15, 0xe4, 0xa9, 0x01, 0x01,
    0x89, 0x15, 0xe0, 0xa9, 0x01, 0x01, 0xe8, 0xad, 0xf8, 0xff, 0xff, 0x8d,
    0x7d, 0xd4, 0xc7, 0x45, 0xd4, 0x04, 0x00, 0x00, 0x00, 0xc7, 0x45, 0xd8,
    0x80, 0x02, 0x00, 0x00, 0xc7, 0x45, 0xdc, 0xa0, 0x01, 0x00, 0x00, 0x89,
    0x45, 0xe0, 0xc7, 0x45, 0xe4, 0x00, 0x00, 0x00, 0x00, 0xe8, 0x06, 0xf9,
    0xff, 0xff, 0x83, 0xec, 0x08, 0x57, 0x50, 0xe8, 0x9c, 0xf8, 0xff, 0xff,
    0x83, 0xc4, 0x10, 0xeb, 0x0c, 0x8d, 0xb4, 0x26, 0x00, 0x00, 0x00, 0x00,
    0xe8, 0x4b, 0xf8, 0xff, 0xff, 0x83, 0xec, 0x0c, 0x8d, 0x45, 0xd4, 0x50,
    0xe8, 0x9f, 0xf8, 0xff, 0xff, 0x83, 0xc4, 0x10, 0x85, 0xc0, 0x75, 0xe8,
    0x83, 0x7d, 0xd4, 0x05, 0x75, 0xe2, 0xc7, 0x05, 0x84, 0xa9, 0x01, 0x01,
    0x80, 0x02, 0x00, 0x00, 0x8b, 0x45, 0xd8, 0xc7, 0x05, 0x80, 0xa9, 0x01,
    0x01, 0xa0, 0x01, 0x00, 0x00, 0xa3, 0x88, 0xa9, 0x01, 0x01, 0x8b, 0x45,
    0xdc, 0x83, 0xc0, 0x30, 0xc1, 0xe0, 0x14, 0xa3, 0x8c, 0xa9, 0x01, 0x01,
    0xe8, 0x63, 0xfa, 0xff, 0xff, 0xeb, 0x10, 0x90, 0x83, 0xf8, 0x07, 0x75,
    0x05, 0xe8, 0x96, 0xf7, 0xff, 0xff, 0xe8, 0xf1, 0xf7, 0xff, 0xff, 0x83,
    0xec, 0x0c, 0x8d, 0x45, 0xd4, 0x50, 0xe8, 0x45, 0xf8, 0xff, 0xff, 0x83,
    0xc4, 0x10, 0x89, 0xc3, 0x85, 0xc0, 0x75, 0xe6, 0x8b, 0x45, 0xd4, 0x83,
    0xf8, 0x01, 0x75, 0xd4, 0x8b, 0x45, 0xd8, 0x3d, 0x07, 0x01, 0x00, 0x00,
    0x0f, 0x87, 0x4f, 0x05, 0x00, 0x00, 0x3d, 0x00, 0x01, 0x00, 0x00, 0x0f,
    0x86, 0xfc, 0x00, 0x00, 0x00, 0x2d, 0x02, 0x01, 0x00, 0x00, 0x83, 0xf8,
    0x05, 0x0f, 0x87, 0xef, 0x03, 0x00, 0x00, 0xff, 0x24, 0x85, 0x5c, 0x12,
    0x00, 0x01, 0xc7, 0x05, 0xe4, 0xa9, 0x01, 0x01, 0x00, 0x00, 0x00, 0x00,
    0x8d, 0x74, 0x26, 0x00, 0x2e, 0x8d, 0xb4, 0x26, 0x00, 0x00, 0x00, 0x00,
    0xe8, 0xeb, 0xf9, 0xff, 0xff, 0xeb, 0x93, 0xa1, 0xe8, 0xa9, 0x01, 0x01,
    0x8b, 0x15, 0xe4, 0xa9, 0x01, 0x01, 0x39, 0x14, 0x85, 0x00, 0xaa, 0x01,
    0x01, 0x0f, 0x8e, 0xc3, 0x04, 0x00, 0x00, 0x83, 0xc2, 0x01, 0x89, 0x15,
    0xe4, 0xa9, 0x01, 0x01, 0xeb, 0xd6, 0xa1, 0xe4, 0xa9, 0x01, 0x01, 0x85,
    0xc0, 0x0f, 0x8e, 0x4f, 0x05, 0x00, 0x00, 0x83, 0xe8, 0x01, 0xa3, 0xe4,
    0xa9, 0x01, 0x01, 0xeb, 0xbf, 0x8b, 0x3d, 0xa8, 0x19, 0x00, 0x01, 0xa1,
    0xe8, 0xa9, 0x01, 0x01, 0x8d, 0x57, 0xff, 0x39, 0xc2, 0x7e, 0xad, 0x83,
    0xc0, 0x01, 0xa3, 0xe8, 0xa9, 0x01, 0x01, 0x8b, 0x04, 0x85, 0x00, 0xaa,
    0x01, 0x01, 0x3b, 0x05, 0xe4, 0xa9, 0x01, 0x01, 0x7d, 0x96, 0xa3, 0xe4,
    0xa9, 0x01, 0x01, 0xeb, 0x8f, 0xa1, 0xe8, 0xa9, 0x01, 0x01, 0x8b, 0x04,
    0x85, 0x00, 0xaa, 0x01, 0x01, 0xeb, 0xeb, 0xa1, 0xe8, 0xa9, 0x01, 0x01,
    0x8b, 0x0d, 0xe4, 0xa9, 0x01, 0x01, 0x8b, 0x14, 0x85, 0x00, 0xaa, 0x01,
    0x01, 0x39, 0xca, 0x0f, 0x8e, 0x66, 0x03, 0x00, 0x00, 0x8d, 0x72, 0xff,
    0x39, 0xf1, 0x7d, 0x25, 0x8d, 0x1c, 0x80, 0xc1, 0xe3, 0x04, 0x01, 0xd9,
    0x01, 0xd3, 0x8d, 0x0c, 0x8d, 0x20, 0xad, 0x01, 0x01, 0x8d, 0x1c, 0x9d,
    0x1c, 0xad, 0x01, 0x01, 0x8b, 0x51, 0x04, 0x83, 0xc1, 0x04, 0x89, 0x51,
    0xfc, 0x39, 0xd9, 0x75, 0xf3, 0x89, 0x34, 0x85, 0x00, 0xaa, 0x01, 0x01,
    0xe9, 0x2f, 0xff, 0xff, 0xff, 0x83, 0xf8, 0x0d, 0x0f, 0x84, 0xe0, 0x01,
    0x00, 0x00, 0x83, 0xf8, 0x13, 0x74, 0x6f, 0x83, 0xf8, 0x08, 0x0f, 0x85,
    0x1f, 0x04, 0x00, 0x00, 0x8b, 0x15, 0xe4, 0xa9, 0x01, 0x01, 0xa1, 0xe8,
    0xa9, 0x01, 0x01, 0x85, 0xd2, 0x0f, 0x8e, 0xc0, 0x04, 0x00, 0x00, 0x8b,
    0x0c, 0x85, 0x00, 0xaa, 0x01, 0x01, 0x8d, 0x72, 0xff, 0x8d, 0x79, 0xff,
    0x39, 0xca, 0x7d, 0x30, 0x8d, 0x1c, 0x80, 0xc1, 0xe3, 0x04, 0x01, 0xda,
    0x01, 0xd9, 0x8d, 0x14, 0x95, 0x20, 0xad, 0x01, 0x01, 0x8d, 0x1c, 0x8d,
    0x20, 0xad, 0x01, 0x01, 0x8d, 0x74, 0x26, 0x00, 0x2e, 0x8d, 0xb4, 0x26,
    0x00, 0x00, 0x00, 0x00, 0x8b, 0x0a, 0x83, 0xc2, 0x04, 0x89, 0x4a, 0xf8,
    0x39, 0xd3, 0x75, 0xf4, 0x89, 0x3c, 0x85, 0x00, 0xaa, 0x01, 0x01, 0x89,
    0x35, 0xe4, 0xa9, 0x01, 0x01, 0xe9, 0xb2, 0xfe, 0xff, 0xff, 0xa1, 0xa8,
    0x19, 0x00, 0x01, 0x89, 0x45, 0xb4, 0x85, 0xc0, 0x0f, 0x8e, 0xe9, 0x05,
    0x00, 0x00, 0x89, 0x5d, 0xb0, 0x83, 0xe8, 0x01, 0xb9, 0x20, 0xad, 0x01,
    0x01, 0x31, 0xff, 0x89, 0x45, 0xb8, 0x31, 0xc0, 0x8b, 0x34, 0x85, 0x00,
    0xaa, 0x01, 0x01, 0x85, 0xf6, 0x0f, 0x8e, 0x88, 0x00, 0x00, 0x00, 0x8d,
    0x14, 0x80, 0x89, 0x45, 0xc0, 0xc1, 0xe2, 0x04, 0x89, 0x4d, 0xbc, 0x01,
    0xf2, 0x8d, 0x34, 0x95, 0x20, 0xad, 0x01, 0x01, 0x89, 0xca, 0x89, 0x75,
    0xc4, 0xeb, 0x44, 0x2e, 0x8d, 0x74, 0x26, 0x00, 0x89, 0xc3, 0x89, 0xc1,
    0x83, 0xe3, 0x3f, 0xc1, 0xe9, 0x06, 0x83, 0xcb, 0x80, 0x3d, 0xff, 0x07,
    0x00, 0x00, 0x0f, 0x86, 0xf0, 0x00, 0x00, 0x00, 0xc1, 0xe8, 0x0c, 0x83,
    0xe1, 0x3f, 0x83, 0xc8, 0xe0, 0x83, 0xc9, 0x80, 0x88, 0x87, 0xc0, 0x19,
    0x00, 0x01, 0xb8, 0x03, 0x00, 0x00, 0x00, 0x88, 0x4e, 0x01, 0x88, 0x5e,
    0x02, 0x01, 0xc7, 0x83, 0xc2, 0x04, 0x3b, 0x55, 0xc4, 0x74, 0x22, 0x8b,
    0x02, 0x8d, 0xb7, 0xc0, 0x19, 0x00, 0x01, 0x83, 0xf8, 0x7f, 0x77, 0xb4,
    0x88, 0x87, 0xc0, 0x19, 0x00, 0x01, 0xb8, 0x01, 0x00, 0x00, 0x00, 0x83,
    0xc2, 0x04, 0x01, 0xc7, 0x3b, 0x55, 0xc4, 0x75, 0xde, 0x8b, 0x45, 0xc0,
    0x8b, 0x4d, 0xbc, 0x39, 0x45, 0xb8, 0x7e, 0x0a, 0xc6, 0x87, 0xc0, 0x19,
    0x00, 0x01, 0x0a, 0x83, 0xc7, 0x01, 0x83, 0xc0, 0x01, 0x81, 0xc1, 0x40,
    0x01, 0x00, 0x00, 0x3b, 0x45, 0xb4, 0x0f, 0x85, 0x48, 0xff, 0xff, 0xff,
    0x8b, 0x5d, 0xb0, 0x83, 0xec, 0x04, 0x57, 0x68, 0xc0, 0x19, 0x00, 0x01,
    0x68, 0xa0, 0xa9, 0x01, 0x01, 0xe8, 0x72, 0xf3, 0xff, 0xff, 0x83, 0xc4,
    0x10, 0x85, 0xc0, 0x0f, 0x88, 0x63, 0x03, 0x00, 0x00, 0xba, 0x74, 0x19,
    0x00, 0x01, 0xb8, 0xd1, 0xff, 0xff, 0xff, 0xeb, 0x20, 0xeb, 0x19, 0x90,
    0x2e, 0x8d, 0xb4, 0x26, 0x00, 0x00, 0x00, 0x00, 0x2e, 0x8d, 0xb4, 0x26,
    0x00, 0x00, 0x00, 0x00, 0x2e, 0x8d, 0xb4, 0x26, 0x00, 0x00, 0x00, 0x00,
    0x83, 0xfb, 0x1f, 0x74, 0x11, 0x88, 0x83, 0x60, 0xa9, 0x01, 0x01, 0x83,
    0xc3, 0x01, 0x0f, 0xb6, 0x04, 0x1a, 0x84, 0xc0, 0x75, 0xea, 0xc6, 0x83,
    0x60, 0xa9, 0x01, 0x01, 0x00, 0xe8, 0xde, 0xf3, 0xff, 0xff, 0x05, 0xc8,
    0x00, 0x00, 0x00, 0xa3, 0x44, 0xa9, 0x01, 0x01, 0xe9, 0x5f, 0xfd, 0xff,
    0xff, 0x8d, 0xb4, 0x26, 0x00, 0x00, 0x00, 0x00, 0x83, 0xc9, 0xc0, 0x88,
    0x5e, 0x01, 0xb8, 0x02, 0x00, 0x00, 0x00, 0x88, 0x0e, 0xe9, 0x1b, 0xff,
    0xff, 0xff, 0x8b, 0x15, 0xa8, 0x19, 0x00, 0x01, 0x81, 0xfa, 0xc7, 0x00,
    0x00, 0x00, 0x0f, 0x8f, 0x34, 0xfd, 0xff, 0xff, 0xa1, 0xe8, 0xa9, 0x01,
    0x01, 0x89, 0x45, 0xc0, 0x83, 0xc0, 0x01, 0x89, 0x45, 0xc4, 0x39, 0xc2,
    0x7e, 0x69, 0x69, 0xf2, 0xc0, 0xfe, 0xff, 0xff, 0x89, 0x55, 0xbc, 0x8d,
    0x5c, 0x92, 0xfb, 0x89, 0xd7, 0xb9, 0x60, 0xae, 0x01, 0x01, 0xc1, 0xe3,
    0x06, 0x29, 0xf1, 0x90, 0x2e, 0x8d, 0xb4, 0x26, 0x00, 0x00, 0x00, 0x00,
    0x81, 0xe9, 0x40, 0x01, 0x00, 0x00, 0x83, 0xef, 0x01, 0x89, 0xc8, 0xeb,
    0x06, 0x8d, 0x76, 0x00, 0x83, 0xc0, 0x04, 0x8d, 0x14, 0x30, 0x8b, 0x14,
    0x1a, 0x89, 0x10, 0x8d, 0x90, 0xc4, 0xfe, 0xff, 0xff, 0x39, 0xca, 0x75,
    0xeb, 0x8b, 0x04, 0xbd, 0x00, 0xaa, 0x01, 0x01, 0x81, 0xc6, 0x40, 0x01,
    0x00, 0x00, 0x81, 0xeb, 0x40, 0x01, 0x00, 0x00, 0x89, 0x04, 0xbd, 0x04,
    0xaa, 0x01, 0x01, 0x3b, 0x7d, 0xc4, 0x75, 0xbc, 0x8b, 0x55, 0xbc, 0x8b,
    0x45, 0xc0, 0x8b, 0x0d, 0xe4, 0xa9, 0x01, 0x01, 0x8b, 0x04, 0x85, 0x00,
    0xaa, 0x01, 0x01, 0x89, 0xc6, 0x89, 0x45, 0xbc, 0x29, 0xce, 0x85, 0xf6,
    0x7e, 0x3f, 0x8b, 0x45, 0xc4, 0x8d, 0x1c, 0x80, 0x89, 0xd8, 0xc1, 0xe3,
    0x04, 0xc1, 0xe0, 0x06, 0x01, 0xf3, 0x05, 0x20, 0xad, 0x01, 0x01, 0x8d,
    0x1c, 0x9d, 0x20, 0xad, 0x01, 0x01, 0x66, 0x90, 0x2e, 0x8d, 0xb4, 0x26,
    0x00, 0x00, 0x00, 0x00, 0x2e, 0x8d, 0xb4, 0x26, 0x00, 0x00, 0x00, 0x00,
    0x8b, 0xbc, 0x88, 0xc0, 0xfe, 0xff, 0xff, 0x83, 0xc0, 0x04, 0x89, 0x78,
    0xfc, 0x39, 0xd8, 0x75, 0xef, 0x8b, 0x7d, 0xc4, 0x8b, 0x45, 0xc0, 0xc7,
    0x05, 0xe4, 0xa9, 0x01, 0x01, 0x00, 0x00, 0x00, 0x00, 0x89, 0x34, 0xbd,
    0x00, 0xaa, 0x01, 0x01, 0x89, 0x0c, 0x85, 0x00, 0xaa, 0x01, 0x01, 0x8d,
    0x42, 0x01, 0xa3, 0xa8, 0x19, 0x00, 0x01, 0x89, 0x3d, 0xe8, 0xa9, 0x01,
    0x01, 0xe9, 0x2e, 0xfc, 0xff, 0xff, 0xa1, 0xe8, 0xa9, 0x01, 0x01, 0x85,
    0xc0, 0x0f, 0x8e, 0x21, 0xfc, 0xff, 0xff, 0x83, 0xe8, 0x01, 0xa3, 0xe8,
    0xa9, 0x01, 0x01, 0x8b, 0x04, 0x85, 0x00, 0xaa, 0x01, 0x01, 0x3b, 0x05,
    0xe4, 0xa9, 0x01, 0x01, 0x0f, 0x8d, 0x06, 0xfc, 0xff, 0xff, 0xe9, 0x6b,
    0xfc, 0xff, 0xff, 0x8b, 0x3d, 0xa8, 0x19, 0x00, 0x01, 0x83, 0xef, 0x01,
    0x89, 0x7d, 0xc4, 0x39, 0xf8, 0x0f, 0x8d, 0xed, 0xfb, 0xff, 0xff, 0x8d,
    0x78, 0x01, 0x8b, 0x0c, 0xbd, 0x00, 0xaa, 0x01, 0x01, 0x89, 0x7d, 0xc0,
    0x89, 0xfe, 0x85, 0xc9, 0x0f, 0x8e, 0x33, 0x03, 0x00, 0x00, 0x69, 0x7d,
    0xc0, 0x40, 0x01, 0x00, 0x00, 0x89, 0x45, 0xbc, 0x01, 0xd1, 0x6b, 0xda,
    0xfc, 0x01, 0xfb, 0xeb, 0x15, 0x8b, 0x84, 0x93, 0x20, 0xad, 0x01, 0x01,
    0x89, 0x84, 0x97, 0xe0, 0xab, 0x01, 0x01, 0x83, 0xc2, 0x01, 0x39, 0xca,
    0x74, 0x05, 0x83, 0xfa, 0x4f, 0x7e, 0xe6, 0x8b, 0x45, 0xbc, 0xba, 0x50,
    0x00, 0x00, 0x00, 0x8b, 0x7d, 0xc0, 0x39, 0xd1, 0x0f, 0x4e, 0xd1, 0x89,
    0x14, 0x85, 0x00, 0xaa, 0x01, 0x01, 0x39, 0x7d, 0xc4, 0x7e, 0x62, 0x69,
    0xc0, 0x40, 0x01, 0x00, 0x00, 0x69, 0xdf, 0xc0, 0xfe, 0xff, 0xff, 0x8d,
    0x88, 0xa0, 0xaf, 0x01, 0x01, 0x8d, 0xb8, 0x80, 0x02, 0x00, 0x00, 0x83,
    0xc6, 0x01, 0x8d, 0x81, 0xc0, 0xfe, 0xff, 0xff, 0x8d, 0x74, 0x26, 0x00,
    0x2e, 0x8d, 0xb4, 0x26, 0x00, 0x00, 0x00, 0x00, 0x8d, 0x14, 0x18, 0x83,
    0xc0, 0x04, 0x8b, 0x14, 0x3a, 0x89, 0x50, 0xfc, 0x39, 0xc8, 0x75, 0xf0,
    0x8b, 0x04, 0xb5, 0x00, 0xaa, 0x01, 0x01, 0x81, 0xeb, 0x40, 0x01, 0x00,
    0x00, 0x81, 0xc7, 0x40, 0x01, 0x00, 0x00, 0x81, 0xc1, 0x40, 0x01, 0x00,
    0x00, 0x89, 0x04, 0xb5, 0xfc, 0xa9, 0x01, 0x01, 0x39, 0x75, 0xc4, 0x75,
    0xb6, 0x8b, 0x45, 0xc4, 0xa3, 0xa8, 0x19, 0x00, 0x01, 0xe9, 0x1e, 0xfb,
    0xff, 0xff, 0x8b, 0x3d, 0xa8, 0x19, 0x00, 0x01, 0x8d, 0x57, 0xff, 0x39,
    0xd0, 0x0f, 0x8d, 0x0d, 0xfb, 0xff, 0xff, 0x83, 0xc0, 0x01, 0xa3, 0xe8,
    0xa9, 0x01, 0x01, 0x31, 0xc0, 0xa3, 0xe4, 0xa9, 0x01, 0x01, 0xe9, 0xf9,
    0xfa, 0xff, 0xff, 0x83, 0xf8, 0x1f, 0x0f, 0x86, 0xf0, 0xfa, 0xff, 0xff,
    0x83, 0xf8, 0x7f, 0x0f, 0x84, 0xe7, 0xfa, 0xff, 0xff, 0x8b, 0x35, 0xe8,
    0xa9, 0x01, 0x01, 0x8b, 0x0c, 0xb5, 0x00, 0xaa, 0x01, 0x01, 0x83, 0xf9,
    0x4f, 0x0f, 0x8f, 0xd1, 0xfa, 0xff, 0xff, 0x8b, 0x1d, 0xe4, 0xa9, 0x01,
    0x01, 0x39, 0xd9, 0x7e, 0x29, 0x6b, 0xfe, 0x50, 0x89, 0x45, 0xc4, 0x8d,
    0x14, 0x39, 0x01, 0xdf, 0x8d, 0x14, 0x95, 0x20, 0xad, 0x01, 0x01, 0x8d,
    0x3c, 0xbd, 0x20, 0xad, 0x01, 0x01, 0x8b, 0x42, 0xfc, 0x83, 0xea, 0x04,
    0x89, 0x42, 0x04, 0x39, 0xd7, 0x75, 0xf3, 0x8b, 0x45, 0xc4, 0x6b, 0xd6,
    0x50, 0x83, 0xc1, 0x01, 0x89, 0x0c, 0xb5, 0x00, 0xaa, 0x01, 0x01, 0x01,
    0xda, 0x83, 0xc3, 0x01, 0x89, 0x04, 0x95, 0x20, 0xad, 0x01, 0x01, 0x89,
    0x1d, 0xe4, 0xa9, 0x01, 0x01, 0xe9, 0x7a, 0xfa, 0xff, 0xff, 0xa1, 0xe8,
    0xa9, 0x01, 0x01, 0x85, 0xc0, 0x0f, 0x8e, 0x6d, 0xfa, 0xff, 0xff, 0x83,
    0xe8, 0x01, 0xa3, 0xe8, 0xa9, 0x01, 0x01, 0x8b, 0x04, 0x85, 0x00, 0xaa,
    0x01, 0x01, 0xa3, 0xe4, 0xa9, 0x01, 0x01, 0xe9, 0x54, 0xfa, 0xff, 0xff,
    0xba, 0x87, 0x19, 0x00, 0x01, 0xb8, 0xd0, 0xff, 0xff, 0xff, 0xe9, 0xba,
    0xfc, 0xff, 0xff, 0x85, 0xc0, 0x0f, 0x8e, 0x3d, 0xfa, 0xff, 0xff, 0x8b,
    0x1c, 0x85, 0x00, 0xaa, 0x01, 0x01, 0x8d, 0x78, 0xff, 0x89, 0x7d, 0xc0,
    0x8b, 0x14, 0xbd, 0x00, 0xaa, 0x01, 0x01, 0x85, 0xdb, 0x0f, 0x8e, 0x85,
    0x01, 0x00, 0x00, 0x69, 0xf8, 0x40, 0x01, 0x00, 0x00, 0x89, 0x45, 0xc4,
    0x89, 0xd1, 0x01, 0xd3, 0x6b, 0xf2, 0xfc, 0x01, 0xfe, 0xeb, 0x15, 0x8b,
    0x84, 0x8e, 0x20, 0xad, 0x01, 0x01, 0x89, 0x84, 0x8f, 0xe0, 0xab, 0x01,
    0x01, 0x83, 0xc1, 0x01, 0x39, 0xd9, 0x74, 0x05, 0x83, 0xf9, 0x4f, 0x7e,
    0xe6, 0x8b, 0x45, 0xc4, 0xb9, 0x50, 0x00, 0x00, 0x00, 0x8b, 0x7d, 0xc0,
    0x39, 0xcb, 0x0f, 0x4e, 0xcb, 0x89, 0x0c, 0xbd, 0x00, 0xaa, 0x01, 0x01,
    0x8b, 0x3d, 0xa8, 0x19, 0x00, 0x01, 0x83, 0xef, 0x01, 0x89, 0x7d, 0xc4,
    0x39, 0xf8, 0x0f, 0x8d, 0xbf, 0x00, 0x00, 0x00, 0x69, 0xf0, 0xc0, 0xfe,
    0xff, 0xff, 0x8d, 0x78, 0x01, 0x89, 0x55, 0xbc, 0x69, 0xc0, 0x40, 0x01,
    0x00, 0x00, 0x69, 0xdf, 0x40, 0x01, 0x00, 0x00, 0x8d, 0x88, 0x60, 0xae,
    0x01, 0x01, 0x8d, 0x81, 0xc0, 0xfe, 0xff, 0xff, 0x8d, 0x74, 0x26, 0x00,
    0x8d, 0x14, 0x30, 0x83, 0xc0, 0x04, 0x8b, 0x14, 0x1a, 0x89, 0x50, 0xfc,
    0x39, 0xc8, 0x75, 0xf0, 0x8b, 0x04, 0xbd, 0x00, 0xaa, 0x01, 0x01, 0x81,
    0xee, 0x40, 0x01, 0x00, 0x00, 0x81, 0xc3, 0x40, 0x01, 0x00, 0x00, 0x81,
    0xc1, 0x40, 0x01, 0x00, 0x00, 0x89, 0x04, 0xbd, 0xfc, 0xa9, 0x01, 0x01,
    0x3b, 0x7d, 0xc4, 0x74, 0x5f, 0x83, 0xc7, 0x01, 0xeb, 0xbc, 0xc1, 0xe0,
    0x06, 0x25, 0xc0, 0x07, 0x00, 0x00, 0x89, 0xc3, 0x0f, 0xb6, 0x46, 0x01,
    0x83, 0xe0, 0x3f, 0x09, 0xd8, 0xbb, 0x02, 0x00, 0x00, 0x00, 0x01, 0xda,
    0x83, 0xf8, 0x0a, 0x75, 0x2d, 0xc7, 0x04, 0x8d, 0x00, 0xaa, 0x01, 0x01,
    0x00, 0x00, 0x00, 0x00, 0x8d, 0x41, 0x01, 0x80, 0xba, 0xc0, 0xed, 0x00,
    0x01, 0x00, 0x0f, 0x84, 0x11, 0xf8, 0xff, 0xff, 0x3d, 0xc8, 0x00, 0x00,
    0x00, 0x74, 0x73, 0xc6, 0x45, 0xc4, 0x01, 0x89, 0xc1, 0xe9, 0x88, 0xf7,
    0xff, 0xff, 0x83, 0xf8, 0x0d, 0x0f, 0x84, 0xe5, 0xf7, 0xff, 0xff, 0xe9,
    0xb8, 0xf7, 0xff, 0xff, 0x8b, 0x55, 0xbc, 0x8b, 0x45, 0xc4, 0xa3, 0xa8,
    0x19, 0x00, 0x01, 0x8b, 0x45, 0xc0, 0xa3, 0xe8, 0xa9, 0x01, 0x01, 0x8b,
    0x04, 0x85, 0x00, 0xaa, 0x01, 0x01, 0x39, 0xd0, 0x0f, 0x4f, 0xc2, 0xa3,
    0xe4, 0xa9, 0x01, 0x01, 0xe9, 0xe3, 0xf8, 0xff, 0xff, 0x0f, 0xb6, 0x5e,
    0x01, 0xc1, 0xe0, 0x0c, 0x0f, 0xb6, 0x76, 0x02, 0x25, 0x00, 0xf0, 0x00,
    0x00, 0xc1, 0xe3, 0x06, 0x83, 0xe6, 0x3f, 0x81, 0xe3, 0xc0, 0x0f, 0x00,
    0x00, 0x09, 0xd8, 0xbb, 0x03, 0x00, 0x00, 0x00, 0x09, 0xf0, 0xe9, 0x6b,
    0xff, 0xff, 0xff, 0x31, 0xff, 0xe9, 0xdd, 0xfa, 0xff, 0xff, 0xc7, 0x05,
    0xa8, 0x19, 0x00, 0x01, 0xc8, 0x00, 0x00, 0x00, 0xe9, 0x8d, 0xf7, 0xff,
    0xff, 0x01, 0xd1, 0xe9, 0xf6, 0xfc, 0xff, 0xff, 0x01, 0xd3, 0xe9, 0xa5,
    0xfe, 0xff, 0xff, 0x00, 0x31, 0x0b, 0x00, 0x01, 0x1a, 0x0b, 0x00, 0x01,
    0xf7, 0x0a, 0x00, 0x01, 0xda, 0x0a, 0x00, 0x01, 0x61, 0x0b, 0x00, 0x01,
    0x6f, 0x0b, 0x00, 0x01, 0x14, 0x00, 0x00, 0x00, 0x00, 0x00, 0x00, 0x00,
    0x01, 0x7a, 0x52, 0x00, 0x01, 0x7c, 0x08, 0x01, 0x1b, 0x0c, 0x04, 0x04,
    0x88, 0x01, 0x00, 0x00, 0x1c, 0x00, 0x00, 0x00, 0x1c, 0x00, 0x00, 0x00,
    0x6c, 0xed, 0xff, 0xff, 0x1b, 0x00, 0x00, 0x00, 0x00, 0x41, 0x0e, 0x08,
    0x87, 0x02, 0x41, 0x0e, 0x0c, 0x86, 0x03, 0x41, 0x0e, 0x10, 0x83, 0x04,
    0x28, 0x00, 0x00, 0x00, 0x3c, 0x00, 0x00, 0x00, 0x6c, 0xed, 0xff, 0xff,
    0x17, 0x00, 0x00, 0x00, 0x00, 0x43, 0x0e, 0x08, 0x87, 0x02, 0x43, 0x0e,
    0x0c, 0x86, 0x03, 0x45, 0x0e, 0x10, 0x83, 0x04, 0x49, 0xc3, 0x0e, 0x0c,
    0x41, 0xc6, 0x0e, 0x08, 0x41, 0xc7, 0x0e, 0x04, 0x28, 0x00, 0x00, 0x00,
    0x68, 0x00, 0x00, 0x00, 0x60, 0xed, 0xff, 0xff, 0x1a, 0x00, 0x00, 0x00,
    0x00, 0x43, 0x0e, 0x08, 0x87, 0x02, 0x46, 0x0e, 0x0c, 0x86, 0x03, 0x47,
    0x0e, 0x10, 0x83, 0x04, 0x47, 0xc3, 0x0e, 0x0c, 0x41, 0xc6, 0x0e, 0x08,
    0x41, 0xc7, 0x0e, 0x04, 0x28, 0x00, 0x00, 0x00, 0x94, 0x00, 0x00, 0x00,
    0x54, 0xed, 0xff, 0xff, 0x1a, 0x00, 0x00, 0x00, 0x00, 0x43, 0x0e, 0x08,
    0x87, 0x02, 0x46, 0x0e, 0x0c, 0x86, 0x03, 0x47, 0x0e, 0x10, 0x83, 0x04,
    0x47, 0xc3, 0x0e, 0x0c, 0x41, 0xc6, 0x0e, 0x08, 0x41, 0xc7, 0x0e, 0x04,
    0x28, 0x00, 0x00, 0x00, 0xc0, 0x00, 0x00, 0x00, 0x48, 0xed, 0xff, 0xff,
    0x1b, 0x00, 0x00, 0x00, 0x00, 0x43, 0x0e, 0x08, 0x87, 0x02, 0x46, 0x0e,
    0x0c, 0x86, 0x03, 0x47, 0x0e, 0x10, 0x83, 0x04, 0x48, 0xc3, 0x0e, 0x0c,
    0x41, 0xc6, 0x0e, 0x08, 0x41, 0xc7, 0x0e, 0x04, 0x28, 0x00, 0x00, 0x00,
    0xec, 0x00, 0x00, 0x00, 0x3c, 0xed, 0xff, 0xff, 0x1e, 0x00, 0x00, 0x00,
    0x00, 0x41, 0x0e, 0x08, 0x87, 0x02, 0x46, 0x0e, 0x0c, 0x86, 0x03, 0x43,
    0x0e, 0x10, 0x83, 0x04, 0x51, 0xc3, 0x0e, 0x0c, 0x41, 0xc6, 0x0e, 0x08,
    0x41, 0xc7, 0x0e, 0x04, 0x28, 0x00, 0x00, 0x00, 0x18, 0x01, 0x00, 0x00,
    0x30, 0xed, 0xff, 0xff, 0x1e, 0x00, 0x00, 0x00, 0x00, 0x41, 0x0e, 0x08,
    0x87, 0x02, 0x46, 0x0e, 0x0c, 0x86, 0x03, 0x43, 0x0e, 0x10, 0x83, 0x04,
    0x51, 0xc3, 0x0e, 0x0c, 0x41, 0xc6, 0x0e, 0x08, 0x41, 0xc7, 0x0e, 0x04,
    0x28, 0x00, 0x00, 0x00, 0x44, 0x01, 0x00, 0x00, 0x24, 0xed, 0xff, 0xff,
    0x1a, 0x00, 0x00, 0x00, 0x00, 0x43, 0x0e, 0x08, 0x87, 0x02, 0x46, 0x0e,
    0x0c, 0x86, 0x03, 0x47, 0x0e, 0x10, 0x83, 0x04, 0x47, 0xc3, 0x0e, 0x0c,
    0x41, 0xc6, 0x0e, 0x08, 0x41, 0xc7, 0x0e, 0x04, 0x28, 0x00, 0x00, 0x00,
    0x70, 0x01, 0x00, 0x00, 0x18, 0xed, 0xff, 0xff, 0x1a, 0x00, 0x00, 0x00,
    0x00, 0x43, 0x0e, 0x08, 0x87, 0x02, 0x46, 0x0e, 0x0c, 0x86, 0x03, 0x47,
    0x0e, 0x10, 0x83, 0x04, 0x47, 0xc3, 0x0e, 0x0c, 0x41, 0xc6, 0x0e, 0x08,
    0x41, 0xc7, 0x0e, 0x04, 0x28, 0x00, 0x00, 0x00, 0x9c, 0x01, 0x00, 0x00,
    0x0c, 0xed, 0xff, 0xff, 0x1a, 0x00, 0x00, 0x00, 0x00, 0x43, 0x0e, 0x08,
    0x87, 0x02, 0x46, 0x0e, 0x0c, 0x86, 0x03, 0x47, 0x0e, 0x10, 0x83, 0x04,
    0x47, 0xc3, 0x0e, 0x0c, 0x41, 0xc6, 0x0e, 0x08, 0x41, 0xc7, 0x0e, 0x04,
    0x28, 0x00, 0x00, 0x00, 0xc8, 0x01, 0x00, 0x00, 0x00, 0xed, 0xff, 0xff,
    0x1e, 0x00, 0x00, 0x00, 0x00, 0x41, 0x0e, 0x08, 0x87, 0x02, 0x46, 0x0e,
    0x0c, 0x86, 0x03, 0x43, 0x0e, 0x10, 0x83, 0x04, 0x51, 0xc3, 0x0e, 0x0c,
    0x41, 0xc6, 0x0e, 0x08, 0x41, 0xc7, 0x0e, 0x04, 0x28, 0x00, 0x00, 0x00,
    0xf4, 0x01, 0x00, 0x00, 0xf4, 0xec, 0xff, 0xff, 0x18, 0x00, 0x00, 0x00,
    0x00, 0x41, 0x0e, 0x08, 0x87, 0x02, 0x46, 0x0e, 0x0c, 0x86, 0x03, 0x41,
    0x0e, 0x10, 0x83, 0x04, 0x4d, 0xc3, 0x0e, 0x0c, 0x41, 0xc6, 0x0e, 0x08,
    0x41, 0xc7, 0x0e, 0x04, 0x28, 0x00, 0x00, 0x00, 0x20, 0x02, 0x00, 0x00,
    0xe8, 0xec, 0xff, 0xff, 0x18, 0x00, 0x00, 0x00, 0x00, 0x41, 0x0e, 0x08,
    0x87, 0x02, 0x46, 0x0e, 0x0c, 0x86, 0x03, 0x41, 0x0e, 0x10, 0x83, 0x04,
    0x4d, 0xc3, 0x0e, 0x0c, 0x41, 0xc6, 0x0e, 0x08, 0x41, 0xc7, 0x0e, 0x04,
    0x28, 0x00, 0x00, 0x00, 0x4c, 0x02, 0x00, 0x00, 0xdc, 0xec, 0xff, 0xff,
    0x18, 0x00, 0x00, 0x00, 0x00, 0x41, 0x0e, 0x08, 0x87, 0x02, 0x46, 0x0e,
    0x0c, 0x86, 0x03, 0x41, 0x0e, 0x10, 0x83, 0x04, 0x4d, 0xc3, 0x0e, 0x0c,
    0x41, 0xc6, 0x0e, 0x08, 0x41, 0xc7, 0x0e, 0x04, 0x28, 0x00, 0x00, 0x00,
    0x78, 0x02, 0x00, 0x00, 0xd0, 0xec, 0xff, 0xff, 0x18, 0x00, 0x00, 0x00,
    0x00, 0x41, 0x0e, 0x08, 0x87, 0x02, 0x46, 0x0e, 0x0c, 0x86, 0x03, 0x41,
    0x0e, 0x10, 0x83, 0x04, 0x4d, 0xc3, 0x0e, 0x0c, 0x41, 0xc6, 0x0e, 0x08,
    0x41, 0xc7, 0x0e, 0x04, 0x28, 0x00, 0x00, 0x00, 0xa4, 0x02, 0x00, 0x00,
    0xc4, 0xec, 0xff, 0xff, 0x18, 0x00, 0x00, 0x00, 0x00, 0x41, 0x0e, 0x08,
    0x87, 0x02, 0x46, 0x0e, 0x0c, 0x86, 0x03, 0x41, 0x0e, 0x10, 0x83, 0x04,
    0x4d, 0xc3, 0x0e, 0x0c, 0x41, 0xc6, 0x0e, 0x08, 0x41, 0xc7, 0x0e, 0x04,
    0x28, 0x00, 0x00, 0x00, 0xd0, 0x02, 0x00, 0x00, 0xb8, 0xec, 0xff, 0xff,
    0x1c, 0x00, 0x00, 0x00, 0x00, 0x43, 0x0e, 0x08, 0x87, 0x02, 0x46, 0x0e,
    0x0c, 0x86, 0x03, 0x45, 0x0e, 0x10, 0x83, 0x04, 0x4b, 0xc3, 0x0e, 0x0c,
    0x41, 0xc6, 0x0e, 0x08, 0x41, 0xc7, 0x0e, 0x04, 0x1c, 0x00, 0x00, 0x00,
    0xfc, 0x02, 0x00, 0x00, 0xac, 0xec, 0xff, 0xff, 0x16, 0x00, 0x00, 0x00,
    0x00, 0x41, 0x0e, 0x08, 0x87, 0x02, 0x46, 0x0e, 0x0c, 0x86, 0x03, 0x41,
    0x0e, 0x10, 0x83, 0x04, 0x34, 0x00, 0x00, 0x00, 0x1c, 0x03, 0x00, 0x00,
    0xac, 0xec, 0xff, 0xff, 0x3e, 0x00, 0x00, 0x00, 0x00, 0x41, 0x0e, 0x08,
    0x85, 0x02, 0x46, 0x0e, 0x0c, 0x87, 0x03, 0x41, 0x0e, 0x10, 0x86, 0x04,
    0x41, 0x0e, 0x14, 0x83, 0x05, 0x71, 0xc3, 0x0e, 0x10, 0x41, 0xc6, 0x0e,
    0x0c, 0x41, 0xc7, 0x0e, 0x08, 0x41, 0xc5, 0x0e, 0x04, 0x00, 0x00, 0x00,
    0x28, 0x00, 0x00, 0x00, 0x54, 0x03, 0x00, 0x00, 0xb4, 0xec, 0xff, 0xff,
    0x18, 0x00, 0x00, 0x00, 0x00, 0x41, 0x0e, 0x08, 0x87, 0x02, 0x46, 0x0e,
    0x0c, 0x86, 0x03, 0x41, 0x0e, 0x10, 0x83, 0x04, 0x4d, 0xc3, 0x0e, 0x0c,
    0x41, 0xc6, 0x0e, 0x08, 0x41, 0xc7, 0x0e, 0x04, 0x28, 0x00, 0x00, 0x00,
    0x80, 0x03, 0x00, 0x00, 0xa8, 0xec, 0xff, 0xff, 0x18, 0x00, 0x00, 0x00,
    0x00, 0x41, 0x0e, 0x08, 0x87, 0x02, 0x46, 0x0e, 0x0c, 0x86, 0x03, 0x41,
    0x0e, 0x10, 0x83, 0x04, 0x4d, 0xc3, 0x0e, 0x0c, 0x41, 0xc6, 0x0e, 0x08,
    0x41, 0xc7, 0x0e, 0x04, 0x28, 0x00, 0x00, 0x00, 0xac, 0x03, 0x00, 0x00,
    0x9c, 0xec, 0xff, 0xff, 0x1c, 0x00, 0x00, 0x00, 0x00, 0x43, 0x0e, 0x08,
    0x87, 0x02, 0x46, 0x0e, 0x0c, 0x86, 0x03, 0x45, 0x0e, 0x10, 0x83, 0x04,
    0x4b, 0xc3, 0x0e, 0x0c, 0x41, 0xc6, 0x0e, 0x08, 0x41, 0xc7, 0x0e, 0x04,
    0x28, 0x00, 0x00, 0x00, 0xd8, 0x03, 0x00, 0x00, 0x90, 0xec, 0xff, 0xff,
    0x1a, 0x00, 0x00, 0x00, 0x00, 0x43, 0x0e, 0x08, 0x87, 0x02, 0x46, 0x0e,
    0x0c, 0x86, 0x03, 0x47, 0x0e, 0x10, 0x83, 0x04, 0x47, 0xc3, 0x0e, 0x0c,
    0x41, 0xc6, 0x0e, 0x08, 0x41, 0xc7, 0x0e, 0x04, 0x28, 0x00, 0x00, 0x00,
    0x04, 0x04, 0x00, 0x00, 0x84, 0xec, 0xff, 0xff, 0x18, 0x00, 0x00, 0x00,
    0x00, 0x41, 0x0e, 0x08, 0x87, 0x02, 0x46, 0x0e, 0x0c, 0x86, 0x03, 0x41,
    0x0e, 0x10, 0x83, 0x04, 0x4d, 0xc3, 0x0e, 0x0c, 0x41, 0xc6, 0x0e, 0x08,
    0x41, 0xc7, 0x0e, 0x04, 0x28, 0x00, 0x00, 0x00, 0x30, 0x04, 0x00, 0x00,
    0x78, 0xec, 0xff, 0xff, 0x18, 0x00, 0x00, 0x00, 0x00, 0x41, 0x0e, 0x08,
    0x87, 0x02, 0x46, 0x0e, 0x0c, 0x86, 0x03, 0x41, 0x0e, 0x10, 0x83, 0x04,
    0x4d, 0xc3, 0x0e, 0x0c, 0x41, 0xc6, 0x0e, 0x08, 0x41, 0xc7, 0x0e, 0x04,
    0x28, 0x00, 0x00, 0x00, 0x5c, 0x04, 0x00, 0x00, 0x6c, 0xec, 0xff, 0xff,
    0x20, 0x00, 0x00, 0x00, 0x00, 0x41, 0x0e, 0x08, 0x87, 0x02, 0x48, 0x0e,
    0x0c, 0x86, 0x03, 0x41, 0x0e, 0x10, 0x83, 0x04, 0x53, 0xc3, 0x0e, 0x0c,
    0x41, 0xc6, 0x0e, 0x08, 0x41, 0xc7, 0x0e, 0x04, 0x28, 0x00, 0x00, 0x00,
    0x88, 0x04, 0x00, 0x00, 0x60, 0xec, 0xff, 0xff, 0x22, 0x00, 0x00, 0x00,
    0x00, 0x41, 0x0e, 0x08, 0x87, 0x02, 0x46, 0x0e, 0x0c, 0x86, 0x03, 0x41,
    0x0e, 0x10, 0x83, 0x04, 0x57, 0xc3, 0x0e, 0x0c, 0x41, 0xc6, 0x0e, 0x08,
    0x41, 0xc7, 0x0e, 0x04, 0x30, 0x00, 0x00, 0x00, 0xb4, 0x04, 0x00, 0x00,
    0x64, 0xec, 0xff, 0xff, 0x58, 0x00, 0x00, 0x00, 0x00, 0x41, 0x0e, 0x08,
    0x87, 0x02, 0x43, 0x0e, 0x0c, 0x86, 0x03, 0x47, 0x0e, 0x10, 0x83, 0x04,
    0x43, 0x0e, 0x30, 0x02, 0x46, 0x0e, 0x10, 0x41, 0xc3, 0x0e, 0x0c, 0x41,
    0xc6, 0x0e, 0x08, 0x41, 0xc7, 0x0e, 0x04, 0x00, 0x30, 0x00, 0x00, 0x00,
    0xe8, 0x04, 0x00, 0x00, 0x90, 0xec, 0xff, 0xff, 0x58, 0x00, 0x00, 0x00,
    0x00, 0x41, 0x0e, 0x08, 0x87, 0x02, 0x43, 0x0e, 0x0c, 0x86, 0x03, 0x47,
    0x0e, 0x10, 0x83, 0x04, 0x43, 0x0e, 0x30, 0x02, 0x46, 0x0e, 0x10, 0x41,
    0xc3, 0x0e, 0x0c, 0x41, 0xc6, 0x0e, 0x08, 0x41, 0xc7, 0x0e, 0x04, 0x00,
    0x28, 0x00, 0x00, 0x00, 0x1c, 0x05, 0x00, 0x00, 0xbc, 0xec, 0xff, 0xff,
    0x1a, 0x00, 0x00, 0x00, 0x00, 0x43, 0x0e, 0x08, 0x87, 0x02, 0x46, 0x0e,
    0x0c, 0x86, 0x03, 0x47, 0x0e, 0x10, 0x83, 0x04, 0x47, 0xc3, 0x0e, 0x0c,
    0x41, 0xc6, 0x0e, 0x08, 0x41, 0xc7, 0x0e, 0x04, 0x28, 0x00, 0x00, 0x00,
    0x48, 0x05, 0x00, 0x00, 0xb0, 0xec, 0xff, 0xff, 0x1e, 0x00, 0x00, 0x00,
    0x00, 0x41, 0x0e, 0x08, 0x87, 0x02, 0x46, 0x0e, 0x0c, 0x86, 0x03, 0x43,
    0x0e, 0x10, 0x83, 0x04, 0x51, 0xc3, 0x0e, 0x0c, 0x41, 0xc6, 0x0e, 0x08,
    0x41, 0xc7, 0x0e, 0x04, 0x10, 0x00, 0x00, 0x00, 0x74, 0x05, 0x00, 0x00,
    0xa4, 0xec, 0xff, 0xff, 0x2d, 0x00, 0x00, 0x00, 0x00, 0x00, 0x00, 0x00,
    0x10, 0x00, 0x00, 0x00, 0x88, 0x05, 0x00, 0x00, 0xc0, 0xec, 0xff, 0xff,
    0x01, 0x00, 0x00, 0x00, 0x00, 0x00, 0x00, 0x00, 0x0c, 0x01, 0x00, 0x00,
    0x9c, 0x05, 0x00, 0x00, 0xcc, 0xec, 0xff, 0xff, 0xa8, 0x03, 0x00, 0x00,
    0x00, 0x41, 0x0e, 0x08, 0x85, 0x02, 0x41, 0x0e, 0x0c, 0x87, 0x03, 0x41,
    0x0e, 0x10, 0x86, 0x04, 0x41, 0x0e, 0x14, 0x83, 0x05, 0x46, 0x0e, 0xa0,
    0x01, 0x02, 0x48, 0x0e, 0xa4, 0x01, 0x47, 0x0e, 0xa8, 0x01, 0x46, 0x0e,
    0xac, 0x01, 0x41, 0x0e, 0xb0, 0x01, 0x45, 0x0e, 0xb4, 0x01, 0x42, 0x0e,
    0xb8, 0x01, 0x41, 0x0e, 0xbc, 0x01, 0x46, 0x0e, 0xc0, 0x01, 0x53, 0x0e,
    0xa0, 0x01, 0x03, 0x07, 0x01, 0x0e, 0xa4, 0x01, 0x4c, 0x0e, 0xa8, 0x01,
    0x48, 0x0e, 0xac, 0x01, 0x45, 0x0e, 0xb0, 0x01, 0x42, 0x0e, 0xb4, 0x01,
    0x42, 0x0e, 0xb8, 0x01, 0x41, 0x0e, 0xbc, 0x01, 0x46, 0x0e, 0xc0, 0x01,
    0x53, 0x0e, 0xa0, 0x01, 0x57, 0x0e, 0xa4, 0x01, 0x45, 0x0e, 0xa8, 0x01,
    0x42, 0x0e, 0xac, 0x01, 0x41, 0x0e, 0xb0, 0x01, 0x48, 0x0e, 0xb4, 0x01,
    0x42, 0x0e, 0xb8, 0x01, 0x41, 0x0e, 0xbc, 0x01, 0x46, 0x0e, 0xc0, 0x01,
    0x48, 0x0e, 0xa0, 0x01, 0x02, 0xa7, 0x0e, 0xa4, 0x01, 0x45, 0x0e, 0xa8,
    0x01, 0x48, 0x0e, 0xac, 0x01, 0x41, 0x0e, 0xb0, 0x01, 0x45, 0x0e, 0xb4,
    0x01, 0x42, 0x0e, 0xb8, 0x01, 0x41, 0x0e, 0xbc, 0x01, 0x46, 0x0e, 0xc0,
    0x01, 0x71, 0x0e, 0xa0, 0x01, 0x48, 0x0e, 0xa8, 0x01, 0x45, 0x0e, 0xac,
    0x01, 0x41, 0x0e, 0xb0, 0x01, 0x4b, 0x0e, 0x14, 0x41, 0xc3, 0x0e, 0x10,
    0x41, 0xc6, 0x0e, 0x0c, 0x41, 0xc7, 0x0e, 0x08, 0x41, 0xc5, 0x0e, 0x04,
    0x41, 0x0e, 0xa0, 0x01, 0x83, 0x05, 0x85, 0x02, 0x86, 0x04, 0x87, 0x03,
    0x02, 0x63, 0x0e, 0xa4, 0x01, 0x48, 0x0e, 0xa8, 0x01, 0x45, 0x0e, 0xac,
    0x01, 0x42, 0x0e, 0xb0, 0x01, 0x41, 0x0e, 0xb4, 0x01, 0x49, 0x0e, 0xb8,
    0x01, 0x49, 0x0e, 0xbc, 0x01, 0x46, 0x0e, 0xc0, 0x01, 0x48, 0x0e, 0xa0,
    0x01, 0x00, 0x00, 0x00, 0x2c, 0x00, 0x00, 0x00, 0xac, 0x06, 0x00, 0x00,
    0x7c, 0xef, 0xff, 0xff, 0xbb, 0x09, 0x00, 0x00, 0x00, 0x44, 0x0c, 0x01,
    0x00, 0x49, 0x10, 0x05, 0x02, 0x75, 0x00, 0x44, 0x0f, 0x03, 0x75, 0x70,
    0x06, 0x10, 0x07, 0x02, 0x75, 0x7c, 0x10, 0x06, 0x02, 0x75, 0x78, 0x10,
    0x03, 0x02, 0x75, 0x74, 0xd0, 0xa4, 0xd0, 0xb0, 0xd0, 0xb9, 0xd0, 0xbb,
    0x3a, 0x20, 0x00, 0x20, 0x5b, 0x43, 0x74, 0x72, 0x6c, 0x2b, 0x53, 0x20,
    0xd1, 0x81, 0xd0, 0xbe, 0xd1, 0x85, 0xd1, 0x80, 0xd0, 0xb0, 0xd0, 0xbd,
    0xd0, 0xb8, 0xd1, 0x82, 0xd1, 0x8c, 0x5d, 0x00, 0xd1, 0x81, 0xd0, 0xbe,
    0xd1, 0x85, 0xd1, 0x80, 0xd0, 0xb0, 0xd0, 0xbd, 0xd0, 0xb5, 0xd0, 0xbd,
    0xd0, 0xbe, 0x00, 0xd0, 0xbe, 0xd1, 0x88, 0xd0, 0xb8, 0xd0, 0xb1, 0xd0,
    0xba, 0xd0, 0xb0, 0x00, 0x75, 0x6e, 0x74, 0x69, 0x74, 0x6c, 0x65, 0x64,
    0x2e, 0x74, 0x78, 0x74, 0x00, 0x00, 0x00, 0x00, 0x00, 0x00, 0x10, 0x01,
    0x01, 0x00, 0x00, 0x00, 0x47, 0x43, 0x43, 0x3a, 0x20, 0x28, 0x55, 0x62,
    0x75, 0x6e, 0x74, 0x75, 0x20, 0x31, 0x35, 0x2e, 0x32, 0x2e, 0x30, 0x2d,
    0x31, 0x36, 0x75, 0x62, 0x75, 0x6e, 0x74, 0x75, 0x31, 0x29, 0x20, 0x31,
    0x35, 0x2e, 0x32, 0x2e, 0x30, 0x00, 0x00, 0x00, 0x00, 0x00, 0x00, 0x00,
    0x00, 0x00, 0x00, 0x00, 0x00, 0x00, 0x00, 0x00, 0x00, 0x00, 0x00, 0x00,
    0x01, 0x00, 0x00, 0x00, 0x00, 0x00, 0x00, 0x00, 0x00, 0x00, 0x00, 0x00,
    0x04, 0x00, 0xf1, 0xff, 0x0a, 0x00, 0x00, 0x00, 0xa4, 0x19, 0x00, 0x01,
    0x04, 0x00, 0x00, 0x00, 0x01, 0x00, 0x06, 0x00, 0x14, 0x00, 0x00, 0x00,
    0x00, 0x00, 0x00, 0x00, 0x00, 0x00, 0x00, 0x00, 0x04, 0x00, 0xf1, 0xff,
    0x1e, 0x00, 0x00, 0x00, 0xe0, 0x04, 0x00, 0x01, 0xa8, 0x03, 0x00, 0x00,
    0x02, 0x00, 0x01, 0x00, 0x25, 0x00, 0x00, 0x00, 0xe8, 0xa9, 0x01, 0x01,
    0x04, 0x00, 0x00, 0x00, 0x01, 0x00, 0x07, 0x00, 0x2a, 0x00, 0x00, 0x00,
    0xe0, 0xa9, 0x01, 0x01, 0x04, 0x00, 0x00, 0x00, 0x01, 0x00, 0x07, 0x00,
    0x31, 0x00, 0x00, 0x00, 0xa8, 0x19, 0x00, 0x01, 0x04, 0x00, 0x00, 0x00,
    0x01, 0x00, 0x06, 0x00, 0x28, 0x00, 0x00, 0x00, 0x84, 0xa9, 0x01, 0x01,
    0x04, 0x00, 0x00, 0x00, 0x01, 0x00, 0x07, 0x00, 0x38, 0x00, 0x00, 0x00,
    0x80, 0xa9, 0x01, 0x01, 0x04, 0x00, 0x00, 0x00, 0x01, 0x00, 0x07, 0x00,
    0x3a, 0x00, 0x00, 0x00, 0x8c, 0xa9, 0x01, 0x01, 0x04, 0x00, 0x00, 0x00,
    0x01, 0x00, 0x07, 0x00, 0x32, 0x00, 0x00, 0x00, 0x20, 0xad, 0x01, 0x01,
    0x00, 0xfa, 0x00, 0x00, 0x01, 0x00, 0x07, 0x00, 0x3e, 0x00, 0x00, 0x00,
    0x20, 0xd6, 0x00, 0x01, 0x8a, 0x17, 0x00, 0x00, 0x01, 0x00, 0x07, 0x00,
    0x43, 0x00, 0x00, 0x00, 0x00, 0xaa, 0x01, 0x01, 0x20, 0x03, 0x00, 0x00,
    0x01, 0x00, 0x07, 0x00, 0x48, 0x00, 0x00, 0x00, 0x60, 0xa9, 0x01, 0x01,
    0x20, 0x00, 0x00, 0x00, 0x01, 0x00, 0x07, 0x00, 0x53, 0x00, 0x00, 0x00,
    0xa0, 0xa9, 0x01, 0x01, 0x40, 0x00, 0x00, 0x00, 0x01, 0x00, 0x07, 0x00,
    0x59, 0x00, 0x00, 0x00, 0x88, 0xa9, 0x01, 0x01, 0x04, 0x00, 0x00, 0x00,
    0x01, 0x00, 0x07, 0x00, 0x5f, 0x00, 0x00, 0x00, 0x44, 0xa9, 0x01, 0x01,
    0x04, 0x00, 0x00, 0x00, 0x01, 0x00, 0x07, 0x00, 0x6c, 0x00, 0x00, 0x00,
    0xe4, 0xa9, 0x01, 0x01, 0x04, 0x00, 0x00, 0x00, 0x01, 0x00, 0x07, 0x00,
    0x71, 0x00, 0x00, 0x00, 0xc0, 0xed, 0x00, 0x01, 0x81, 0xbb, 0x00, 0x00,
    0x01, 0x00, 0x07, 0x00, 0x77, 0x00, 0x00, 0x00, 0xc0, 0x19, 0x00, 0x01,
    0x48, 0xbc, 0x00, 0x00, 0x01, 0x00, 0x07, 0x00, 0x7d, 0x00, 0x00, 0x00,
    0x80, 0x00, 0x00, 0x01, 0x1b, 0x00, 0x00, 0x00, 0x12, 0x00, 0x01, 0x00,
    0x85, 0x00, 0x00, 0x00, 0x50, 0x04, 0x00, 0x01, 0x1a, 0x00, 0x00, 0x00,
    0x12, 0x00, 0x01, 0x00, 0x90, 0x00, 0x00, 0x00, 0x80, 0x02, 0x00, 0x01,
    0x18, 0x00, 0x00, 0x00, 0x12, 0x00, 0x01, 0x00, 0x96, 0x00, 0x00, 0x00,
    0x20, 0x00, 0x00, 0x01, 0x17, 0x00, 0x00, 0x00, 0x12, 0x00, 0x01, 0x00,
    0x9c, 0x00, 0x00, 0x00, 0x00, 0x01, 0x00, 0x01, 0x1a, 0x00, 0x00, 0x00,
    0x12, 0x00, 0x01, 0x00, 0xa8, 0x00, 0x00, 0x00, 0xa0, 0x02, 0x00, 0x01,
    0x18, 0x00, 0x00, 0x00, 0x12, 0x00, 0x01, 0x00, 0xaf, 0x00, 0x00, 0x00,
    0x00, 0x02, 0x00, 0x01, 0x1c, 0x00, 0x00, 0x00, 0x12, 0x00, 0x01, 0x00,
    0xb8, 0x00, 0x00, 0x00, 0x90, 0x04, 0x00, 0x01, 0x2d, 0x00, 0x00, 0x00,
    0x12, 0x00, 0x01, 0x00, 0xbf, 0x00, 0x00, 0x00, 0xc0, 0x02, 0x00, 0x01,
    0x1c, 0x00, 0x00, 0x00, 0x12, 0x00, 0x01, 0x00, 0xc8, 0x00, 0x00, 0x00,
    0x60, 0x00, 0x00, 0x01, 0x1a, 0x00, 0x00, 0x00, 0x12, 0x00, 0x01, 0x00,
    0xd2, 0x00, 0x00, 0x00, 0x00, 0x03, 0x00, 0x01, 0x18, 0x00, 0x00, 0x00,
    0x12, 0x00, 0x01, 0x00, 0xe2, 0x00, 0x00, 0x00, 0x70, 0x04, 0x00, 0x01,
    0x1e, 0x00, 0x00, 0x00, 0x12, 0x00, 0x01, 0x00, 0xe8, 0x00, 0x00, 0x00,
    0x40, 0x01, 0x00, 0x01, 0x1e, 0x00, 0x00, 0x00, 0x12, 0x00, 0x01, 0x00,
    0xf4, 0x00, 0x00, 0x00, 0xf0, 0x03, 0x00, 0x01, 0x58, 0x00, 0x00, 0x00,
    0x12, 0x00, 0x01, 0x00, 0xfe, 0x00, 0x00, 0x00, 0x60, 0x01, 0x00, 0x01,
    0x18, 0x00, 0x00, 0x00, 0x12, 0x00, 0x01, 0x00, 0x07, 0x01, 0x00, 0x00,
    0xa0, 0x01, 0x00, 0x01, 0x18, 0x00, 0x00, 0x00, 0x12, 0x00, 0x01, 0x00,
    0x0e, 0x01, 0x00, 0x00, 0x00, 0x00, 0x00, 0x01, 0x1b, 0x00, 0x00, 0x00,
    0x12, 0x00, 0x01, 0x00, 0x15, 0x01, 0x00, 0x00, 0xc0, 0x00, 0x00, 0x01,
    0x1e, 0x00, 0x00, 0x00, 0x12, 0x00, 0x01, 0x00, 0x1d, 0x01, 0x00, 0x00,
    0xe0, 0x02, 0x00, 0x01, 0x1a, 0x00, 0x00, 0x00, 0x12, 0x00, 0x01, 0x00,
    0x26, 0x01, 0x00, 0x00, 0xc0, 0x01, 0x00, 0x01, 0x18, 0x00, 0x00, 0x00,
    0x12, 0x00, 0x01, 0x00, 0x2c, 0x01, 0x00, 0x00, 0x90, 0x03, 0x00, 0x01,
    0x58, 0x00, 0x00, 0x00, 0x12, 0x00, 0x01, 0x00, 0x38, 0x01, 0x00, 0x00,
    0x40, 0x02, 0x00, 0x01, 0x3e, 0x00, 0x00, 0x00, 0x12, 0x00, 0x01, 0x00,
    0x41, 0x01, 0x00, 0x00, 0x40, 0x03, 0x00, 0x01, 0x20, 0x00, 0x00, 0x00,
    0x12, 0x00, 0x01, 0x00, 0x4b, 0x01, 0x00, 0x00, 0xa0, 0x08, 0x00, 0x01,
    0xbb, 0x09, 0x00, 0x00, 0x12, 0x00, 0x02, 0x00, 0x50, 0x01, 0x00, 0x00,
    0x40, 0x00, 0x00, 0x01, 0x1a, 0x00, 0x00, 0x00, 0x12, 0x00, 0x01, 0x00,
    0x5a, 0x01, 0x00, 0x00, 0xe0, 0x01, 0x00, 0x01, 0x18, 0x00, 0x00, 0x00,
    0x12, 0x00, 0x01, 0x00, 0x63, 0x01, 0x00, 0x00, 0xa0, 0x00, 0x00, 0x01,
    0x1e, 0x00, 0x00, 0x00, 0x12, 0x00, 0x01, 0x00, 0x6c, 0x01, 0x00, 0x00,
    0x20, 0x03, 0x00, 0x01, 0x18, 0x00, 0x00, 0x00, 0x12, 0x00, 0x01, 0x00,
    0x7a, 0x01, 0x00, 0x00, 0x20, 0x01, 0x00, 0x01, 0x1a, 0x00, 0x00, 0x00,
    0x12, 0x00, 0x01, 0x00, 0x84, 0x01, 0x00, 0x00, 0xe0, 0x00, 0x00, 0x01,
    0x1a, 0x00, 0x00, 0x00, 0x12, 0x00, 0x01, 0x00, 0x8e, 0x01, 0x00, 0x00,
    0x60, 0x03, 0x00, 0x01, 0x22, 0x00, 0x00, 0x00, 0x12, 0x00, 0x01, 0x00,
    0x9a, 0x01, 0x00, 0x00, 0x20, 0x02, 0x00, 0x01, 0x16, 0x00, 0x00, 0x00,
    0x12, 0x00, 0x01, 0x00, 0x9f, 0x01, 0x00, 0x00, 0x80, 0x01, 0x00, 0x01,
    0x18, 0x00, 0x00, 0x00, 0x12, 0x00, 0x01, 0x00, 0xac, 0x01, 0x00, 0x00,
    0xc0, 0x04, 0x00, 0x01, 0x01, 0x00, 0x00, 0x00, 0x12, 0x00, 0x01, 0x00,
    0x00, 0x6c, 0x69, 0x62, 0x61, 0x6f, 0x73, 0x2e, 0x63, 0x00, 0x68, 0x65,
    0x61, 0x70, 0x5f, 0x6e, 0x65, 0x78, 0x74, 0x00, 0x6e, 0x6f, 0x74, 0x65,
    0x70, 0x61, 0x64, 0x2e, 0x63, 0x00, 0x72, 0x65, 0x6e, 0x64, 0x65, 0x72,
    0x00, 0x63, 0x72, 0x6f, 0x77, 0x00, 0x73, 0x63, 0x72, 0x6f, 0x6c, 0x6c,
    0x00, 0x6e, 0x6c, 0x69, 0x6e, 0x65, 0x73, 0x00, 0x68, 0x00, 0x77, 0x69,
    0x6e, 0x00, 0x74, 0x62, 0x2e, 0x31, 0x00, 0x6c, 0x6c, 0x65, 0x6e, 0x00,
    0x73, 0x74, 0x61, 0x74, 0x75, 0x73, 0x5f, 0x6f, 0x76, 0x72, 0x00, 0x66,
    0x6e, 0x61, 0x6d, 0x65, 0x00, 0x77, 0x69, 0x6e, 0x69, 0x64, 0x00, 0x73,
    0x74, 0x61, 0x74, 0x75, 0x73, 0x5f, 0x75, 0x6e, 0x74, 0x69, 0x6c, 0x00,
    0x63, 0x63, 0x6f, 0x6c, 0x00, 0x62, 0x75, 0x66, 0x2e, 0x32, 0x00, 0x62,
    0x75, 0x66, 0x2e, 0x30, 0x00, 0x70, 0x75, 0x74, 0x63, 0x68, 0x61, 0x72,
    0x00, 0x73, 0x65, 0x74, 0x5f, 0x73, 0x74, 0x64, 0x6f, 0x75, 0x74, 0x00,
    0x79, 0x69, 0x65, 0x6c, 0x64, 0x00, 0x70, 0x72, 0x69, 0x6e, 0x74, 0x00,
    0x66, 0x73, 0x5f, 0x67, 0x65, 0x74, 0x5f, 0x73, 0x69, 0x7a, 0x65, 0x00,
    0x67, 0x65, 0x74, 0x70, 0x69, 0x64, 0x00, 0x67, 0x65, 0x74, 0x5f, 0x61,
    0x72, 0x67, 0x73, 0x00, 0x6d, 0x61, 0x6c, 0x6c, 0x6f, 0x63, 0x00, 0x73,
    0x65, 0x6e, 0x64, 0x5f, 0x6d, 0x73, 0x67, 0x00, 0x70, 0x72, 0x69, 0x6e,
    0x74, 0x5f, 0x64, 0x65, 0x63, 0x00, 0x72, 0x65, 0x67, 0x69, 0x73, 0x74,
    0x65, 0x72, 0x5f, 0x65, 0x76, 0x65, 0x6e, 0x74, 0x73, 0x00, 0x73, 0x70,
    0x61, 0x77, 0x6e, 0x00, 0x66, 0x73, 0x5f, 0x6c, 0x69, 0x73, 0x74, 0x5f,
    0x67, 0x65, 0x74, 0x00, 0x66, 0x69, 0x6c, 0x6c, 0x5f, 0x72, 0x65, 0x63,
    0x74, 0x00, 0x67, 0x65, 0x74, 0x5f, 0x74, 0x69, 0x63, 0x6b, 0x00, 0x72,
    0x65, 0x62, 0x6f, 0x6f, 0x74, 0x00, 0x5f, 0x73, 0x74, 0x61, 0x72, 0x74,
    0x00, 0x66, 0x73, 0x5f, 0x72, 0x65, 0x61, 0x64, 0x00, 0x72, 0x65, 0x63,
    0x76, 0x5f, 0x6d, 0x73, 0x67, 0x00, 0x70, 0x61, 0x6e, 0x69, 0x63, 0x00,
    0x72, 0x65, 0x6e, 0x64, 0x65, 0x72, 0x5f, 0x74, 0x65, 0x78, 0x74, 0x00,
    0x72, 0x65, 0x61, 0x64, 0x5f, 0x6b, 0x65, 0x79, 0x00, 0x67, 0x65, 0x74,
    0x5f, 0x6d, 0x6f, 0x75, 0x73, 0x65, 0x00, 0x6d, 0x61, 0x69, 0x6e, 0x00,
    0x70, 0x72, 0x69, 0x6e, 0x74, 0x5f, 0x68, 0x65, 0x78, 0x00, 0x73, 0x68,
    0x75, 0x74, 0x64, 0x6f, 0x77, 0x6e, 0x00, 0x66, 0x73, 0x5f, 0x77, 0x72,
    0x69, 0x74, 0x65, 0x00, 0x67, 0x65, 0x74, 0x5f, 0x65, 0x76, 0x65, 0x6e,
    0x74, 0x5f, 0x70, 0x69, 0x64, 0x00, 0x66, 0x73, 0x5f, 0x65, 0x78, 0x69,
    0x73, 0x74, 0x73, 0x00, 0x66, 0x73, 0x5f, 0x64, 0x65, 0x6c, 0x65, 0x74,
    0x65, 0x00, 0x67, 0x65, 0x74, 0x5f, 0x66, 0x62, 0x5f, 0x69, 0x6e, 0x66,
    0x6f, 0x00, 0x65, 0x78, 0x69, 0x74, 0x00, 0x63, 0x6c, 0x65, 0x61, 0x72,
    0x5f, 0x73, 0x63, 0x72, 0x65, 0x65, 0x6e, 0x00, 0x66, 0x72, 0x65, 0x65,
    0x00, 0x00, 0x2e, 0x73, 0x79, 0x6d, 0x74, 0x61, 0x62, 0x00, 0x2e, 0x73,
    0x74, 0x72, 0x74, 0x61, 0x62, 0x00, 0x2e, 0x73, 0x68, 0x73, 0x74, 0x72,
    0x74, 0x61, 0x62, 0x00, 0x2e, 0x74, 0x65, 0x78, 0x74, 0x00, 0x2e, 0x74,
    0x65, 0x78, 0x74, 0x2e, 0x73, 0x74, 0x61, 0x72, 0x74, 0x75, 0x70, 0x00,
    0x2e, 0x72, 0x6f, 0x64, 0x61, 0x74, 0x61, 0x00, 0x2e, 0x65, 0x68, 0x5f,
    0x66, 0x72, 0x61, 0x6d, 0x65, 0x00, 0x2e, 0x72, 0x6f, 0x64, 0x61, 0x74,
    0x61, 0x2e, 0x73, 0x74, 0x72, 0x31, 0x2e, 0x31, 0x00, 0x2e, 0x64, 0x61,
    0x74, 0x61, 0x00, 0x2e, 0x62, 0x73, 0x73, 0x00, 0x2e, 0x63, 0x6f, 0x6d,
    0x6d, 0x65, 0x6e, 0x74, 0x00, 0x00, 0x00, 0x00, 0x00, 0x00, 0x00, 0x00,
    0x00, 0x00, 0x00, 0x00, 0x00, 0x00, 0x00, 0x00, 0x00, 0x00, 0x00, 0x00,
    0x00, 0x00, 0x00, 0x00, 0x00, 0x00, 0x00, 0x00, 0x00, 0x00, 0x00, 0x00,
    0x00, 0x00, 0x00, 0x00, 0x00, 0x00, 0x00, 0x00, 0x00, 0x00, 0x00, 0x00,
    0x1b, 0x00, 0x00, 0x00, 0x01, 0x00, 0x00, 0x00, 0x06, 0x00, 0x00, 0x00,
    0x00, 0x00, 0x00, 0x01, 0x80, 0x00, 0x00, 0x00, 0x88, 0x08, 0x00, 0x00,
    0x00, 0x00, 0x00, 0x00, 0x00, 0x00, 0x00, 0x00, 0x20, 0x00, 0x00, 0x00,
    0x00, 0x00, 0x00, 0x00, 0x21, 0x00, 0x00, 0x00, 0x01, 0x00, 0x00, 0x00,
    0x06, 0x00, 0x00, 0x00, 0xa0, 0x08, 0x00, 0x01, 0x20, 0x09, 0x00, 0x00,
    0xbb, 0x09, 0x00, 0x00, 0x00, 0x00, 0x00, 0x00, 0x00, 0x00, 0x00, 0x00,
    0x20, 0x00, 0x00, 0x00, 0x00, 0x00, 0x00, 0x00, 0x2f, 0x00, 0x00, 0x00,
    0x01, 0x00, 0x00, 0x00, 0x02, 0x00, 0x00, 0x00, 0x5c, 0x12, 0x00, 0x01,
    0xdc, 0x12, 0x00, 0x00, 0x18, 0x00, 0x00, 0x00, 0x00, 0x00, 0x00, 0x00,
    0x00, 0x00, 0x00, 0x00, 0x04, 0x00, 0x00, 0x00, 0x00, 0x00, 0x00, 0x00,
    0x37, 0x00, 0x00, 0x00, 0x01, 0x00, 0x00, 0x00, 0x02, 0x00, 0x00, 0x00,
    0x74, 0x12, 0x00, 0x01, 0xf4, 0x12, 0x00, 0x00, 0xd8, 0x06, 0x00, 0x00,
    0x00, 0x00, 0x00, 0x00, 0x00, 0x00, 0x00, 0x00, 0x04, 0x00, 0x00, 0x00,
    0x00, 0x00, 0x00, 0x00, 0x41, 0x00, 0x00, 0x00, 0x01, 0x00, 0x00, 0x00,
    0x32, 0x00, 0x00, 0x00, 0x4c, 0x19, 0x00, 0x01, 0xcc, 0x19, 0x00, 0x00,
    0x55, 0x00, 0x00, 0x00, 0x00, 0x00, 0x00, 0x00, 0x00, 0x00, 0x00, 0x00,
    0x01, 0x00, 0x00, 0x00, 0x01, 0x00, 0x00, 0x00, 0x50, 0x00, 0x00, 0x00,
    0x01, 0x00, 0x00, 0x00, 0x03, 0x00, 0x00, 0x00, 0xa4, 0x19, 0x00, 0x01,
    0x24, 0x1a, 0x00, 0x00, 0x08, 0x00, 0x00, 0x00, 0x00, 0x00, 0x00, 0x00,
    0x00, 0x00, 0x00, 0x00, 0x04, 0x00, 0x00, 0x00, 0x00, 0x00, 0x00, 0x00,
    0x56, 0x00, 0x00, 0x00, 0x08, 0x00, 0x00, 0x00, 0x03, 0x00, 0x00, 0x00,
    0xc0, 0x19, 0x00, 0x01, 0x2c, 0x1a, 0x00, 0x00, 0x60, 0x8d, 0x02, 0x00,
    0x00, 0x00, 0x00, 0x00, 0x00, 0x00, 0x00, 0x00, 0x20, 0x00, 0x00, 0x00,
    0x00, 0x00, 0x00, 0x00, 0x5b, 0x00, 0x00, 0x00, 0x01, 0x00, 0x00, 0x00,
    0x30, 0x00, 0x00, 0x00, 0x00, 0x00, 0x00, 0x00, 0x2c, 0x1a, 0x00, 0x00,
    0x26, 0x00, 0x00, 0x00, 0x00, 0x00, 0x00, 0x00, 0x00, 0x00, 0x00, 0x00,
    0x01, 0x00, 0x00, 0x00, 0x01, 0x00, 0x00, 0x00, 0x01, 0x00, 0x00, 0x00,
    0x02, 0x00, 0x00, 0x00, 0x00, 0x00, 0x00, 0x00, 0x00, 0x00, 0x00, 0x00,
    0x54, 0x1a, 0x00, 0x00, 0x70, 0x03, 0x00, 0x00, 0x0a, 0x00, 0x00, 0x00,
    0x15, 0x00, 0x00, 0x00, 0x04, 0x00, 0x00, 0x00, 0x10, 0x00, 0x00, 0x00,
    0x09, 0x00, 0x00, 0x00, 0x03, 0x00, 0x00, 0x00, 0x00, 0x00, 0x00, 0x00,
    0x00, 0x00, 0x00, 0x00, 0xc4, 0x1d, 0x00, 0x00, 0xb1, 0x01, 0x00, 0x00,
    0x00, 0x00, 0x00, 0x00, 0x00, 0x00, 0x00, 0x00, 0x01, 0x00, 0x00, 0x00,
    0x00, 0x00, 0x00, 0x00, 0x11, 0x00, 0x00, 0x00, 0x03, 0x00, 0x00, 0x00,
    0x00, 0x00, 0x00, 0x00, 0x00, 0x00, 0x00, 0x00, 0x75, 0x1f, 0x00, 0x00,
    0x64, 0x00, 0x00, 0x00, 0x00, 0x00, 0x00, 0x00, 0x00, 0x00, 0x00, 0x00,
    0x01, 0x00, 0x00, 0x00, 0x00, 0x00, 0x00, 0x00,
};

const struct embedded_prog {
    const char *name;
    const unsigned char *data;
    unsigned int size;
} embedded_progs[] = {
    { "bin/help", prog_help_elf, sizeof(prog_help_elf) },
    { "bin/uptime", prog_uptime_elf, sizeof(prog_uptime_elf) },
    { "bin/clear", prog_clear_elf, sizeof(prog_clear_elf) },
    { "bin/echo", prog_echo_elf, sizeof(prog_echo_elf) },
    { "bin/tick", prog_tick_elf, sizeof(prog_tick_elf) },
    { "bin/info", prog_info_elf, sizeof(prog_info_elf) },
    { "bin/reboot", prog_reboot_elf, sizeof(prog_reboot_elf) },
    { "bin/panic", prog_panic_elf, sizeof(prog_panic_elf) },
    { "bin/ls", prog_ls_elf, sizeof(prog_ls_elf) },
    { "bin/cat", prog_cat_elf, sizeof(prog_cat_elf) },
    { "bin/rm", prog_rm_elf, sizeof(prog_rm_elf) },
    { "bin/format", prog_format_elf, sizeof(prog_format_elf) },
    { "bin/shutdown", prog_shutdown_elf, sizeof(prog_shutdown_elf) },
    { "bin/test", prog_test_elf, sizeof(prog_test_elf) },
    { "bin/wm", prog_wm_elf, sizeof(prog_wm_elf) },
    { "bin/term", prog_term_elf, sizeof(prog_term_elf) },
    { "bin/clock", prog_clock_elf, sizeof(prog_clock_elf) },
    { "bin/ipctest", prog_ipctest_elf, sizeof(prog_ipctest_elf) },
    { "bin/notepad", prog_notepad_elf, sizeof(prog_notepad_elf) },
    { 0, 0, 0 }
};

static const unsigned char data_demo_ico[] = {
    0x00, 0x00, 0x01, 0x00, 0x01, 0x00, 0x20, 0x20, 0x00, 0x00, 0x01, 0x00,
    0x20, 0x00, 0xa8, 0x10, 0x00, 0x00, 0x16, 0x00, 0x00, 0x00, 0x28, 0x00,
    0x00, 0x00, 0x20, 0x00, 0x00, 0x00, 0x40, 0x00, 0x00, 0x00, 0x01, 0x00,
    0x20, 0x00, 0x00, 0x00, 0x00, 0x00, 0x80, 0x10, 0x00, 0x00, 0x00, 0x00,
    0x00, 0x00, 0x00, 0x00, 0x00, 0x00, 0x00, 0x00, 0x00, 0x00, 0x00, 0x00,
    0x00, 0x00, 0x00, 0x00, 0x00, 0x00, 0x00, 0x00, 0x00, 0x00, 0x00, 0x00,
    0x00, 0x00, 0x00, 0x00, 0x00, 0x00, 0x00, 0x00, 0x00, 0x00, 0x00, 0x00,
    0x00, 0x00, 0x00, 0x00, 0x00, 0x00, 0x00, 0x00, 0x00, 0x00, 0x00, 0x00,
    0x00, 0x00, 0x00, 0x00, 0x00, 0x00, 0x00, 0x00, 0x00, 0x00, 0x00, 0x00,
    0x00, 0x00, 0x00, 0x00, 0x00, 0x00, 0x00, 0x00, 0x00, 0x00, 0x00, 0x00,
    0x00, 0x00, 0x00, 0x00, 0x00, 0x00, 0x00, 0x00, 0x00, 0x00, 0x00, 0x00,
    0x00, 0x00, 0x00, 0x00, 0x00, 0x00, 0x00, 0x00, 0x00, 0x00, 0x00, 0x00,
    0x00, 0x00, 0x00, 0x00, 0x00, 0x00, 0x00, 0x00, 0x00, 0x00, 0x00, 0x00,
    0x00, 0x00, 0x00, 0x00, 0x00, 0x00, 0x00, 0x00, 0x00, 0x00, 0x00, 0x00,
    0x00, 0x00, 0x00, 0x00, 0x00, 0x00, 0x00, 0x00, 0x00, 0x00, 0x00, 0x00,
    0x00, 0x00, 0x00, 0x00, 0x00, 0x00, 0x00, 0x00, 0x00, 0x00, 0x00, 0x00,
    0x00, 0x00, 0x00, 0x00, 0x00, 0x00, 0x00, 0x00, 0x00, 0x00, 0x00, 0x00,
    0x00, 0x00, 0x00, 0x00, 0x00, 0x00, 0x00, 0x00, 0x00, 0x00, 0x00, 0x00,
    0x00, 0x00, 0x00, 0x00, 0x00, 0x00, 0x00, 0x00, 0x00, 0x00, 0x00, 0x00,
    0x00, 0x00, 0x00, 0x00, 0x00, 0x00, 0x00, 0x00, 0x00, 0x00, 0x00, 0x00,
    0x00, 0x00, 0x00, 0x00, 0x00, 0x00, 0x00, 0x00, 0x00, 0x00, 0x00, 0x00,
    0x00, 0x00, 0x00, 0x00, 0x00, 0x00, 0x00, 0x00, 0x00, 0x00, 0x00, 0x00,
    0x00, 0x00, 0x00, 0x00, 0x00, 0x00, 0x00, 0x00, 0x00, 0x00, 0x00, 0x00,
    0x00, 0x00, 0x00, 0x00, 0x00, 0x00, 0x00, 0x00, 0x00, 0x00, 0x00, 0x00,
    0x00, 0x00, 0x00, 0x00, 0x00, 0x00, 0x00, 0x00, 0x00, 0x00, 0x00, 0x00,
    0x00, 0x00, 0x00, 0x00, 0x00, 0x00, 0x00, 0x00, 0x00, 0x00, 0x00, 0x00,
    0x00, 0x00, 0x00, 0x00, 0x00, 0x00, 0x00, 0x00, 0x00, 0x00, 0x00, 0x00,
    0x00, 0x00, 0x00, 0x00, 0x00, 0x00, 0x00, 0x00, 0x00, 0x00, 0x00, 0x00,
    0x00, 0x00, 0x00, 0x00, 0x00, 0x00, 0x00, 0x00, 0x00, 0x00, 0x00, 0x00,
    0x00, 0x00, 0x00, 0x00, 0x00, 0x00, 0x00, 0x00, 0x00, 0x00, 0x00, 0x00,
    0x00, 0x00, 0x00, 0x00, 0x00, 0x00, 0x00, 0x00, 0x00, 0x00, 0x00, 0x00,
    0x00, 0x00, 0x00, 0x00, 0x00, 0x00, 0x00, 0xff, 0x00, 0xff, 0x00, 0x00,
    0x00, 0x00, 0x00, 0x00, 0x00, 0x00, 0x00, 0x00, 0x00, 0x00, 0x00, 0x00,
    0x00, 0x00, 0x00, 0x00, 0x00, 0x00, 0x00, 0x00, 0x00, 0x00, 0x00, 0x00,
    0x00, 0x00, 0x00, 0x00, 0x00, 0x00, 0x00, 0x00, 0x00, 0x00, 0x00, 0x00,
    0x00, 0x00, 0x00, 0x00, 0x00, 0x00, 0x00, 0x00, 0x00, 0x00, 0x00, 0x00,
    0x00, 0x00, 0x00, 0x00, 0x00, 0x00, 0x00, 0x00, 0x00, 0x00, 0x00, 0x00,
    0x00, 0x00, 0x00, 0x00, 0x00, 0x00, 0x00, 0x00, 0x00, 0x00, 0x00, 0x00,
    0x00, 0x00, 0x00, 0x00, 0x00, 0x00, 0x00, 0x00, 0x00, 0x00, 0x00, 0x00,
    0x00, 0x00, 0x00, 0x00, 0x00, 0x00, 0x00, 0x00, 0x00, 0x00, 0x00, 0x00,
    0x00, 0x00, 0x00, 0x00, 0x00, 0x00, 0x00, 0xff, 0x00, 0xff, 0x00, 0xff,
    0x00, 0xff, 0x00, 0xff, 0x00, 0xff, 0x00, 0xff, 0x00, 0xff, 0x00, 0xff,
    0x00, 0xff, 0x00, 0xff, 0x00, 0xff, 0x00, 0xff, 0x00, 0xff, 0x00, 0xff,
    0x00, 0xff, 0x00, 0xff, 0x00, 0xff, 0x00, 0xff, 0x00, 0xff, 0x00, 0xff,
    0x00, 0xff, 0x00, 0x00, 0x00, 0x00, 0x00, 0x00, 0x00, 0x00, 0x00, 0x00,
    0x00, 0x00, 0x00, 0x00, 0x00, 0x00, 0x00, 0x00, 0x00, 0x00, 0x00, 0x00,
    0x00, 0x00, 0x00, 0x00, 0x00, 0x00, 0x00, 0x00, 0x00, 0x00, 0x00, 0x00,
    0x00, 0x00, 0x00, 0x00, 0x00, 0x00, 0x00, 0x00, 0x00, 0x00, 0x00, 0x00,
    0x00, 0x00, 0x00, 0x00, 0x00, 0x00, 0x00, 0x00, 0x00, 0x00, 0x00, 0x00,
    0x00, 0x00, 0x00, 0x00, 0x00, 0x00, 0x00, 0x00, 0x00, 0x00, 0x00, 0x00,
    0x00, 0x00, 0x00, 0x00, 0x00, 0x00, 0x00, 0x00, 0x00, 0x00, 0x00, 0xff,
    0x00, 0xff, 0x00, 0xff, 0x00, 0xff, 0x00, 0xff, 0x00, 0xff, 0x00, 0xff,
    0x00, 0xff, 0x00, 0xff, 0x00, 0xff, 0x00, 0xff, 0x00, 0xff, 0x00, 0xff,
    0x00, 0xff, 0x00, 0xff, 0x00, 0xff, 0x00, 0xff, 0x00, 0xff, 0x00, 0xff,
    0x00, 0xff, 0x00, 0xff, 0x00, 0xff, 0x00, 0xff, 0x00, 0xff, 0x00, 0xff,
    0x00, 0xff, 0x00, 0x00, 0x00, 0x00, 0x00, 0x00, 0x00, 0x00, 0x00, 0x00,
    0x00, 0x00, 0x00, 0x00, 0x00, 0x00, 0x00, 0x00, 0x00, 0x00, 0x00, 0x00,
    0x00, 0x00, 0x00, 0x00, 0x00, 0x00, 0x00, 0x00, 0x00, 0x00, 0x00, 0x00,
    0x00, 0x00, 0x00, 0x00, 0x00, 0x00, 0x00, 0x00, 0x00, 0x00, 0x00, 0x00,
    0x00, 0x00, 0x00, 0x00, 0x00, 0x00, 0x00, 0x00, 0x00, 0x00, 0x00, 0x00,
    0x00, 0x00, 0x00, 0x00, 0x00, 0x00, 0x00, 0x00, 0x00, 0x00, 0x00, 0xff,
    0x00, 0xff, 0x00, 0xff, 0x00, 0xff, 0x00, 0xff, 0x00, 0xff, 0x00, 0xff,
    0x00, 0xff, 0x00, 0xff, 0x00, 0xff, 0x00, 0xff, 0x00, 0xff, 0x00, 0xff,
    0x00, 0xff, 0x00, 0xff, 0x00, 0xff, 0x00, 0xff, 0x00, 0xff, 0x00, 0xff,
    0x00, 0xff, 0x00, 0xff, 0x00, 0xff, 0x00, 0xff, 0x00, 0xff, 0x00, 0xff,
    0x00, 0xff, 0x00, 0xff, 0x00, 0xff, 0x00, 0xff, 0x00, 0xff, 0x00, 0xff,
    0x00, 0xff, 0x00, 0xff, 0x00, 0xff, 0x00, 0x00, 0x00, 0x00, 0x00, 0x00,
    0x00, 0x00, 0x00, 0x00, 0x00, 0x00, 0x00, 0x00, 0x00, 0x00, 0x00, 0x00,
    0x00, 0x00, 0x00, 0x00, 0x00, 0x00, 0x00, 0x00, 0x00, 0x00, 0x00, 0x00,
    0x00, 0x00, 0x00, 0x00, 0x00, 0x00, 0x00, 0x00, 0x00, 0x00, 0x00, 0x00,
    0x00, 0x00, 0x00, 0x00, 0x00, 0x00, 0x00, 0x00, 0x00, 0x00, 0x00, 0x00,
    0x00, 0x00, 0x00, 0xff, 0x00, 0xff, 0x00, 0xff, 0x00, 0xff, 0x00, 0xff,
    0x00, 0xff, 0x00, 0xff, 0x00, 0xff, 0x00, 0xff, 0x00, 0xff, 0x00, 0xff,
    0x00, 0xff, 0x00, 0xff, 0x00, 0xff, 0x00, 0xff, 0x00, 0xff, 0x00, 0xff,
    0x00, 0xff, 0x00, 0xff, 0x00, 0xff, 0x00, 0xff, 0x00, 0xff, 0x00, 0xff,
    0x00, 0xff, 0x00, 0xff, 0x00, 0xff, 0x00, 0xff, 0x00, 0xff, 0x00, 0xff,
    0x00, 0xff, 0x00, 0xff, 0x00, 0xff, 0x00, 0xff, 0x00, 0xff, 0x00, 0xff,
    0x00, 0xff, 0x00, 0xff, 0x00, 0xff, 0x00, 0x00, 0x00, 0x00, 0x00, 0x00,
    0x00, 0x00, 0x00, 0x00, 0x00, 0x00, 0x00, 0x00, 0x00, 0x00, 0x00, 0x00,
    0x00, 0x00, 0x00, 0x00, 0x00, 0x00, 0x00, 0x00, 0x00, 0x00, 0x00, 0x00,
    0x00, 0x00, 0x00, 0x00, 0x00, 0x00, 0x00, 0x00, 0x00, 0x00, 0x00, 0x00,
    0x00, 0x00, 0x00, 0x00, 0x00, 0x00, 0x00, 0xff, 0x00, 0xff, 0x00, 0xff,
    0x00, 0xff, 0x00, 0xff, 0x00, 0xff, 0x00, 0xff, 0x00, 0xff, 0x00, 0xff,
    0x00, 0xff, 0x00, 0xff, 0x00, 0xff, 0x00, 0xff, 0x00, 0xff, 0x00, 0xff,
    0x00, 0xff, 0x00, 0xff, 0x00, 0xff, 0x00, 0xff, 0x00, 0xff, 0x00, 0xff,
    0x00, 0xff, 0x00, 0xff, 0x00, 0xff, 0x00, 0xff, 0x00, 0xff, 0x00, 0xff,
    0x00, 0xff, 0x00, 0xff, 0x00, 0xff, 0x00, 0xff, 0x00, 0xff, 0x00, 0xff,
    0x00, 0xff, 0x00, 0xff, 0x00, 0xff, 0x00, 0xff, 0x00, 0xff, 0x00, 0xff,
    0x00, 0xff, 0x00, 0xff, 0x00, 0xff, 0x00, 0x00, 0x00, 0x00, 0x00, 0x00,
    0x00, 0x00, 0x00, 0x00, 0x00, 0x00, 0x00, 0x00, 0x00, 0x00, 0x00, 0x00,
    0x00, 0x00, 0x00, 0x00, 0x00, 0x00, 0x00, 0x00, 0x00, 0x00, 0x00, 0x00,
    0x00, 0x00, 0x00, 0x00, 0x00, 0x00, 0x00, 0x00, 0x00, 0x00, 0x00, 0x00,
    0x00, 0x00, 0x00, 0xff, 0x00, 0xff, 0x00, 0xff, 0x00, 0xff, 0x00, 0xff,
    0x00, 0xff, 0x00, 0xff, 0x00, 0xff, 0x00, 0xff, 0x00, 0xff, 0x00, 0xff,
    0x00, 0xff, 0x00, 0xff, 0x00, 0xff, 0x00, 0xff, 0x00, 0xff, 0x00, 0xff,
    0x00, 0xff, 0x00, 0xff, 0x00, 0xff, 0x00, 0xff, 0x00, 0xff, 0x00, 0xff,
    0x00, 0xff, 0x00, 0xff, 0x00, 0xff, 0x00, 0xff, 0x00, 0xff, 0x00, 0xff,
    0x00, 0xff, 0x00, 0xff, 0x00, 0xff, 0x00, 0xff, 0x00, 0xff, 0x00, 0xff,
    0x00, 0xff, 0x00, 0xff, 0x00, 0xff, 0x00, 0xff, 0x00, 0xff, 0x00, 0xff,
    0x00, 0xff, 0x00, 0x00, 0x00, 0x00, 0x00, 0x00, 0x00, 0x00, 0x00, 0x00,
    0x00, 0x00, 0x00, 0x00, 0x00, 0x00, 0x00, 0x00, 0x00, 0x00, 0x00, 0x00,
    0x00, 0x00, 0x00, 0x00, 0x00, 0x00, 0x00, 0x00, 0x00, 0x00, 0x00, 0x00,
    0x00, 0x00, 0x00, 0x00, 0x00, 0x00, 0x00, 0xff, 0x00, 0xff, 0x00, 0xff,
    0x00, 0xff, 0x00, 0xff, 0x00, 0xff, 0x00, 0xff, 0x00, 0xff, 0x00, 0xff,
    0x00, 0xff, 0x00, 0xff, 0x00, 0xff, 0x00, 0xff, 0x00, 0xff, 0x00, 0xff,
    0x00, 0xff, 0x00, 0xff, 0x00, 0xff, 0x00, 0xff, 0x00, 0xff, 0x00, 0xff,
    0x00, 0xff, 0x00, 0xff, 0x00, 0xff, 0x00, 0xff, 0x00, 0xff, 0x00, 0xff,
    0x00, 0xff, 0x00, 0xff, 0x00, 0xff, 0x00, 0xff, 0x00, 0xff, 0x00, 0xff,
    0x00, 0xff, 0x00, 0xff, 0x00, 0xff, 0x00, 0xff, 0x00, 0xff, 0x00, 0xff,
    0x00, 0xff, 0x00, 0xff, 0x00, 0xff, 0x00, 0xff, 0x00, 0xff, 0x00, 0xff,
    0x00, 0xff, 0x00, 0x00, 0x00, 0x00, 0x00, 0x00, 0x00, 0x00, 0x00, 0x00,
    0x00, 0x00, 0x00, 0x00, 0x00, 0x00, 0x00, 0x00, 0x00, 0x00, 0x00, 0x00,
    0x00, 0x00, 0x00, 0x00, 0x00, 0x00, 0x00, 0x00, 0x00, 0x00, 0x00, 0xff,
    0x00, 0xff, 0x00, 0xff, 0x00, 0xff, 0x00, 0xff, 0x00, 0xff, 0x00, 0xff,
    0x00, 0xff, 0x00, 0xff, 0x00, 0xff, 0x00, 0xff, 0x00, 0xff, 0x00, 0xff,
    0x00, 0xff, 0x00, 0xff, 0x00, 0xff, 0x00, 0xff, 0x00, 0xff, 0x00, 0xff,
    0x00, 0xff, 0x00, 0xff, 0x00, 0xff, 0x00, 0xff, 0x00, 0xff, 0x00, 0xff,
    0x00, 0xff, 0x00, 0xff, 0x00, 0xff, 0x00, 0xff, 0x00, 0xff, 0x00, 0xff,
    0x00, 0xff, 0x00, 0xff, 0x00, 0xff, 0x00, 0xff, 0x00, 0xff, 0x00, 0xff,
    0x00, 0xff, 0x00, 0xff, 0x00, 0xff, 0x00, 0xff, 0x00, 0xff, 0x00, 0xff,
    0x00, 0xff, 0x00, 0xff, 0x00, 0xff, 0x00, 0xff, 0x00, 0xff, 0x00, 0xff,
    0x00, 0xff, 0x00, 0x00, 0x00, 0x00, 0x00, 0x00, 0x00, 0x00, 0x00, 0x00,
    0x00, 0x00, 0x00, 0x00, 0x00, 0x00, 0x00, 0x00, 0x00, 0x00, 0x00, 0x00,
    0x00, 0x00, 0x00, 0x00, 0x00, 0x00, 0x00, 0xff, 0x00, 0xff, 0x00, 0xff,
    0x00, 0xff, 0x00, 0xff, 0x00, 0xff, 0x00, 0xff, 0x00, 0xff, 0x00, 0xff,
    0x00, 0xff, 0x00, 0xff, 0x00, 0xff, 0x00, 0xff, 0x00, 0xff, 0x00, 0xff,
    0x00, 0xff, 0x00, 0xff, 0x00, 0xff, 0x00, 0xff, 0x00, 0xff, 0x00, 0xff,
    0x00, 0xff, 0x00, 0xff, 0x00, 0xff, 0x00, 0xff, 0x00, 0xff, 0x00, 0xff,
    0x00, 0xff, 0x00, 0xff, 0x00, 0xff, 0x00, 0xff, 0x00, 0xff, 0x00, 0xff,
    0x00, 0xff, 0x00, 0xff, 0x00, 0xff, 0x00, 0xff, 0x00, 0xff, 0x00, 0xff,
    0x00, 0xff, 0x00, 0xff, 0x00, 0xff, 0x00, 0xff, 0x00, 0xff, 0x00, 0xff,
    0x00, 0xff, 0x00, 0xff, 0x00, 0xff, 0x00, 0xff, 0x00, 0xff, 0x00, 0x00,
    0x00, 0x00, 0x00, 0x00, 0x00, 0x00, 0x00, 0x00, 0x00, 0x00, 0x00, 0x00,
    0x00, 0x00, 0x00, 0x00, 0x00, 0x00, 0x00, 0x00, 0x00, 0x00, 0x00, 0x00,
    0x00, 0x00, 0x00, 0xff, 0x00, 0xff, 0x00, 0xff, 0x00, 0xff, 0x00, 0xff,
    0x00, 0xff, 0x00, 0xff, 0x00, 0xff, 0x00, 0xff, 0x00, 0xff, 0x00, 0xff,
    0x00, 0xff, 0x00, 0xff, 0x00, 0xff, 0x00, 0xff, 0x00, 0xff, 0x00, 0xff,
    0x00, 0xff, 0x00, 0xff, 0x00, 0xff, 0x00, 0xff, 0x00, 0xff, 0x00, 0xff,
    0x00, 0xff, 0x00, 0xff, 0x00, 0xff, 0x00, 0xff, 0x00, 0xff, 0x00, 0xff,
    0x00, 0xff, 0x00, 0xff, 0x00, 0xff, 0x00, 0xff, 0x00, 0xff, 0x00, 0xff,
    0x00, 0xff, 0x00, 0xff, 0x00, 0xff, 0x00, 0xff, 0x00, 0xff, 0x00, 0xff,
    0x00, 0xff, 0x00, 0xff, 0x00, 0xff, 0x00, 0xff, 0x00, 0xff, 0x00, 0xff,
    0x00, 0xff, 0x00, 0xff, 0x00, 0xff, 0x00, 0x00, 0x00, 0x00, 0x00, 0x00,
    0x00, 0x00, 0x00, 0x00, 0x00, 0x00, 0x00, 0x00, 0x00, 0x00, 0x00, 0x00,
    0x00, 0x00, 0x00, 0x00, 0x00, 0x00, 0x00, 0x00, 0x00, 0x00, 0x00, 0xff,
    0x00, 0xff, 0x00, 0xff, 0x00, 0xff, 0x00, 0xff, 0x00, 0xff, 0x00, 0xff,
    0x00, 0xff, 0x00, 0xff, 0x00, 0xff, 0x00, 0xff, 0x00, 0xff, 0x00, 0xff,
    0x00, 0xff, 0x00, 0xff, 0x00, 0xff, 0x00, 0xff, 0x00, 0xff, 0x00, 0xff,
    0x00, 0xff, 0x00, 0xff, 0x00, 0xff, 0x00, 0xff, 0x00, 0xff, 0x00, 0xff,
    0x00, 0xff, 0x00, 0xff, 0x00, 0xff, 0x00, 0xff, 0x00, 0xff, 0x00, 0xff,
    0x00, 0xff, 0x00, 0xff, 0x00, 0xff, 0x00, 0xff, 0x00, 0xff, 0x00, 0xff,
    0x00, 0xff, 0x00, 0xff, 0x00, 0xff, 0x00, 0xff, 0x00, 0xff, 0x00, 0xff,
    0x00, 0xff, 0x00, 0xff, 0x00, 0xff, 0x00, 0xff, 0x00, 0xff, 0x00, 0xff,
    0x00, 0xff, 0x00, 0x00, 0x00, 0x00, 0x00, 0x00, 0x00, 0x00, 0x00, 0x00,
    0x00, 0x00, 0x00, 0x00, 0x00, 0x00, 0x00, 0x00, 0x00, 0x00, 0x00, 0x00,
    0x00, 0x00, 0x00, 0x00, 0x00, 0x00, 0x00, 0xff, 0x00, 0xff, 0x00, 0xff,
    0x00, 0xff, 0x00, 0xff, 0x00, 0xff, 0x00, 0xff, 0x00, 0xff, 0x00, 0xff,
    0x00, 0xff, 0x00, 0xff, 0x00, 0xff, 0x00, 0xff, 0x00, 0xff, 0x00, 0xff,
    0x00, 0xff, 0x00, 0xff, 0x00, 0xff, 0x00, 0xff, 0x00, 0xff, 0x00, 0xff,
    0x00, 0xff, 0x00, 0xff, 0x00, 0xff, 0x00, 0xff, 0x00, 0xff, 0x00, 0xff,
    0x00, 0xff, 0x00, 0xff, 0x00, 0xff, 0x00, 0xff, 0x00, 0xff, 0x00, 0xff,
    0x00, 0xff, 0x00, 0xff, 0x00, 0xff, 0x00, 0xff, 0x00, 0xff, 0x00, 0xff,
    0x00, 0xff, 0x00, 0xff, 0x00, 0xff, 0x00, 0xff, 0x00, 0xff, 0x00, 0xff,
    0x00, 0xff, 0x00, 0xff, 0x00, 0xff, 0x00, 0xff, 0x00, 0xff, 0x00, 0x00,
    0x00, 0x00, 0x00, 0x00, 0x00, 0x00, 0x00, 0x00, 0x00, 0x00, 0x00, 0x00,
    0x00, 0x00, 0x00, 0x00, 0x00, 0x00, 0x00, 0x00, 0x00, 0x00, 0x00, 0xff,
    0x00, 0xff, 0x00, 0xff, 0x00, 0xff, 0x00, 0xff, 0x00, 0xff, 0x00, 0xff,
    0x00, 0xff, 0x00, 0xff, 0x00, 0xff, 0x00, 0xff, 0x00, 0xff, 0x00, 0xff,
    0x00, 0xff, 0x00, 0xff, 0x00, 0xff, 0x00, 0xff, 0x00, 0xff, 0x00, 0xff,
    0x00, 0xff, 0x00, 0xff, 0x00, 0xff, 0x00, 0xff, 0x00, 0xff, 0x00, 0xff,
    0x00, 0xff, 0x00, 0xff, 0x00, 0xff, 0x00, 0xff, 0x00, 0xff, 0x00, 0xff,
    0x00, 0xff, 0x00, 0xff, 0x00, 0xff, 0x00, 0xff, 0x00, 0xff, 0x00, 0xff,
    0x00, 0xff, 0x00, 0xff, 0x00, 0xff, 0x00, 0xff, 0x00, 0xff, 0x00, 0xff,
    0x00, 0xff, 0x00, 0xff, 0x00, 0xff, 0x00, 0xff, 0x00, 0xff, 0x00, 0xff,
    0x00, 0xff, 0x00, 0xff, 0x00, 0xff, 0x00, 0xff, 0x00, 0xff, 0x00, 0x00,
    0x00, 0x00, 0x00, 0x00, 0x00, 0x00, 0x00, 0x00, 0x00, 0x00, 0x00, 0x00,
    0x00, 0x00, 0x00, 0x00, 0x00, 0x00, 0x00, 0x00, 0x00, 0x00, 0x00, 0xff,
    0x00, 0xff, 0x00, 0xff, 0x00, 0xff, 0x00, 0xff, 0x00, 0xff, 0x00, 0xff,
    0x00, 0xff, 0x00, 0xff, 0x00, 0xff, 0x00, 0xff, 0x00, 0xff, 0x00, 0xff,
    0x00, 0xff, 0x00, 0xff, 0x00, 0xff, 0x00, 0xff, 0x00, 0xff, 0x00, 0xff,
    0x00, 0xff, 0x00, 0xff, 0x00, 0xff, 0x00, 0xff, 0x00, 0xff, 0x00, 0xff,
    0x00, 0xff, 0x00, 0xff, 0x00, 0xff, 0x00, 0xff, 0x00, 0xff, 0x00, 0xff,
    0x00, 0xff, 0x00, 0xff, 0x00, 0xff, 0x00, 0xff, 0x00, 0xff, 0x00, 0xff,
    0x00, 0xff, 0x00, 0xff, 0x00, 0xff, 0x00, 0xff, 0x00, 0xff, 0x00, 0xff,
    0x00, 0xff, 0x00, 0xff, 0x00, 0xff, 0x00, 0xff, 0x00, 0xff, 0x00, 0xff,
    0x00, 0xff, 0x00, 0x00, 0x00, 0x00, 0x00, 0x00, 0x00, 0x00, 0x00, 0x00,
    0x00, 0x00, 0x00, 0x00, 0x00, 0x00, 0x00, 0x00, 0x00, 0x00, 0x00, 0x00,
    0x00, 0x00, 0x00, 0x00, 0x00, 0x00, 0x00, 0xff, 0x00, 0xff, 0x00, 0xff,
    0x00, 0xff, 0x00, 0xff, 0x00, 0xff, 0x00, 0xff, 0x00, 0xff, 0x00, 0xff,
    0x00, 0xff, 0x00, 0xff, 0x00, 0xff, 0x00, 0xff, 0x00, 0xff, 0x00, 0xff,
    0x00, 0xff, 0x00, 0xff, 0x00, 0xff, 0x00, 0xff, 0x00, 0xff, 0x00, 0xff,
    0x00, 0xff, 0x00, 0xff, 0x00, 0xff, 0x00, 0xff, 0x00, 0xff, 0x00, 0xff,
    0x00, 0xff, 0x00, 0xff, 0x00, 0xff, 0x00, 0xff, 0x00, 0xff, 0x00, 0xff,
    0x00, 0xff, 0x00, 0xff, 0x00, 0xff, 0x00, 0xff, 0x00, 0xff, 0x00, 0xff,
    0x00, 0xff, 0x00, 0xff, 0x00, 0xff, 0x00, 0xff, 0x00, 0xff, 0x00, 0xff,
    0x00, 0xff, 0x00, 0xff, 0x00, 0xff, 0x00, 0xff, 0x00, 0xff, 0x00, 0x00,
    0x00, 0x00, 0x00, 0x00, 0x00, 0x00, 0x00, 0x00, 0x00, 0x00, 0x00, 0x00,
    0x00, 0x00, 0x00, 0x00, 0x00, 0x00, 0x00, 0x00, 0x00, 0x00, 0x00, 0x00,
    0x00, 0x00, 0x00, 0xff, 0x00, 0xff, 0x00, 0xff, 0x00, 0xff, 0x00, 0xff,
    0x00, 0xff, 0x00, 0xff, 0x00, 0xff, 0x00, 0xff, 0x00, 0xff, 0x00, 0xff,
    0x00, 0xff, 0x00, 0xff, 0x00, 0xff, 0x00, 0xff, 0x00, 0xff, 0x00, 0xff,
    0x00, 0xff, 0x00, 0xff, 0x00, 0xff, 0x00, 0xff, 0x00, 0xff, 0x00, 0xff,
    0x00, 0xff, 0x00, 0xff, 0x00, 0xff, 0x00, 0xff, 0x00, 0xff, 0x00, 0xff,
    0x00, 0xff, 0x00, 0xff, 0x00, 0xff, 0x00, 0xff, 0x00, 0xff, 0x00, 0xff,
    0x00, 0xff, 0x00, 0xff, 0x00, 0xff, 0x00, 0xff, 0x00, 0xff, 0x00, 0xff,
    0x00, 0xff, 0x00, 0xff, 0x00, 0xff, 0x00, 0xff, 0x00, 0xff, 0x00, 0xff,
    0x00, 0xff, 0x00, 0xff, 0x00, 0xff, 0x00, 0x00, 0x00, 0x00, 0x00, 0x00,
    0x00, 0x00, 0x00, 0x00, 0x00, 0x00, 0x00, 0x00, 0x00, 0x00, 0x00, 0x00,
    0x00, 0x00, 0x00, 0x00, 0x00, 0x00, 0x00, 0x00, 0x00, 0x00, 0x00, 0xff,
    0x00, 0xff, 0x00, 0xff, 0x00, 0xff, 0x00, 0xff, 0x00, 0xff, 0x00, 0xff,
    0x00, 0xff, 0x00, 0xff, 0x00, 0xff, 0x00, 0xff, 0x00, 0xff, 0x00, 0xff,
    0x00, 0xff, 0x00, 0xff, 0x00, 0xff, 0x00, 0xff, 0x00, 0xff, 0x00, 0xff,
    0x00, 0xff, 0x00, 0xff, 0x00, 0xff, 0x00, 0xff, 0x00, 0xff, 0x00, 0xff,
    0x00, 0xff, 0x00, 0xff, 0x00, 0xff, 0x00, 0xff, 0x00, 0xff, 0x00, 0xff,
    0x00, 0xff, 0x00, 0xff, 0x00, 0xff, 0x00, 0xff, 0x00, 0xff, 0x00, 0xff,
    0x00, 0xff, 0x00, 0xff, 0x00, 0xff, 0x00, 0xff, 0x00, 0xff, 0x00, 0xff,
    0x00, 0xff, 0x00, 0xff, 0x00, 0xff, 0x00, 0xff, 0x00, 0xff, 0x00, 0xff,
    0x00, 0xff, 0x00, 0x00, 0x00, 0x00, 0x00, 0x00, 0x00, 0x00, 0x00, 0x00,
    0x00, 0x00, 0x00, 0x00, 0x00, 0x00, 0x00, 0x00, 0x00, 0x00, 0x00, 0x00,
    0x00, 0x00, 0x00, 0x00, 0x00, 0x00, 0x00, 0xff, 0x00, 0xff, 0x00, 0xff,
    0x00, 0xff, 0x00, 0xff, 0x00, 0xff, 0x00, 0xff, 0x00, 0xff, 0x00, 0xff,
    0x00, 0xff, 0x00, 0xff, 0x00, 0xff, 0x00, 0xff, 0x00, 0xff, 0x00, 0xff,
    0x00, 0xff, 0x00, 0xff, 0x00, 0xff, 0x00, 0xff, 0x00, 0xff, 0x00, 0xff,
    0x00, 0xff, 0x00, 0xff, 0x00, 0xff, 0x00, 0xff, 0x00, 0xff, 0x00, 0xff,
    0x00, 0xff, 0x00, 0xff, 0x00, 0xff, 0x00, 0xff, 0x00, 0xff, 0x00, 0xff,
    0x00, 0xff, 0x00, 0xff, 0x00, 0xff, 0x00, 0xff, 0x00, 0xff, 0x00, 0xff,
    0x00, 0xff, 0x00, 0xff, 0x00, 0xff, 0x00, 0xff, 0x00, 0xff, 0x00, 0xff,
    0x00, 0xff, 0x00, 0xff, 0x00, 0xff, 0x00, 0xff, 0x00, 0xff, 0x00, 0x00,
    0x00, 0x00, 0x00, 0x00, 0x00, 0x00, 0x00, 0x00, 0x00, 0x00, 0x00, 0x00,
    0x00, 0x00, 0x00, 0x00, 0x00, 0x00, 0x00, 0x00, 0x00, 0x00, 0x00, 0x00,
    0x00, 0x00, 0x00, 0x00, 0x00, 0x00, 0x00, 0xff, 0x00, 0xff, 0x00, 0xff,
    0x00, 0xff, 0x00, 0xff, 0x00, 0xff, 0x00, 0xff, 0x00, 0xff, 0x00, 0xff,
    0x00, 0xff, 0x00, 0xff, 0x00, 0xff, 0x00, 0xff, 0x00, 0xff, 0x00, 0xff,
    0x00, 0xff, 0x00, 0xff, 0x00, 0xff, 0x00, 0xff, 0x00, 0xff, 0x00, 0xff,
    0x00, 0xff, 0x00, 0xff, 0x00, 0xff, 0x00, 0xff, 0x00, 0xff, 0x00, 0xff,
    0x00, 0xff, 0x00, 0xff, 0x00, 0xff, 0x00, 0xff, 0x00, 0xff, 0x00, 0xff,
    0x00, 0xff, 0x00, 0xff, 0x00, 0xff, 0x00, 0xff, 0x00, 0xff, 0x00, 0xff,
    0x00, 0xff, 0x00, 0xff, 0x00, 0xff, 0x00, 0xff, 0x00, 0xff, 0x00, 0xff,
    0x00, 0xff, 0x00, 0x00, 0x00, 0x00, 0x00, 0x00, 0x00, 0x00, 0x00, 0x00,
    0x00, 0x00, 0x00, 0x00, 0x00, 0x00, 0x00, 0x00, 0x00, 0x00, 0x00, 0x00,
    0x00, 0x00, 0x00, 0x00, 0x00, 0x00, 0x00, 0x00, 0x00, 0x00, 0x00, 0x00,
    0x00, 0x00, 0x00, 0x00, 0x00, 0x00, 0x00, 0xff, 0x00, 0xff, 0x00, 0xff,
    0x00, 0xff, 0x00, 0xff, 0x00, 0xff, 0x00, 0xff, 0x00, 0xff, 0x00, 0xff,
    0x00, 0xff, 0x00, 0xff, 0x00, 0xff, 0x00, 0xff, 0x00, 0xff, 0x00, 0xff,
    0x00, 0xff, 0x00, 0xff, 0x00, 0xff, 0x00, 0xff, 0x00, 0xff, 0x00, 0xff,
    0x00, 0xff, 0x00, 0xff, 0x00, 0xff, 0x00, 0xff, 0x00, 0xff, 0x00, 0xff,
    0x00, 0xff, 0x00, 0xff, 0x00, 0xff, 0x00, 0xff, 0x00, 0xff, 0x00, 0xff,
    0x00, 0xff, 0x00, 0xff, 0x00, 0xff, 0x00, 0xff, 0x00, 0xff, 0x00, 0xff,
    0x00, 0xff, 0x00, 0xff, 0x00, 0xff, 0x00, 0x00, 0x00, 0x00, 0x00, 0x00,
    0x00, 0x00, 0x00, 0x00, 0x00, 0x00, 0x00, 0x00, 0x00, 0x00, 0x00, 0x00,
    0x00, 0x00, 0x00, 0x00, 0x00, 0x00, 0x00, 0x00, 0x00, 0x00, 0x00, 0x00,
    0x00, 0x00, 0x00, 0x00, 0x00, 0x00, 0x00, 0x00, 0x00, 0x00, 0x00, 0x00,
    0x00, 0x00, 0x00, 0xff, 0x00, 0xff, 0x00, 0xff, 0x00, 0xff, 0x00, 0xff,
    0x00, 0xff, 0x00, 0xff, 0x00, 0xff, 0x00, 0xff, 0x00, 0xff, 0x00, 0xff,
    0x00, 0xff, 0x00, 0xff, 0x00, 0xff, 0x00, 0xff, 0x00, 0xff, 0x00, 0xff,
    0x00, 0xff, 0x00, 0xff, 0x00, 0xff, 0x00, 0xff, 0x00, 0xff, 0x00, 0xff,
    0x00, 0xff, 0x00, 0xff, 0x00, 0xff, 0x00, 0xff, 0x00, 0xff, 0x00, 0xff,
    0x00, 0xff, 0x00, 0xff, 0x00, 0xff, 0x00, 0xff, 0x00, 0xff, 0x00, 0xff,
    0x00, 0xff, 0x00, 0xff, 0x00, 0xff, 0x00, 0xff, 0x00, 0xff, 0x00, 0xff,
    0x00, 0xff, 0x00, 0x00, 0x00, 0x00, 0x00, 0x00, 0x00, 0x00, 0x00, 0x00,
    0x00, 0x00, 0x00, 0x00, 0x00, 0x00, 0x00, 0x00, 0x00, 0x00, 0x00, 0x00,
    0x00, 0x00, 0x00, 0x00, 0x00, 0x00, 0x00, 0x00, 0x00, 0x00, 0x00, 0x00,
    0x00, 0x00, 0x00, 0x00, 0x00, 0x00, 0x00, 0x00, 0x00, 0x00, 0x00, 0x00,
    0x00, 0x00, 0x00, 0xff, 0x00, 0xff, 0x00, 0xff, 0x00, 0xff, 0x00, 0xff,
    0x00, 0xff, 0x00, 0xff, 0x00, 0xff, 0x00, 0xff, 0x00, 0xff, 0x00, 0xff,
    0x00, 0xff, 0x00, 0xff, 0x00, 0xff, 0x00, 0xff, 0x00, 0xff, 0x00, 0xff,
    0x00, 0xff, 0x00, 0xff, 0x00, 0xff, 0x00, 0xff, 0x00, 0xff, 0x00, 0xff,
    0x00, 0xff, 0x00, 0xff, 0x00, 0xff, 0x00, 0xff, 0x00, 0xff, 0x00, 0xff,
    0x00, 0xff, 0x00, 0xff, 0x00, 0xff, 0x00, 0xff, 0x00, 0xff, 0x00, 0xff,
    0x00, 0xff, 0x00, 0xff, 0x00, 0xff, 0x00, 0x00, 0x00, 0x00, 0x00, 0x00,
    0x00, 0x00, 0x00, 0x00, 0x00, 0x00, 0x00, 0x00, 0x00, 0x00, 0x00, 0x00,
    0x00, 0x00, 0x00, 0x00, 0x00, 0x00, 0x00, 0x00, 0x00, 0x00, 0x00, 0x00,
    0x00, 0x00, 0x00, 0x00, 0x00, 0x00, 0x00, 0x00, 0x00, 0x00, 0x00, 0x00,
    0x00, 0x00, 0x00, 0x00, 0x00, 0x00, 0x00, 0x00, 0x00, 0x00, 0x00, 0x00,
    0x00, 0x00, 0x00, 0xff, 0x00, 0xff, 0x00, 0xff, 0x00, 0xff, 0x00, 0xff,
    0x00, 0xff, 0x00, 0xff, 0x00, 0xff, 0x00, 0xff, 0x00, 0xff, 0x00, 0xff,
    0x00, 0xff, 0x00, 0xff, 0x00, 0xff, 0x00, 0xff, 0x00, 0xff, 0x00, 0xff,
    0x00, 0xff, 0x00, 0xff, 0x00, 0xff, 0x00, 0xff, 0x00, 0xff, 0x00, 0xff,
    0x00, 0xff, 0x00, 0xff, 0x00, 0xff, 0x00, 0xff, 0x00, 0xff, 0x00, 0xff,
    0x00, 0xff, 0x00, 0xff, 0x00, 0xff, 0x00, 0xff, 0x00, 0xff, 0x00, 0x00,
    0x00, 0x00, 0x00, 0x00, 0x00, 0x00, 0x00, 0x00, 0x00, 0x00, 0x00, 0x00,
    0x00, 0x00, 0x00, 0x00, 0x00, 0x00, 0x00, 0x00, 0x00, 0x00, 0x00, 0x00,
    0x00, 0x00, 0x00, 0x00, 0x00, 0x00, 0x00, 0x00, 0x00, 0x00, 0x00, 0x00,
    0x00, 0x00, 0x00, 0x00, 0x00, 0x00, 0x00, 0x00, 0x00, 0x00, 0x00, 0x00,
    0x00, 0x00, 0x00, 0x00, 0x00, 0x00, 0x00, 0x00, 0x00, 0x00, 0x00, 0x00,
    0x00, 0x00, 0x00, 0x00, 0x00, 0x00, 0x00, 0xff, 0x00, 0xff, 0x00, 0xff,
    0x00, 0xff, 0x00, 0xff, 0x00, 0xff, 0x00, 0xff, 0x00, 0xff, 0x00, 0xff,
    0x00, 0xff, 0x00, 0xff, 0x00, 0xff, 0x00, 0xff, 0x00, 0xff, 0x00, 0xff,
    0x00, 0xff, 0x00, 0xff, 0x00, 0xff, 0x00, 0xff, 0x00, 0xff, 0x00, 0xff,
    0x00, 0xff, 0x00, 0xff, 0x00, 0xff, 0x00, 0xff, 0x00, 0xff, 0x00, 0x00,
    0x00, 0x00, 0x00, 0x00, 0x00, 0x00, 0x00, 0x00, 0x00, 0x00, 0x00, 0x00,
    0x00, 0x00, 0x00, 0x00, 0x00, 0x00, 0x00, 0x00, 0x00, 0x00, 0x00, 0x00,
    0x00, 0x00, 0x00, 0x00, 0x00, 0x00, 0x00, 0x00, 0x00, 0x00, 0x00, 0x00,
    0x00, 0x00, 0x00, 0x00, 0x00, 0x00, 0x00, 0x00, 0x00, 0x00, 0x00, 0x00,
    0x00, 0x00, 0x00, 0x00, 0x00, 0x00, 0x00, 0x00, 0x00, 0x00, 0x00, 0x00,
    0x00, 0x00, 0x00, 0x00, 0x00, 0x00, 0x00, 0x00, 0x00, 0x00, 0x00, 0x00,
    0x00, 0x00, 0x00, 0x00, 0x00, 0x00, 0x00, 0xff, 0x00, 0xff, 0x00, 0xff,
    0x00, 0xff, 0x00, 0xff, 0x00, 0xff, 0x00, 0xff, 0x00, 0xff, 0x00, 0xff,
    0x00, 0xff, 0x00, 0xff, 0x00, 0xff, 0x00, 0xff, 0x00, 0xff, 0x00, 0xff,
    0x00, 0xff, 0x00, 0xff, 0x00, 0xff, 0x00, 0xff, 0x00, 0xff, 0x00, 0xff,
    0x00, 0xff, 0x00, 0x00, 0x00, 0x00, 0x00, 0x00, 0x00, 0x00, 0x00, 0x00,
    0x00, 0x00, 0x00, 0x00, 0x00, 0x00, 0x00, 0x00, 0x00, 0x00, 0x00, 0x00,
    0x00, 0x00, 0x00, 0x00, 0x00, 0x00, 0x00, 0x00, 0x00, 0x00, 0x00, 0x00,
    0x00, 0x00, 0x00, 0x00, 0x00, 0x00, 0x00, 0x00, 0x00, 0x00, 0x00, 0x00,
    0x00, 0x00, 0x00, 0x00, 0x00, 0x00, 0x00, 0x00, 0x00, 0x00, 0x00, 0x00,
    0x00, 0x00, 0x00, 0x00, 0x00, 0x00, 0x00, 0x00, 0x00, 0x00, 0x00, 0x00,
    0x00, 0x00, 0x00, 0x00, 0x00, 0x00, 0x00, 0x00, 0x00, 0x00, 0x00, 0x00,
    0x00, 0x00, 0x00, 0x00, 0x00, 0x00, 0x00, 0x00, 0x00, 0x00, 0x00, 0x00,
    0x00, 0x00, 0x00, 0x00, 0x00, 0x00, 0x00, 0x00, 0x00, 0x00, 0x00, 0xff,
    0x00, 0xff, 0x00, 0x00, 0x00, 0x00, 0x00, 0x00, 0x00, 0x00, 0x00, 0x00,
    0x00, 0x00, 0x00, 0x00, 0x00, 0x00, 0x00, 0x00, 0x00, 0x00, 0x00, 0x00,
    0x00, 0x00, 0x00, 0x00, 0x00, 0x00, 0x00, 0x00, 0x00, 0x00, 0x00, 0x00,
    0x00, 0x00, 0x00, 0x00, 0x00, 0x00, 0x00, 0x00, 0x00, 0x00, 0x00, 0x00,
    0x00, 0x00, 0x00, 0x00, 0x00, 0x00, 0x00, 0x00, 0x00, 0x00, 0x00, 0x00,
    0x00, 0x00, 0x00, 0x00, 0x00, 0x00, 0x00, 0x00, 0x00, 0x00, 0x00, 0x00,
    0x00, 0x00, 0x00, 0x00, 0x00, 0x00, 0x00, 0x00, 0x00, 0x00, 0x00, 0x00,
    0x00, 0x00, 0x00, 0x00, 0x00, 0x00, 0x00, 0x00, 0x00, 0x00, 0x00, 0x00,
    0x00, 0x00, 0x00, 0x00, 0x00, 0x00, 0x00, 0x00, 0x00, 0x00, 0x00, 0x00,
    0x00, 0x00, 0x00, 0x00, 0x00, 0x00, 0x00, 0x00, 0x00, 0x00, 0x00, 0x00,
    0x00, 0x00, 0x00, 0x00, 0x00, 0x00, 0x00, 0x00, 0x00, 0x00, 0x00, 0x00,
    0x00, 0x00, 0x00, 0x00, 0x00, 0x00, 0x00, 0x00, 0x00, 0x00, 0x00, 0x00,
    0x00, 0x00, 0x00, 0x00, 0x00, 0x00, 0x00, 0x00, 0x00, 0x00, 0x00, 0x00,
    0x00, 0x00, 0x00, 0x00, 0x00, 0x00, 0x00, 0x00, 0x00, 0x00, 0x00, 0x00,
    0x00, 0x00, 0x00, 0x00, 0x00, 0x00, 0x00, 0x00, 0x00, 0x00, 0x00, 0x00,
    0x00, 0x00, 0x00, 0x00, 0x00, 0x00, 0x00, 0x00, 0x00, 0x00, 0x00, 0x00,
    0x00, 0x00, 0x00, 0x00, 0x00, 0x00, 0x00, 0x00, 0x00, 0x00, 0x00, 0x00,
    0x00, 0x00, 0x00, 0x00, 0x00, 0x00, 0x00, 0x00, 0x00, 0x00, 0x00, 0x00,
    0x00, 0x00, 0x00, 0x00, 0x00, 0x00, 0x00, 0x00, 0x00, 0x00, 0x00, 0x00,
    0x00, 0x00, 0x00, 0x00, 0x00, 0x00, 0x00, 0x00, 0x00, 0x00, 0x00, 0x00,
    0x00, 0x00, 0x00, 0x00, 0x00, 0x00, 0x00, 0x00, 0x00, 0x00, 0x00, 0x00,
    0x00, 0x00, 0x00, 0x00, 0x00, 0x00, 0x00, 0x00, 0x00, 0x00, 0x00, 0x00,
    0x00, 0x00, 0x00, 0x00, 0x00, 0x00, 0x00, 0x00, 0x00, 0x00, 0x00, 0x00,
    0x00, 0x00, 0x00, 0x00, 0x00, 0x00, 0x00, 0x00, 0x00, 0x00, 0x00, 0x00,
    0x00, 0x00, 0x00, 0x00, 0x00, 0x00, 0x00, 0x00, 0x00, 0x00, 0x00, 0x00,
    0x00, 0x00, 0x00, 0x00, 0x00, 0x00, 0x00, 0x00, 0x00, 0x00, 0x00, 0x00,
    0x00, 0x00, 0x00, 0x00, 0x00, 0x00, 0x00, 0x00, 0x00, 0x00, 0x00, 0x00,
    0x00, 0x00, 0x00, 0x00, 0x00, 0x00, 0x00, 0x00, 0x00, 0x00, 0x00, 0x00,
    0x00, 0x00, 0x00, 0x00, 0x00, 0x00, 0x00, 0x00, 0x00, 0x00, 0x00, 0x00,
    0x00, 0x00, 0x00, 0x00, 0x00, 0x00, 0x00, 0x00, 0x00, 0x00, 0x00, 0x00,
    0x00, 0x00, 0x00, 0x00, 0x00, 0x00, 0x00, 0x00, 0x00, 0x00, 0x00, 0x00,
    0x00, 0x00, 0x00, 0x00, 0x00, 0x00, 0x00, 0x00, 0x00, 0x00, 0x00, 0x00,
    0x00, 0x00, 0x00, 0x00, 0x00, 0x00, 0x00, 0x00, 0x00, 0x00, 0x00, 0x00,
    0x00, 0x00, 0x00, 0x00, 0x00, 0x00, 0x00, 0x00, 0x00, 0x00, 0x00, 0x00,
    0x00, 0x00, 0x00, 0x00, 0x00, 0x00, 0x00, 0x00, 0x00, 0x00, 0x00, 0x00,
    0x00, 0x00, 0x00, 0x00, 0x00, 0x00, 0x00, 0x00, 0x00, 0x00, 0x00, 0x00,
    0x00, 0x00, 0x00, 0x00, 0x00, 0x00, 0x00, 0x00, 0x00, 0x00, 0x00, 0x00,
    0x00, 0x00, 0x00, 0x00, 0x00, 0x00, 0x00, 0x00, 0x00, 0x00, 0x00, 0x00,
    0x00, 0x00, 0x00, 0x00, 0x00, 0x00, 0x00, 0x00, 0x00, 0x00, 0x00, 0x00,
    0x00, 0x00, 0x00, 0x00, 0x00, 0x00, 0x00, 0x00, 0x00, 0x00, 0x00, 0x00,
    0x00, 0x00, 0x00, 0x00, 0x00, 0x00, 0x00, 0x00, 0x00, 0x00, 0x00, 0x00,
    0x00, 0x00, 0x00, 0x00, 0x00, 0x00, 0x00, 0x00, 0x00, 0x00, 0x00, 0x00,
    0x00, 0x00, 0x00, 0x00, 0x00, 0x00, 0x00, 0x00, 0x00, 0x00, 0x00, 0x00,
    0x00, 0x00, 0x00, 0x00, 0x00, 0x00, 0x00, 0x00, 0x00, 0x00, 0x00, 0x00,
    0x00, 0x00, 0x00, 0x00, 0x00, 0x00, 0x00, 0x00, 0x00, 0x00, 0x00, 0x00,
    0x00, 0x00, 0x00, 0x00, 0x00, 0x00, 0x00, 0x00, 0x00, 0x00, 0x00, 0x00,
    0x00, 0x00, 0x00, 0x00, 0x00, 0x00, 0x00, 0x00, 0x00, 0x00, 0x00, 0x00,
    0x00, 0x00, 0x00, 0x00, 0x00, 0x00, 0x00, 0x00, 0x00, 0x00, 0x00, 0x00,
    0x00, 0x00,
};

const struct embedded_file {
    const char *name;
    const unsigned char *data;
    unsigned int size;
} embedded_data[] = {
    { "demo.ico", data_demo_ico, sizeof(data_demo_ico) },
    { 0, 0, 0 }
};
